2026-04-23 09:00:36.040 INFO  [] o.h.validator.internal.util.Version - HV000001: Hibernate Validator 8.0.2.Final
2026-04-23 09:00:36.121 INFO  [] c.t.apiserver.ApiServerApplication - Starting ApiServerApplication using Java 17.0.18 with PID 32000 (C:\Users\jangs\IdeaProjects\LocalGuest\backend\api-server\build\classes\java\main started by jangs in C:\Users\jangs\IdeaProjects\LocalGuest)
2026-04-23 09:00:36.121 INFO  [] c.t.apiserver.ApiServerApplication - The following 1 profile is active: "local"
2026-04-23 09:00:39.184 INFO  [] o.s.d.r.c.RepositoryConfigurationDelegate - Multiple Spring Data modules found, entering strict repository configuration mode
2026-04-23 09:00:39.186 INFO  [] o.s.d.r.c.RepositoryConfigurationDelegate - Bootstrapping Spring Data JPA repositories in DEFAULT mode.
2026-04-23 09:00:39.430 INFO  [] o.s.d.r.c.RepositoryConfigurationDelegate - Finished Spring Data repository scanning in 232 ms. Found 13 JPA repository interfaces.
2026-04-23 09:00:39.432 INFO  [] o.s.d.r.c.RepositoryConfigurationDelegate - Multiple Spring Data modules found, entering strict repository configuration mode
2026-04-23 09:00:39.432 INFO  [] o.s.d.r.c.RepositoryConfigurationDelegate - Bootstrapping Spring Data MongoDB repositories in DEFAULT mode.
2026-04-23 09:00:39.439 INFO  [] o.s.d.r.c.RepositoryConfigurationDelegate - Finished Spring Data repository scanning in 5 ms. Found 1 MongoDB repository interface.
2026-04-23 09:00:40.237 INFO  [] o.s.d.r.c.RepositoryConfigurationDelegate - Multiple Spring Data modules found, entering strict repository configuration mode
2026-04-23 09:00:40.240 INFO  [] o.s.d.r.c.RepositoryConfigurationDelegate - Bootstrapping Spring Data Redis repositories in DEFAULT mode.
2026-04-23 09:00:40.264 INFO  [] o.s.d.r.c.RepositoryConfigurationDelegate - Finished Spring Data repository scanning in 10 ms. Found 0 Redis repository interfaces.
2026-04-23 09:00:40.498 WARN  [] o.m.s.mapper.ClassPathMapperScanner - No MyBatis mapper was found in '[com.team6.apiserver]' package. Please check your configuration.
2026-04-23 09:00:42.723 INFO  [] o.s.b.w.e.tomcat.TomcatWebServer - Tomcat initialized with port 8080 (http)
2026-04-23 09:00:42.758 INFO  [] o.a.coyote.http11.Http11NioProtocol - Initializing ProtocolHandler ["http-nio-8080"]
2026-04-23 09:00:42.764 INFO  [] o.a.catalina.core.StandardService - Starting service [Tomcat]
2026-04-23 09:00:42.764 INFO  [] o.a.catalina.core.StandardEngine - Starting Servlet engine: [Apache Tomcat/10.1.40]
2026-04-23 09:00:42.953 INFO  [] o.a.c.c.C.[.[localhost].[/api] - Initializing Spring embedded WebApplicationContext
2026-04-23 09:00:42.954 INFO  [] o.s.b.w.s.c.ServletWebServerApplicationContext - Root WebApplicationContext: initialization completed in 6766 ms
2026-04-23 09:00:43.472 INFO  [] o.h.jpa.internal.util.LogHelper - HHH000204: Processing PersistenceUnitInfo [name: default]
2026-04-23 09:00:43.613 INFO  [] org.hibernate.Version - HHH000412: Hibernate ORM core version 6.6.13.Final
2026-04-23 09:00:43.682 INFO  [] o.h.c.i.RegionFactoryInitiator - HHH000026: Second-level cache disabled
2026-04-23 09:00:44.246 INFO  [] o.s.o.j.p.SpringPersistenceUnitInfo - No LoadTimeWeaver setup: ignoring JPA class transformer
2026-04-23 09:00:44.304 INFO  [] com.zaxxer.hikari.HikariDataSource - HikariPool-1 - Starting...
2026-04-23 09:00:44.722 INFO  [] com.zaxxer.hikari.pool.HikariPool - HikariPool-1 - Added connection com.mysql.cj.jdbc.ConnectionImpl@67062a93
2026-04-23 09:00:44.726 INFO  [] com.zaxxer.hikari.HikariDataSource - HikariPool-1 - Start completed.
2026-04-23 09:00:44.810 WARN  [] org.hibernate.orm.deprecation - HHH90000025: MySQLDialect does not need to be specified explicitly using 'hibernate.dialect' (remove the property setting and it will be selected by default)
2026-04-23 09:00:44.839 INFO  [] o.hibernate.orm.connections.pooling - HHH10001005: Database info:
	Database JDBC URL [Connecting through datasource 'HikariDataSource (HikariPool-1)']
	Database driver: undefined/unknown
	Database version: 8.0.44
	Autocommit mode: undefined/unknown
	Isolation level: undefined/unknown
	Minimum pool size: undefined/unknown
	Maximum pool size: undefined/unknown
2026-04-23 09:00:47.146 INFO  [] o.h.e.t.j.p.i.JtaPlatformInitiator - HHH000489: No JTA platform available (set 'hibernate.transaction.jta.platform' to enable JTA platform integration)
2026-04-23 09:00:47.172 DEBUG [] org.hibernate.SQL - 
    alter table chat_participants 
       drop 
       foreign key FKk0pkxdxk2whcy4j9lovmexvkq
2026-04-23 09:00:47.190 DEBUG [] org.hibernate.SQL - 
    alter table guide_careers 
       drop 
       foreign key fk_guide_careers_guide
2026-04-23 09:00:47.202 DEBUG [] org.hibernate.SQL - 
    alter table guide_feeds 
       drop 
       foreign key FKl5ncbecyap26kipe8hbrrv259
2026-04-23 09:00:47.212 DEBUG [] org.hibernate.SQL - 
    alter table guide_images 
       drop 
       foreign key fk_guide_images_guide
2026-04-23 09:00:47.222 DEBUG [] org.hibernate.SQL - 
    alter table guide_schedules 
       drop 
       foreign key FK9a3cimgvlpika296h0fkluqbl
2026-04-23 09:00:47.232 DEBUG [] org.hibernate.SQL - 
    alter table payment 
       drop 
       foreign key fk_payment_match_req
2026-04-23 09:00:47.247 DEBUG [] org.hibernate.SQL - 
    alter table refund 
       drop 
       foreign key fk_refund_payment
2026-04-23 09:00:47.256 DEBUG [] org.hibernate.SQL - 
    alter table review 
       drop 
       foreign key FKk0ccx5i4ci2wd70vegug074w1
2026-04-23 09:00:47.266 DEBUG [] org.hibernate.SQL - 
    alter table tour_extension 
       drop 
       foreign key fk_extension_match_req
2026-04-23 09:00:47.276 DEBUG [] org.hibernate.SQL - 
    drop table if exists chat_participants
2026-04-23 09:00:47.291 DEBUG [] org.hibernate.SQL - 
    drop table if exists chat_rooms
2026-04-23 09:00:47.305 DEBUG [] org.hibernate.SQL - 
    drop table if exists guide_careers
2026-04-23 09:00:47.320 DEBUG [] org.hibernate.SQL - 
    drop table if exists guide_feeds
2026-04-23 09:00:47.337 DEBUG [] org.hibernate.SQL - 
    drop table if exists guide_images
2026-04-23 09:00:47.353 DEBUG [] org.hibernate.SQL - 
    drop table if exists guide_profiles
2026-04-23 09:00:47.371 DEBUG [] org.hibernate.SQL - 
    drop table if exists guide_schedules
2026-04-23 09:00:47.386 DEBUG [] org.hibernate.SQL - 
    drop table if exists match_request
2026-04-23 09:00:47.404 DEBUG [] org.hibernate.SQL - 
    drop table if exists member
2026-04-23 09:00:47.433 WARN  [] o.h.t.s.i.ExceptionHandlerLoggedImpl - GenerationTarget encountered exception accepting command : Error executing DDL "
    drop table if exists member" via JDBC [Cannot drop table 'member' referenced by a foreign key constraint 'FKsn2texaayj22xqa2s7fj0swkm' on table 'guest_profile'.]
org.hibernate.tool.schema.spi.CommandAcceptanceException: Error executing DDL "
    drop table if exists member" via JDBC [Cannot drop table 'member' referenced by a foreign key constraint 'FKsn2texaayj22xqa2s7fj0swkm' on table 'guest_profile'.]
	at org.hibernate.tool.schema.internal.exec.GenerationTargetToDatabase.accept(GenerationTargetToDatabase.java:94)
	at org.hibernate.tool.schema.internal.Helper.applySqlString(Helper.java:233)
	at org.hibernate.tool.schema.internal.Helper.applySqlStrings(Helper.java:217)
	at org.hibernate.tool.schema.internal.SchemaDropperImpl.dropTables(SchemaDropperImpl.java:384)
	at org.hibernate.tool.schema.internal.SchemaDropperImpl.dropConstraintsTablesSequences(SchemaDropperImpl.java:256)
	at org.hibernate.tool.schema.internal.SchemaDropperImpl.dropFromMetadata(SchemaDropperImpl.java:218)
	at org.hibernate.tool.schema.internal.SchemaDropperImpl.performDrop(SchemaDropperImpl.java:186)
	at org.hibernate.tool.schema.internal.SchemaDropperImpl.doDrop(SchemaDropperImpl.java:156)
	at org.hibernate.tool.schema.internal.SchemaDropperImpl.doDrop(SchemaDropperImpl.java:116)
	at org.hibernate.tool.schema.spi.SchemaManagementToolCoordinator.performDatabaseAction(SchemaManagementToolCoordinator.java:238)
	at org.hibernate.tool.schema.spi.SchemaManagementToolCoordinator.lambda$process$5(SchemaManagementToolCoordinator.java:144)
	at java.base/java.util.HashMap.forEach(HashMap.java:1421)
	at org.hibernate.tool.schema.spi.SchemaManagementToolCoordinator.process(SchemaManagementToolCoordinator.java:141)
	at org.hibernate.boot.internal.SessionFactoryObserverForSchemaExport.sessionFactoryCreated(SessionFactoryObserverForSchemaExport.java:37)
	at org.hibernate.internal.SessionFactoryObserverChain.sessionFactoryCreated(SessionFactoryObserverChain.java:35)
	at org.hibernate.internal.SessionFactoryImpl.<init>(SessionFactoryImpl.java:324)
	at org.hibernate.boot.internal.SessionFactoryBuilderImpl.build(SessionFactoryBuilderImpl.java:463)
	at org.hibernate.jpa.boot.internal.EntityManagerFactoryBuilderImpl.build(EntityManagerFactoryBuilderImpl.java:1517)
	at org.springframework.orm.jpa.vendor.SpringHibernateJpaPersistenceProvider.createContainerEntityManagerFactory(SpringHibernateJpaPersistenceProvider.java:66)
	at org.springframework.orm.jpa.LocalContainerEntityManagerFactoryBean.createNativeEntityManagerFactory(LocalContainerEntityManagerFactoryBean.java:390)
	at org.springframework.orm.jpa.AbstractEntityManagerFactoryBean.buildNativeEntityManagerFactory(AbstractEntityManagerFactoryBean.java:419)
	at org.springframework.orm.jpa.AbstractEntityManagerFactoryBean.afterPropertiesSet(AbstractEntityManagerFactoryBean.java:400)
	at org.springframework.orm.jpa.LocalContainerEntityManagerFactoryBean.afterPropertiesSet(LocalContainerEntityManagerFactoryBean.java:366)
	at org.springframework.beans.factory.support.AbstractAutowireCapableBeanFactory.invokeInitMethods(AbstractAutowireCapableBeanFactory.java:1865)
	at org.springframework.beans.factory.support.AbstractAutowireCapableBeanFactory.initializeBean(AbstractAutowireCapableBeanFactory.java:1814)
	at org.springframework.beans.factory.support.AbstractAutowireCapableBeanFactory.doCreateBean(AbstractAutowireCapableBeanFactory.java:607)
	at org.springframework.beans.factory.support.AbstractAutowireCapableBeanFactory.createBean(AbstractAutowireCapableBeanFactory.java:529)
	at org.springframework.beans.factory.support.AbstractBeanFactory.lambda$doGetBean$0(AbstractBeanFactory.java:339)
	at org.springframework.beans.factory.support.DefaultSingletonBeanRegistry.getSingleton(DefaultSingletonBeanRegistry.java:371)
	at org.springframework.beans.factory.support.AbstractBeanFactory.doGetBean(AbstractBeanFactory.java:337)
	at org.springframework.beans.factory.support.AbstractBeanFactory.getBean(AbstractBeanFactory.java:207)
	at org.springframework.context.support.AbstractApplicationContext.finishBeanFactoryInitialization(AbstractApplicationContext.java:970)
	at org.springframework.context.support.AbstractApplicationContext.refresh(AbstractApplicationContext.java:627)
	at org.springframework.boot.web.servlet.context.ServletWebServerApplicationContext.refresh(ServletWebServerApplicationContext.java:146)
	at org.springframework.boot.SpringApplication.refresh(SpringApplication.java:753)
	at org.springframework.boot.SpringApplication.refreshContext(SpringApplication.java:439)
	at org.springframework.boot.SpringApplication.run(SpringApplication.java:318)
	at org.springframework.boot.SpringApplication.run(SpringApplication.java:1362)
	at org.springframework.boot.SpringApplication.run(SpringApplication.java:1351)
	at com.team6.apiserver.ApiServerApplication.main(ApiServerApplication.java:31)
Caused by: java.sql.SQLException: Cannot drop table 'member' referenced by a foreign key constraint 'FKsn2texaayj22xqa2s7fj0swkm' on table 'guest_profile'.
	at com.mysql.cj.jdbc.exceptions.SQLError.createSQLException(SQLError.java:121)
	at com.mysql.cj.jdbc.exceptions.SQLExceptionsMapping.translateException(SQLExceptionsMapping.java:114)
	at com.mysql.cj.jdbc.StatementImpl.executeInternal(StatementImpl.java:837)
	at com.mysql.cj.jdbc.StatementImpl.execute(StatementImpl.java:685)
	at com.zaxxer.hikari.pool.ProxyStatement.execute(ProxyStatement.java:94)
	at com.zaxxer.hikari.pool.HikariProxyStatement.execute(HikariProxyStatement.java)
	at org.hibernate.tool.schema.internal.exec.GenerationTargetToDatabase.accept(GenerationTargetToDatabase.java:80)
	... 39 common frames omitted
2026-04-23 09:00:47.435 DEBUG [] org.hibernate.SQL - 
    drop table if exists payment
2026-04-23 09:00:47.453 DEBUG [] org.hibernate.SQL - 
    drop table if exists refund
2026-04-23 09:00:47.472 DEBUG [] org.hibernate.SQL - 
    drop table if exists review
2026-04-23 09:00:47.488 DEBUG [] org.hibernate.SQL - 
    drop table if exists scrapbooks
2026-04-23 09:00:47.525 DEBUG [] org.hibernate.SQL - 
    drop table if exists tour_extension
2026-04-23 09:00:47.561 DEBUG [] org.hibernate.SQL - 
    create table chat_participants (
        is_alarm_on bit not null,
        chat_room_id bigint,
        created_at datetime(6) not null,
        id bigint not null auto_increment,
        last_read_at datetime(6),
        updated_at datetime(6) not null,
        user_id bigint,
        user_email varchar(255) not null,
        user_nickname varchar(255),
        primary key (id)
    ) engine=InnoDB
2026-04-23 09:00:47.618 DEBUG [] org.hibernate.SQL - 
    create table chat_rooms (
        participant_count integer,
        created_at datetime(6) not null,
        id bigint not null auto_increment,
        last_message_at datetime(6),
        updated_at datetime(6) not null,
        last_message varchar(255),
        owner_email varchar(255),
        room_id varchar(255) not null,
        title varchar(255) not null,
        primary key (id)
    ) engine=InnoDB
2026-04-23 09:00:47.670 DEBUG [] org.hibernate.SQL - 
    create table guide_careers (
        acquired_at date not null,
        created_at datetime(6) not null,
        guide_id bigint not null,
        id bigint not null auto_increment,
        updated_at datetime(6) not null,
        title varchar(100) not null,
        description TEXT,
        primary key (id)
    ) engine=InnoDB
2026-04-23 09:00:47.695 DEBUG [] org.hibernate.SQL - 
    create table guide_feeds (
        is_deleted bit not null,
        created_at datetime(6) not null,
        guide_id bigint not null,
        id bigint not null auto_increment,
        updated_at datetime(6) not null,
        content TEXT not null,
        image_url LONGTEXT,
        primary key (id)
    ) engine=InnoDB
2026-04-23 09:00:47.720 DEBUG [] org.hibernate.SQL - 
    create table guide_images (
        is_main bit not null,
        sort_order integer not null,
        created_at datetime(6) not null,
        guide_id bigint not null,
        id bigint not null auto_increment,
        updated_at datetime(6) not null,
        image_url varchar(500) not null,
        primary key (id)
    ) engine=InnoDB
2026-04-23 09:00:47.746 DEBUG [] org.hibernate.SQL - 
    create table guide_profiles (
        average_rating decimal(3,2),
        is_active bit not null,
        is_approved bit not null,
        price_per_hour decimal(10,2),
        residence_years integer,
        review_count integer not null,
        created_at datetime(6) not null,
        id bigint not null auto_increment,
        member_id bigint not null,
        updated_at datetime(6) not null,
        nickname varchar(50) not null,
        guide_style varchar(100),
        language varchar(100),
        region varchar(100) not null,
        profile_image varchar(500),
        bio TEXT,
        default_course TEXT,
        keywords TEXT,
        local_story TEXT,
        primary key (id)
    ) engine=InnoDB
2026-04-23 09:00:47.769 DEBUG [] org.hibernate.SQL - 
    create table guide_schedules (
        available_date date not null,
        end_time time(6) not null,
        is_paid bit not null,
        start_time time(6) not null,
        created_at datetime(6) not null,
        guide_id bigint not null,
        id bigint not null auto_increment,
        match_request_id bigint,
        updated_at datetime(6) not null,
        meeting_point varchar(200),
        course_detail TEXT,
        guide_message TEXT,
        status enum ('AVAILABLE','BLOCKED','BOOKED','PENDING') not null,
        primary key (id)
    ) engine=InnoDB
2026-04-23 09:00:47.797 DEBUG [] org.hibernate.SQL - 
    create table match_request (
        budget_max_won integer,
        budget_min_won integer,
        desired_budget integer,
        desired_date date not null,
        created_at DATETIME(6) not null,
        guest_id bigint not null,
        guide_id bigint not null,
        guide_schedule_id bigint not null,
        id bigint not null auto_increment,
        updated_at DATETIME(6) not null,
        cancelled_by varchar(20),
        cancel_reason TEXT,
        concept TEXT,
        concept_summary TEXT,
        destination varchar(255) not null,
        propose_message TEXT,
        proposed_schedule TEXT,
        status enum ('ACCEPTED','CANCELLED','COMPLETED','IN_PROGRESS','PAID','PENDING','REJECTED') not null,
        primary key (id),
        check (status IN ('PENDING','ACCEPTED','PAID','IN_PROGRESS','COMPLETED','CANCELLED','REJECTED'))
    ) engine=InnoDB
2026-04-23 09:00:47.823 DEBUG [] org.hibernate.SQL - 
    create table member (
        created_at DATETIME(6) DEFAULT CURRENT_TIMESTAMP(6) not null,
        id bigint not null auto_increment,
        updated_at DATETIME(6) DEFAULT CURRENT_TIMESTAMP(6) ON UPDATE CURRENT_TIMESTAMP(6) not null,
        name varchar(100) not null,
        nickname varchar(100),
        profile_image_url varchar(1000),
        email varchar(255) not null,
        password varchar(255) not null,
        role enum ('ADMIN','GUEST','GUIDE') not null,
        social_type enum ('GOOGLE','KAKAO'),
        status enum ('ACTIVE','WITHDRAWN') not null,
        primary key (id)
    ) engine=InnoDB
2026-04-23 09:00:47.824 WARN  [] o.h.t.s.i.ExceptionHandlerLoggedImpl - GenerationTarget encountered exception accepting command : Error executing DDL "
    create table member (
        created_at DATETIME(6) DEFAULT CURRENT_TIMESTAMP(6) not null,
        id bigint not null auto_increment,
        updated_at DATETIME(6) DEFAULT CURRENT_TIMESTAMP(6) ON UPDATE CURRENT_TIMESTAMP(6) not null,
        name varchar(100) not null,
        nickname varchar(100),
        profile_image_url varchar(1000),
        email varchar(255) not null,
        password varchar(255) not null,
        role enum ('ADMIN','GUEST','GUIDE') not null,
        social_type enum ('GOOGLE','KAKAO'),
        status enum ('ACTIVE','WITHDRAWN') not null,
        primary key (id)
    ) engine=InnoDB" via JDBC [Table 'member' already exists]
org.hibernate.tool.schema.spi.CommandAcceptanceException: Error executing DDL "
    create table member (
        created_at DATETIME(6) DEFAULT CURRENT_TIMESTAMP(6) not null,
        id bigint not null auto_increment,
        updated_at DATETIME(6) DEFAULT CURRENT_TIMESTAMP(6) ON UPDATE CURRENT_TIMESTAMP(6) not null,
        name varchar(100) not null,
        nickname varchar(100),
        profile_image_url varchar(1000),
        email varchar(255) not null,
        password varchar(255) not null,
        role enum ('ADMIN','GUEST','GUIDE') not null,
        social_type enum ('GOOGLE','KAKAO'),
        status enum ('ACTIVE','WITHDRAWN') not null,
        primary key (id)
    ) engine=InnoDB" via JDBC [Table 'member' already exists]
	at org.hibernate.tool.schema.internal.exec.GenerationTargetToDatabase.accept(GenerationTargetToDatabase.java:94)
	at org.hibernate.tool.schema.internal.Helper.applySqlString(Helper.java:233)
	at org.hibernate.tool.schema.internal.Helper.applySqlStrings(Helper.java:217)
	at org.hibernate.tool.schema.internal.SchemaCreatorImpl.createTables(SchemaCreatorImpl.java:430)
	at org.hibernate.tool.schema.internal.SchemaCreatorImpl.createSequencesTablesConstraints(SchemaCreatorImpl.java:346)
	at org.hibernate.tool.schema.internal.SchemaCreatorImpl.createFromMetadata(SchemaCreatorImpl.java:241)
	at org.hibernate.tool.schema.internal.SchemaCreatorImpl.performCreation(SchemaCreatorImpl.java:174)
	at org.hibernate.tool.schema.internal.SchemaCreatorImpl.doCreation(SchemaCreatorImpl.java:144)
	at org.hibernate.tool.schema.internal.SchemaCreatorImpl.doCreation(SchemaCreatorImpl.java:120)
	at org.hibernate.tool.schema.spi.SchemaManagementToolCoordinator.performDatabaseAction(SchemaManagementToolCoordinator.java:250)
	at org.hibernate.tool.schema.spi.SchemaManagementToolCoordinator.lambda$process$5(SchemaManagementToolCoordinator.java:144)
	at java.base/java.util.HashMap.forEach(HashMap.java:1421)
	at org.hibernate.tool.schema.spi.SchemaManagementToolCoordinator.process(SchemaManagementToolCoordinator.java:141)
	at org.hibernate.boot.internal.SessionFactoryObserverForSchemaExport.sessionFactoryCreated(SessionFactoryObserverForSchemaExport.java:37)
	at org.hibernate.internal.SessionFactoryObserverChain.sessionFactoryCreated(SessionFactoryObserverChain.java:35)
	at org.hibernate.internal.SessionFactoryImpl.<init>(SessionFactoryImpl.java:324)
	at org.hibernate.boot.internal.SessionFactoryBuilderImpl.build(SessionFactoryBuilderImpl.java:463)
	at org.hibernate.jpa.boot.internal.EntityManagerFactoryBuilderImpl.build(EntityManagerFactoryBuilderImpl.java:1517)
	at org.springframework.orm.jpa.vendor.SpringHibernateJpaPersistenceProvider.createContainerEntityManagerFactory(SpringHibernateJpaPersistenceProvider.java:66)
	at org.springframework.orm.jpa.LocalContainerEntityManagerFactoryBean.createNativeEntityManagerFactory(LocalContainerEntityManagerFactoryBean.java:390)
	at org.springframework.orm.jpa.AbstractEntityManagerFactoryBean.buildNativeEntityManagerFactory(AbstractEntityManagerFactoryBean.java:419)
	at org.springframework.orm.jpa.AbstractEntityManagerFactoryBean.afterPropertiesSet(AbstractEntityManagerFactoryBean.java:400)
	at org.springframework.orm.jpa.LocalContainerEntityManagerFactoryBean.afterPropertiesSet(LocalContainerEntityManagerFactoryBean.java:366)
	at org.springframework.beans.factory.support.AbstractAutowireCapableBeanFactory.invokeInitMethods(AbstractAutowireCapableBeanFactory.java:1865)
	at org.springframework.beans.factory.support.AbstractAutowireCapableBeanFactory.initializeBean(AbstractAutowireCapableBeanFactory.java:1814)
	at org.springframework.beans.factory.support.AbstractAutowireCapableBeanFactory.doCreateBean(AbstractAutowireCapableBeanFactory.java:607)
	at org.springframework.beans.factory.support.AbstractAutowireCapableBeanFactory.createBean(AbstractAutowireCapableBeanFactory.java:529)
	at org.springframework.beans.factory.support.AbstractBeanFactory.lambda$doGetBean$0(AbstractBeanFactory.java:339)
	at org.springframework.beans.factory.support.DefaultSingletonBeanRegistry.getSingleton(DefaultSingletonBeanRegistry.java:371)
	at org.springframework.beans.factory.support.AbstractBeanFactory.doGetBean(AbstractBeanFactory.java:337)
	at org.springframework.beans.factory.support.AbstractBeanFactory.getBean(AbstractBeanFactory.java:207)
	at org.springframework.context.support.AbstractApplicationContext.finishBeanFactoryInitialization(AbstractApplicationContext.java:970)
	at org.springframework.context.support.AbstractApplicationContext.refresh(AbstractApplicationContext.java:627)
	at org.springframework.boot.web.servlet.context.ServletWebServerApplicationContext.refresh(ServletWebServerApplicationContext.java:146)
	at org.springframework.boot.SpringApplication.refresh(SpringApplication.java:753)
	at org.springframework.boot.SpringApplication.refreshContext(SpringApplication.java:439)
	at org.springframework.boot.SpringApplication.run(SpringApplication.java:318)
	at org.springframework.boot.SpringApplication.run(SpringApplication.java:1362)
	at org.springframework.boot.SpringApplication.run(SpringApplication.java:1351)
	at com.team6.apiserver.ApiServerApplication.main(ApiServerApplication.java:31)
Caused by: java.sql.SQLSyntaxErrorException: Table 'member' already exists
	at com.mysql.cj.jdbc.exceptions.SQLError.createSQLException(SQLError.java:112)
	at com.mysql.cj.jdbc.exceptions.SQLExceptionsMapping.translateException(SQLExceptionsMapping.java:114)
	at com.mysql.cj.jdbc.StatementImpl.executeInternal(StatementImpl.java:837)
	at com.mysql.cj.jdbc.StatementImpl.execute(StatementImpl.java:685)
	at com.zaxxer.hikari.pool.ProxyStatement.execute(ProxyStatement.java:94)
	at com.zaxxer.hikari.pool.HikariProxyStatement.execute(HikariProxyStatement.java)
	at org.hibernate.tool.schema.internal.exec.GenerationTargetToDatabase.accept(GenerationTargetToDatabase.java:80)
	... 39 common frames omitted
2026-04-23 09:00:47.825 DEBUG [] org.hibernate.SQL - 
    create table payment (
        amount integer not null,
        created_at DATETIME(6) not null,
        id bigint not null auto_increment,
        match_request_id bigint not null,
        paid_at DATETIME(6),
        payer_id bigint not null,
        refund_deadline DATETIME(6),
        updated_at DATETIME(6) not null,
        payment_type varchar(20) not null,
        pg_order_no varchar(100) not null,
        pg_transaction_id varchar(100),
        status enum ('CANCELLED','COMPLETED','FAILED','PENDING','REFUNDED') not null,
        primary key (id),
        check (status IN ('PENDING','COMPLETED','REFUNDED','FAILED','CANCELLED') AND payment_type IN ('CHAT','ACCOMPANY','EXTENSION'))
    ) engine=InnoDB
2026-04-23 09:00:47.849 DEBUG [] org.hibernate.SQL - 
    create table refund (
        ai_processed bit not null,
        created_at DATETIME(6) not null,
        id bigint not null auto_increment,
        payment_id bigint not null,
        processed_at DATETIME(6),
        requester_id bigint not null,
        updated_at DATETIME(6) not null,
        evidence_url varchar(500),
        reason TEXT,
        refund_type enum ('AUTO','CANCEL_GUEST','CANCEL_GUIDE','MANUAL') not null,
        status enum ('APPROVED','PENDING','REJECTED') not null,
        primary key (id),
        check (status IN ('PENDING','APPROVED','REJECTED') AND refund_type IN ('AUTO','MANUAL','CANCEL_GUEST','CANCEL_GUIDE'))
    ) engine=InnoDB
2026-04-23 09:00:47.873 DEBUG [] org.hibernate.SQL - 
    create table review (
        deleted bit not null,
        rating integer not null,
        created_at DATETIME(6) DEFAULT CURRENT_TIMESTAMP(6) not null,
        deleted_at datetime(6),
        guide_id bigint,
        id bigint not null auto_increment,
        match_request_id bigint not null,
        member_id bigint not null,
        updated_at DATETIME(6) DEFAULT CURRENT_TIMESTAMP(6) ON UPDATE CURRENT_TIMESTAMP(6) not null,
        content Text,
        primary key (id)
    ) engine=InnoDB
2026-04-23 09:00:47.901 DEBUG [] org.hibernate.SQL - 
    create table scrapbooks (
        created_at datetime(6) not null,
        guest_id bigint not null,
        id bigint not null auto_increment,
        match_request_id bigint not null,
        updated_at datetime(6) not null,
        title varchar(100) not null,
        tags varchar(200),
        main_image_url varchar(500),
        content TEXT not null,
        primary key (id)
    ) engine=InnoDB
2026-04-23 09:00:47.927 DEBUG [] org.hibernate.SQL - 
    create table tour_extension (
        extended_date date not null,
        extended_price integer,
        created_at DATETIME(6) not null,
        deadline_at DATETIME(6) not null,
        guest_id bigint not null,
        guide_approved_at DATETIME(6),
        id bigint not null auto_increment,
        match_request_id bigint not null,
        requested_at DATETIME(6) not null,
        updated_at DATETIME(6) not null,
        status enum ('AUTO_CANCELLED','GUIDE_APPROVED','PAID','REJECTED','REQUESTED') not null,
        primary key (id),
        check (status IN ('REQUESTED','GUIDE_APPROVED','PAID','REJECTED','AUTO_CANCELLED'))
    ) engine=InnoDB
2026-04-23 09:00:47.952 DEBUG [] org.hibernate.SQL - 
    alter table chat_rooms 
       add constraint UKtmf6ectlc88brf0myju8ry0yt unique (room_id)
2026-04-23 09:00:47.967 DEBUG [] org.hibernate.SQL - 
    alter table guide_profiles 
       add constraint UKkbxalarf03km5aurrcpmc99s unique (member_id)
2026-04-23 09:00:47.986 DEBUG [] org.hibernate.SQL - 
    alter table guide_schedules 
       add constraint uq_schedule_time unique (guide_id, available_date, start_time, end_time)
2026-04-23 09:00:48.005 DEBUG [] org.hibernate.SQL - 
    create index idx_match_guest 
       on match_request (guest_id)
2026-04-23 09:00:48.028 DEBUG [] org.hibernate.SQL - 
    create index idx_match_guide 
       on match_request (guide_id)
2026-04-23 09:00:48.049 DEBUG [] org.hibernate.SQL - 
    alter table member 
       add constraint UKeqr1gnwwfupeqo38ju3by7dbf unique (email, role)
2026-04-23 09:00:48.051 WARN  [] o.h.t.s.i.ExceptionHandlerLoggedImpl - GenerationTarget encountered exception accepting command : Error executing DDL "
    alter table member 
       add constraint UKeqr1gnwwfupeqo38ju3by7dbf unique (email, role)" via JDBC [Duplicate key name 'UKeqr1gnwwfupeqo38ju3by7dbf']
org.hibernate.tool.schema.spi.CommandAcceptanceException: Error executing DDL "
    alter table member 
       add constraint UKeqr1gnwwfupeqo38ju3by7dbf unique (email, role)" via JDBC [Duplicate key name 'UKeqr1gnwwfupeqo38ju3by7dbf']
	at org.hibernate.tool.schema.internal.exec.GenerationTargetToDatabase.accept(GenerationTargetToDatabase.java:94)
	at org.hibernate.tool.schema.internal.Helper.applySqlString(Helper.java:233)
	at org.hibernate.tool.schema.internal.Helper.applySqlStrings(Helper.java:217)
	at org.hibernate.tool.schema.internal.SchemaCreatorImpl.createTableConstraints(SchemaCreatorImpl.java:402)
	at org.hibernate.tool.schema.internal.SchemaCreatorImpl.createSequencesTablesConstraints(SchemaCreatorImpl.java:358)
	at org.hibernate.tool.schema.internal.SchemaCreatorImpl.createFromMetadata(SchemaCreatorImpl.java:241)
	at org.hibernate.tool.schema.internal.SchemaCreatorImpl.performCreation(SchemaCreatorImpl.java:174)
	at org.hibernate.tool.schema.internal.SchemaCreatorImpl.doCreation(SchemaCreatorImpl.java:144)
	at org.hibernate.tool.schema.internal.SchemaCreatorImpl.doCreation(SchemaCreatorImpl.java:120)
	at org.hibernate.tool.schema.spi.SchemaManagementToolCoordinator.performDatabaseAction(SchemaManagementToolCoordinator.java:250)
	at org.hibernate.tool.schema.spi.SchemaManagementToolCoordinator.lambda$process$5(SchemaManagementToolCoordinator.java:144)
	at java.base/java.util.HashMap.forEach(HashMap.java:1421)
	at org.hibernate.tool.schema.spi.SchemaManagementToolCoordinator.process(SchemaManagementToolCoordinator.java:141)
	at org.hibernate.boot.internal.SessionFactoryObserverForSchemaExport.sessionFactoryCreated(SessionFactoryObserverForSchemaExport.java:37)
	at org.hibernate.internal.SessionFactoryObserverChain.sessionFactoryCreated(SessionFactoryObserverChain.java:35)
	at org.hibernate.internal.SessionFactoryImpl.<init>(SessionFactoryImpl.java:324)
	at org.hibernate.boot.internal.SessionFactoryBuilderImpl.build(SessionFactoryBuilderImpl.java:463)
	at org.hibernate.jpa.boot.internal.EntityManagerFactoryBuilderImpl.build(EntityManagerFactoryBuilderImpl.java:1517)
	at org.springframework.orm.jpa.vendor.SpringHibernateJpaPersistenceProvider.createContainerEntityManagerFactory(SpringHibernateJpaPersistenceProvider.java:66)
	at org.springframework.orm.jpa.LocalContainerEntityManagerFactoryBean.createNativeEntityManagerFactory(LocalContainerEntityManagerFactoryBean.java:390)
	at org.springframework.orm.jpa.AbstractEntityManagerFactoryBean.buildNativeEntityManagerFactory(AbstractEntityManagerFactoryBean.java:419)
	at org.springframework.orm.jpa.AbstractEntityManagerFactoryBean.afterPropertiesSet(AbstractEntityManagerFactoryBean.java:400)
	at org.springframework.orm.jpa.LocalContainerEntityManagerFactoryBean.afterPropertiesSet(LocalContainerEntityManagerFactoryBean.java:366)
	at org.springframework.beans.factory.support.AbstractAutowireCapableBeanFactory.invokeInitMethods(AbstractAutowireCapableBeanFactory.java:1865)
	at org.springframework.beans.factory.support.AbstractAutowireCapableBeanFactory.initializeBean(AbstractAutowireCapableBeanFactory.java:1814)
	at org.springframework.beans.factory.support.AbstractAutowireCapableBeanFactory.doCreateBean(AbstractAutowireCapableBeanFactory.java:607)
	at org.springframework.beans.factory.support.AbstractAutowireCapableBeanFactory.createBean(AbstractAutowireCapableBeanFactory.java:529)
	at org.springframework.beans.factory.support.AbstractBeanFactory.lambda$doGetBean$0(AbstractBeanFactory.java:339)
	at org.springframework.beans.factory.support.DefaultSingletonBeanRegistry.getSingleton(DefaultSingletonBeanRegistry.java:371)
	at org.springframework.beans.factory.support.AbstractBeanFactory.doGetBean(AbstractBeanFactory.java:337)
	at org.springframework.beans.factory.support.AbstractBeanFactory.getBean(AbstractBeanFactory.java:207)
	at org.springframework.context.support.AbstractApplicationContext.finishBeanFactoryInitialization(AbstractApplicationContext.java:970)
	at org.springframework.context.support.AbstractApplicationContext.refresh(AbstractApplicationContext.java:627)
	at org.springframework.boot.web.servlet.context.ServletWebServerApplicationContext.refresh(ServletWebServerApplicationContext.java:146)
	at org.springframework.boot.SpringApplication.refresh(SpringApplication.java:753)
	at org.springframework.boot.SpringApplication.refreshContext(SpringApplication.java:439)
	at org.springframework.boot.SpringApplication.run(SpringApplication.java:318)
	at org.springframework.boot.SpringApplication.run(SpringApplication.java:1362)
	at org.springframework.boot.SpringApplication.run(SpringApplication.java:1351)
	at com.team6.apiserver.ApiServerApplication.main(ApiServerApplication.java:31)
Caused by: java.sql.SQLSyntaxErrorException: Duplicate key name 'UKeqr1gnwwfupeqo38ju3by7dbf'
	at com.mysql.cj.jdbc.exceptions.SQLError.createSQLException(SQLError.java:112)
	at com.mysql.cj.jdbc.exceptions.SQLExceptionsMapping.translateException(SQLExceptionsMapping.java:114)
	at com.mysql.cj.jdbc.StatementImpl.executeInternal(StatementImpl.java:837)
	at com.mysql.cj.jdbc.StatementImpl.execute(StatementImpl.java:685)
	at com.zaxxer.hikari.pool.ProxyStatement.execute(ProxyStatement.java:94)
	at com.zaxxer.hikari.pool.HikariProxyStatement.execute(HikariProxyStatement.java)
	at org.hibernate.tool.schema.internal.exec.GenerationTargetToDatabase.accept(GenerationTargetToDatabase.java:80)
	... 39 common frames omitted
2026-04-23 09:00:48.052 DEBUG [] org.hibernate.SQL - 
    alter table member 
       add constraint UKhh9kg6jti4n1eoiertn2k6qsc unique (nickname)
2026-04-23 09:00:48.053 WARN  [] o.h.t.s.i.ExceptionHandlerLoggedImpl - GenerationTarget encountered exception accepting command : Error executing DDL "
    alter table member 
       add constraint UKhh9kg6jti4n1eoiertn2k6qsc unique (nickname)" via JDBC [Duplicate key name 'UKhh9kg6jti4n1eoiertn2k6qsc']
org.hibernate.tool.schema.spi.CommandAcceptanceException: Error executing DDL "
    alter table member 
       add constraint UKhh9kg6jti4n1eoiertn2k6qsc unique (nickname)" via JDBC [Duplicate key name 'UKhh9kg6jti4n1eoiertn2k6qsc']
	at org.hibernate.tool.schema.internal.exec.GenerationTargetToDatabase.accept(GenerationTargetToDatabase.java:94)
	at org.hibernate.tool.schema.internal.Helper.applySqlString(Helper.java:233)
	at org.hibernate.tool.schema.internal.Helper.applySqlStrings(Helper.java:217)
	at org.hibernate.tool.schema.internal.SchemaCreatorImpl.createTableConstraints(SchemaCreatorImpl.java:402)
	at org.hibernate.tool.schema.internal.SchemaCreatorImpl.createSequencesTablesConstraints(SchemaCreatorImpl.java:358)
	at org.hibernate.tool.schema.internal.SchemaCreatorImpl.createFromMetadata(SchemaCreatorImpl.java:241)
	at org.hibernate.tool.schema.internal.SchemaCreatorImpl.performCreation(SchemaCreatorImpl.java:174)
	at org.hibernate.tool.schema.internal.SchemaCreatorImpl.doCreation(SchemaCreatorImpl.java:144)
	at org.hibernate.tool.schema.internal.SchemaCreatorImpl.doCreation(SchemaCreatorImpl.java:120)
	at org.hibernate.tool.schema.spi.SchemaManagementToolCoordinator.performDatabaseAction(SchemaManagementToolCoordinator.java:250)
	at org.hibernate.tool.schema.spi.SchemaManagementToolCoordinator.lambda$process$5(SchemaManagementToolCoordinator.java:144)
	at java.base/java.util.HashMap.forEach(HashMap.java:1421)
	at org.hibernate.tool.schema.spi.SchemaManagementToolCoordinator.process(SchemaManagementToolCoordinator.java:141)
	at org.hibernate.boot.internal.SessionFactoryObserverForSchemaExport.sessionFactoryCreated(SessionFactoryObserverForSchemaExport.java:37)
	at org.hibernate.internal.SessionFactoryObserverChain.sessionFactoryCreated(SessionFactoryObserverChain.java:35)
	at org.hibernate.internal.SessionFactoryImpl.<init>(SessionFactoryImpl.java:324)
	at org.hibernate.boot.internal.SessionFactoryBuilderImpl.build(SessionFactoryBuilderImpl.java:463)
	at org.hibernate.jpa.boot.internal.EntityManagerFactoryBuilderImpl.build(EntityManagerFactoryBuilderImpl.java:1517)
	at org.springframework.orm.jpa.vendor.SpringHibernateJpaPersistenceProvider.createContainerEntityManagerFactory(SpringHibernateJpaPersistenceProvider.java:66)
	at org.springframework.orm.jpa.LocalContainerEntityManagerFactoryBean.createNativeEntityManagerFactory(LocalContainerEntityManagerFactoryBean.java:390)
	at org.springframework.orm.jpa.AbstractEntityManagerFactoryBean.buildNativeEntityManagerFactory(AbstractEntityManagerFactoryBean.java:419)
	at org.springframework.orm.jpa.AbstractEntityManagerFactoryBean.afterPropertiesSet(AbstractEntityManagerFactoryBean.java:400)
	at org.springframework.orm.jpa.LocalContainerEntityManagerFactoryBean.afterPropertiesSet(LocalContainerEntityManagerFactoryBean.java:366)
	at org.springframework.beans.factory.support.AbstractAutowireCapableBeanFactory.invokeInitMethods(AbstractAutowireCapableBeanFactory.java:1865)
	at org.springframework.beans.factory.support.AbstractAutowireCapableBeanFactory.initializeBean(AbstractAutowireCapableBeanFactory.java:1814)
	at org.springframework.beans.factory.support.AbstractAutowireCapableBeanFactory.doCreateBean(AbstractAutowireCapableBeanFactory.java:607)
	at org.springframework.beans.factory.support.AbstractAutowireCapableBeanFactory.createBean(AbstractAutowireCapableBeanFactory.java:529)
	at org.springframework.beans.factory.support.AbstractBeanFactory.lambda$doGetBean$0(AbstractBeanFactory.java:339)
	at org.springframework.beans.factory.support.DefaultSingletonBeanRegistry.getSingleton(DefaultSingletonBeanRegistry.java:371)
	at org.springframework.beans.factory.support.AbstractBeanFactory.doGetBean(AbstractBeanFactory.java:337)
	at org.springframework.beans.factory.support.AbstractBeanFactory.getBean(AbstractBeanFactory.java:207)
	at org.springframework.context.support.AbstractApplicationContext.finishBeanFactoryInitialization(AbstractApplicationContext.java:970)
	at org.springframework.context.support.AbstractApplicationContext.refresh(AbstractApplicationContext.java:627)
	at org.springframework.boot.web.servlet.context.ServletWebServerApplicationContext.refresh(ServletWebServerApplicationContext.java:146)
	at org.springframework.boot.SpringApplication.refresh(SpringApplication.java:753)
	at org.springframework.boot.SpringApplication.refreshContext(SpringApplication.java:439)
	at org.springframework.boot.SpringApplication.run(SpringApplication.java:318)
	at org.springframework.boot.SpringApplication.run(SpringApplication.java:1362)
	at org.springframework.boot.SpringApplication.run(SpringApplication.java:1351)
	at com.team6.apiserver.ApiServerApplication.main(ApiServerApplication.java:31)
Caused by: java.sql.SQLSyntaxErrorException: Duplicate key name 'UKhh9kg6jti4n1eoiertn2k6qsc'
	at com.mysql.cj.jdbc.exceptions.SQLError.createSQLException(SQLError.java:112)
	at com.mysql.cj.jdbc.exceptions.SQLExceptionsMapping.translateException(SQLExceptionsMapping.java:114)
	at com.mysql.cj.jdbc.StatementImpl.executeInternal(StatementImpl.java:837)
	at com.mysql.cj.jdbc.StatementImpl.execute(StatementImpl.java:685)
	at com.zaxxer.hikari.pool.ProxyStatement.execute(ProxyStatement.java:94)
	at com.zaxxer.hikari.pool.HikariProxyStatement.execute(HikariProxyStatement.java)
	at org.hibernate.tool.schema.internal.exec.GenerationTargetToDatabase.accept(GenerationTargetToDatabase.java:80)
	... 39 common frames omitted
2026-04-23 09:00:48.053 DEBUG [] org.hibernate.SQL - 
    create index idx_payment_payer 
       on payment (payer_id)
2026-04-23 09:00:48.076 DEBUG [] org.hibernate.SQL - 
    alter table payment 
       add constraint uq_payment_unique unique (match_request_id, payment_type)
2026-04-23 09:00:48.096 DEBUG [] org.hibernate.SQL - 
    alter table payment 
       add constraint UKljlo9vyedeereqhpwyr9tknqc unique (pg_order_no)
2026-04-23 09:00:48.116 DEBUG [] org.hibernate.SQL - 
    alter table review 
       add constraint UKioc95svtshsmxvlxc8us5yelq unique (match_request_id)
2026-04-23 09:00:48.137 DEBUG [] org.hibernate.SQL - 
    alter table scrapbooks 
       add constraint uq_scrapbook_match unique (match_request_id)
2026-04-23 09:00:48.153 DEBUG [] org.hibernate.SQL - 
    alter table chat_participants 
       add constraint FKk0pkxdxk2whcy4j9lovmexvkq 
       foreign key (chat_room_id) 
       references chat_rooms (id)
2026-04-23 09:00:48.226 DEBUG [] org.hibernate.SQL - 
    alter table guide_careers 
       add constraint fk_guide_careers_guide 
       foreign key (guide_id) 
       references guide_profiles (id)
2026-04-23 09:00:48.295 DEBUG [] org.hibernate.SQL - 
    alter table guide_feeds 
       add constraint FKl5ncbecyap26kipe8hbrrv259 
       foreign key (guide_id) 
       references guide_profiles (id)
2026-04-23 09:00:48.372 DEBUG [] org.hibernate.SQL - 
    alter table guide_images 
       add constraint fk_guide_images_guide 
       foreign key (guide_id) 
       references guide_profiles (id)
2026-04-23 09:00:48.446 DEBUG [] org.hibernate.SQL - 
    alter table guide_schedules 
       add constraint FK9a3cimgvlpika296h0fkluqbl 
       foreign key (guide_id) 
       references guide_profiles (id)
2026-04-23 09:00:48.523 DEBUG [] org.hibernate.SQL - 
    alter table payment 
       add constraint fk_payment_match_req 
       foreign key (match_request_id) 
       references match_request (id)
2026-04-23 09:00:48.611 DEBUG [] org.hibernate.SQL - 
    alter table refund 
       add constraint fk_refund_payment 
       foreign key (payment_id) 
       references payment (id)
2026-04-23 09:00:48.689 DEBUG [] org.hibernate.SQL - 
    alter table review 
       add constraint FKk0ccx5i4ci2wd70vegug074w1 
       foreign key (member_id) 
       references member (id)
2026-04-23 09:00:48.764 DEBUG [] org.hibernate.SQL - 
    alter table tour_extension 
       add constraint fk_extension_match_req 
       foreign key (match_request_id) 
       references match_request (id)
2026-04-23 09:00:48.841 INFO  [] o.s.o.j.LocalContainerEntityManagerFactoryBean - Initialized JPA EntityManagerFactory for persistence unit 'default'
2026-04-23 09:00:50.352 INFO  [] o.s.d.j.r.query.QueryEnhancerFactory - Hibernate is in classpath; If applicable, HQL parser will be used.
2026-04-23 09:00:51.763 INFO  [] org.mongodb.driver.client - MongoClient with metadata {"driver": {"name": "mongo-java-driver|sync|spring-boot", "version": "5.2.1"}, "os": {"type": "Windows", "name": "Windows 11", "architecture": "amd64", "version": "10.0"}, "platform": "Java/Amazon.com Inc./17.0.18+9-LTS"} created with settings MongoClientSettings{readPreference=primary, writeConcern=WriteConcern{w=null, wTimeout=null ms, journal=null}, retryWrites=true, retryReads=true, readConcern=ReadConcern{level=null}, credential=null, transportSettings=null, commandListeners=[io.micrometer.core.instrument.binder.mongodb.MongoMetricsCommandListener@240af9dc], codecRegistry=ProvidersCodecRegistry{codecProviders=[ValueCodecProvider{}, BsonValueCodecProvider{}, DBRefCodecProvider{}, DBObjectCodecProvider{}, DocumentCodecProvider{}, CollectionCodecProvider{}, IterableCodecProvider{}, MapCodecProvider{}, GeoJsonCodecProvider{}, GridFSFileCodecProvider{}, Jsr310CodecProvider{}, JsonObjectCodecProvider{}, BsonCodecProvider{}, EnumCodecProvider{}, com.mongodb.client.model.mql.ExpressionCodecProvider@6726245e, com.mongodb.Jep395RecordCodecProvider@66bd6746, com.mongodb.KotlinCodecProvider@65e3f3eb]}, loggerSettings=LoggerSettings{maxDocumentLength=1000}, clusterSettings={hosts=[localhost:27017], srvServiceName=mongodb, mode=SINGLE, requiredClusterType=UNKNOWN, requiredReplicaSetName='null', serverSelector='null', clusterListeners='[]', serverSelectionTimeout='30000 ms', localThreshold='15 ms'}, socketSettings=SocketSettings{connectTimeoutMS=10000, readTimeoutMS=0, receiveBufferSize=0, proxySettings=ProxySettings{host=null, port=null, username=null, password=null}}, heartbeatSocketSettings=SocketSettings{connectTimeoutMS=10000, readTimeoutMS=10000, receiveBufferSize=0, proxySettings=ProxySettings{host=null, port=null, username=null, password=null}}, connectionPoolSettings=ConnectionPoolSettings{maxSize=100, minSize=0, maxWaitTimeMS=120000, maxConnectionLifeTimeMS=0, maxConnectionIdleTimeMS=0, maintenanceInitialDelayMS=0, maintenanceFrequencyMS=60000, connectionPoolListeners=[io.micrometer.core.instrument.binder.mongodb.MongoMetricsConnectionPoolListener@3f63a9da], maxConnecting=2}, serverSettings=ServerSettings{heartbeatFrequencyMS=10000, minHeartbeatFrequencyMS=500, serverMonitoringMode=AUTO, serverListeners='[]', serverMonitorListeners='[]'}, sslSettings=SslSettings{enabled=false, invalidHostNameAllowed=false, context=null}, applicationName='null', compressorList=[], uuidRepresentation=JAVA_LEGACY, serverApi=null, autoEncryptionSettings=null, dnsClient=null, inetAddressResolver=null, contextProvider=null, timeoutMS=null}
2026-04-23 09:00:51.774 INFO  [] org.mongodb.driver.cluster - Monitor thread successfully connected to server with description ServerDescription{address=localhost:27017, type=STANDALONE, cryptd=false, state=CONNECTED, ok=true, minWireVersion=0, maxWireVersion=27, maxDocumentSize=16777216, logicalSessionTimeoutMinutes=30, roundTripTimeNanos=23711100, minRoundTripTimeNanos=0}
2026-04-23 09:00:52.293 WARN  [] o.s.b.a.o.j.JpaBaseConfiguration$JpaWebConfiguration - spring.jpa.open-in-view is enabled by default. Therefore, database queries may be performed during view rendering. Explicitly configure spring.jpa.open-in-view to disable this warning
2026-04-23 09:00:52.738 INFO  [] o.s.b.a.e.web.EndpointLinksResolver - Exposing 1 endpoint beneath base path '/actuator'
2026-04-23 09:00:52.888 WARN  [] o.s.s.c.a.web.builders.WebSecurity - You are asking Spring Security to ignore Deferred [Mvc [pattern='/actuator/**'], Ant [pattern='/actuator/**']]. This is not recommended -- please use permitAll via HttpSecurity#authorizeHttpRequests instead.
2026-04-23 09:00:52.889 WARN  [] o.s.s.c.a.web.builders.WebSecurity - You are asking Spring Security to ignore Deferred [Mvc [pattern='/api/actuator/**'], Ant [pattern='/api/actuator/**']]. This is not recommended -- please use permitAll via HttpSecurity#authorizeHttpRequests instead.
2026-04-23 09:00:52.889 WARN  [] o.s.s.c.a.web.builders.WebSecurity - You are asking Spring Security to ignore Deferred [Mvc [pattern='/v3/api-docs/**'], Ant [pattern='/v3/api-docs/**']]. This is not recommended -- please use permitAll via HttpSecurity#authorizeHttpRequests instead.
2026-04-23 09:00:52.889 WARN  [] o.s.s.c.a.web.builders.WebSecurity - You are asking Spring Security to ignore Deferred [Mvc [pattern='/swagger-ui/**'], Ant [pattern='/swagger-ui/**']]. This is not recommended -- please use permitAll via HttpSecurity#authorizeHttpRequests instead.
2026-04-23 09:00:52.889 WARN  [] o.s.s.c.a.web.builders.WebSecurity - You are asking Spring Security to ignore Deferred [Mvc [pattern='/api/v3/api-docs/**'], Ant [pattern='/api/v3/api-docs/**']]. This is not recommended -- please use permitAll via HttpSecurity#authorizeHttpRequests instead.
2026-04-23 09:00:52.889 WARN  [] o.s.s.c.a.web.builders.WebSecurity - You are asking Spring Security to ignore Deferred [Mvc [pattern='/api/swagger-ui/**'], Ant [pattern='/api/swagger-ui/**']]. This is not recommended -- please use permitAll via HttpSecurity#authorizeHttpRequests instead.
2026-04-23 09:00:53.545 INFO  [] o.s.m.s.b.SimpleBrokerMessageHandler - Starting...
2026-04-23 09:00:53.545 INFO  [] o.s.m.s.b.SimpleBrokerMessageHandler - BrokerAvailabilityEvent[available=true, SimpleBrokerMessageHandler [org.springframework.messaging.simp.broker.DefaultSubscriptionRegistry@7eb6889c]]
2026-04-23 09:00:53.546 INFO  [] o.s.m.s.b.SimpleBrokerMessageHandler - Started.
2026-04-23 09:00:53.546 INFO  [] o.a.coyote.http11.Http11NioProtocol - Starting ProtocolHandler ["http-nio-8080"]
2026-04-23 09:00:53.567 INFO  [] o.s.b.w.e.tomcat.TomcatWebServer - Tomcat started on port 8080 (http) with context path '/api'
2026-04-23 09:00:54.070 INFO  [] c.t.apiserver.ApiServerApplication - Started ApiServerApplication in 18.83 seconds (process running for 25.245)
2026-04-23 09:01:00.086 DEBUG [] org.hibernate.SQL - 
    /* <criteria> */ select
        te1_0.id,
        te1_0.created_at,
        te1_0.deadline_at,
        te1_0.extended_date,
        te1_0.extended_price,
        te1_0.guest_id,
        te1_0.guide_approved_at,
        te1_0.match_request_id,
        te1_0.requested_at,
        te1_0.status,
        te1_0.updated_at 
    from
        tour_extension te1_0 
    where
        te1_0.status=? 
        and te1_0.deadline_at<?
2026-04-23 09:01:00.092 TRACE [] org.hibernate.orm.jdbc.bind - binding parameter (1:ENUM) <- [REQUESTED]
2026-04-23 09:01:00.092 TRACE [] org.hibernate.orm.jdbc.bind - binding parameter (2:TIMESTAMP) <- [2026-04-23T09:01:00.023781]
2026-04-23 09:01:53.512 INFO  [] o.s.w.s.c.WebSocketMessageBrokerStats - WebSocketSession[0 current WS(0)-HttpStream(0)-HttpPoll(0), 0 total, 0 closed abnormally (0 connect failure, 0 send limit, 0 transport error)], stompSubProtocol[processed CONNECT(0)-CONNECTED(0)-DISCONNECT(0)], stompBrokerRelay[null], inboundChannel[pool size = 0, active threads = 0, queued tasks = 0, completed tasks = 0], outboundChannel[pool size = 0, active threads = 0, queued tasks = 0, completed tasks = 0], sockJsScheduler[pool size = 5, active threads = 1, queued tasks = 2, completed tasks = 2]
2026-04-23 09:02:00.005 DEBUG [] org.hibernate.SQL - 
    /* <criteria> */ select
        te1_0.id,
        te1_0.created_at,
        te1_0.deadline_at,
        te1_0.extended_date,
        te1_0.extended_price,
        te1_0.guest_id,
        te1_0.guide_approved_at,
        te1_0.match_request_id,
        te1_0.requested_at,
        te1_0.status,
        te1_0.updated_at 
    from
        tour_extension te1_0 
    where
        te1_0.status=? 
        and te1_0.deadline_at<?
2026-04-23 09:02:00.006 TRACE [] org.hibernate.orm.jdbc.bind - binding parameter (1:ENUM) <- [REQUESTED]
2026-04-23 09:02:00.006 TRACE [] org.hibernate.orm.jdbc.bind - binding parameter (2:TIMESTAMP) <- [2026-04-23T09:02:00.004159400]
2026-04-23 09:03:00.002 DEBUG [] org.hibernate.SQL - 
    /* <criteria> */ select
        te1_0.id,
        te1_0.created_at,
        te1_0.deadline_at,
        te1_0.extended_date,
        te1_0.extended_price,
        te1_0.guest_id,
        te1_0.guide_approved_at,
        te1_0.match_request_id,
        te1_0.requested_at,
        te1_0.status,
        te1_0.updated_at 
    from
        tour_extension te1_0 
    where
        te1_0.status=? 
        and te1_0.deadline_at<?
2026-04-23 09:03:00.002 TRACE [] org.hibernate.orm.jdbc.bind - binding parameter (1:ENUM) <- [REQUESTED]
2026-04-23 09:03:00.002 TRACE [] org.hibernate.orm.jdbc.bind - binding parameter (2:TIMESTAMP) <- [2026-04-23T09:03:00.000932300]
2026-04-23 09:04:00.005 DEBUG [] org.hibernate.SQL - 
    /* <criteria> */ select
        te1_0.id,
        te1_0.created_at,
        te1_0.deadline_at,
        te1_0.extended_date,
        te1_0.extended_price,
        te1_0.guest_id,
        te1_0.guide_approved_at,
        te1_0.match_request_id,
        te1_0.requested_at,
        te1_0.status,
        te1_0.updated_at 
    from
        tour_extension te1_0 
    where
        te1_0.status=? 
        and te1_0.deadline_at<?
2026-04-23 09:04:00.007 TRACE [] org.hibernate.orm.jdbc.bind - binding parameter (1:ENUM) <- [REQUESTED]
2026-04-23 09:04:00.007 TRACE [] org.hibernate.orm.jdbc.bind - binding parameter (2:TIMESTAMP) <- [2026-04-23T09:04:00.004860200]
2026-04-23 09:05:00.011 DEBUG [] org.hibernate.SQL - 
    /* <criteria> */ select
        te1_0.id,
        te1_0.created_at,
        te1_0.deadline_at,
        te1_0.extended_date,
        te1_0.extended_price,
        te1_0.guest_id,
        te1_0.guide_approved_at,
        te1_0.match_request_id,
        te1_0.requested_at,
        te1_0.status,
        te1_0.updated_at 
    from
        tour_extension te1_0 
    where
        te1_0.status=? 
        and te1_0.deadline_at<?
2026-04-23 09:05:00.012 TRACE [] org.hibernate.orm.jdbc.bind - binding parameter (1:ENUM) <- [REQUESTED]
2026-04-23 09:05:00.012 TRACE [] org.hibernate.orm.jdbc.bind - binding parameter (2:TIMESTAMP) <- [2026-04-23T09:05:00.011286900]
2026-04-23 09:06:00.012 DEBUG [] org.hibernate.SQL - 
    /* <criteria> */ select
        te1_0.id,
        te1_0.created_at,
        te1_0.deadline_at,
        te1_0.extended_date,
        te1_0.extended_price,
        te1_0.guest_id,
        te1_0.guide_approved_at,
        te1_0.match_request_id,
        te1_0.requested_at,
        te1_0.status,
        te1_0.updated_at 
    from
        tour_extension te1_0 
    where
        te1_0.status=? 
        and te1_0.deadline_at<?
2026-04-23 09:06:00.012 TRACE [] org.hibernate.orm.jdbc.bind - binding parameter (1:ENUM) <- [REQUESTED]
2026-04-23 09:06:00.012 TRACE [] org.hibernate.orm.jdbc.bind - binding parameter (2:TIMESTAMP) <- [2026-04-23T09:06:00.010968600]
2026-04-23 09:07:00.017 DEBUG [] org.hibernate.SQL - 
    /* <criteria> */ select
        te1_0.id,
        te1_0.created_at,
        te1_0.deadline_at,
        te1_0.extended_date,
        te1_0.extended_price,
        te1_0.guest_id,
        te1_0.guide_approved_at,
        te1_0.match_request_id,
        te1_0.requested_at,
        te1_0.status,
        te1_0.updated_at 
    from
        tour_extension te1_0 
    where
        te1_0.status=? 
        and te1_0.deadline_at<?
2026-04-23 09:07:00.017 TRACE [] org.hibernate.orm.jdbc.bind - binding parameter (1:ENUM) <- [REQUESTED]
2026-04-23 09:07:00.017 TRACE [] org.hibernate.orm.jdbc.bind - binding parameter (2:TIMESTAMP) <- [2026-04-23T09:07:00.015889600]
2026-04-23 09:08:00.017 DEBUG [] org.hibernate.SQL - 
    /* <criteria> */ select
        te1_0.id,
        te1_0.created_at,
        te1_0.deadline_at,
        te1_0.extended_date,
        te1_0.extended_price,
        te1_0.guest_id,
        te1_0.guide_approved_at,
        te1_0.match_request_id,
        te1_0.requested_at,
        te1_0.status,
        te1_0.updated_at 
    from
        tour_extension te1_0 
    where
        te1_0.status=? 
        and te1_0.deadline_at<?
2026-04-23 09:08:00.018 TRACE [] org.hibernate.orm.jdbc.bind - binding parameter (1:ENUM) <- [REQUESTED]
2026-04-23 09:08:00.018 TRACE [] org.hibernate.orm.jdbc.bind - binding parameter (2:TIMESTAMP) <- [2026-04-23T09:08:00.016621100]
2026-04-23 09:09:00.010 DEBUG [] org.hibernate.SQL - 
    /* <criteria> */ select
        te1_0.id,
        te1_0.created_at,
        te1_0.deadline_at,
        te1_0.extended_date,
        te1_0.extended_price,
        te1_0.guest_id,
        te1_0.guide_approved_at,
        te1_0.match_request_id,
        te1_0.requested_at,
        te1_0.status,
        te1_0.updated_at 
    from
        tour_extension te1_0 
    where
        te1_0.status=? 
        and te1_0.deadline_at<?
2026-04-23 09:09:00.010 TRACE [] org.hibernate.orm.jdbc.bind - binding parameter (1:ENUM) <- [REQUESTED]
2026-04-23 09:09:00.010 TRACE [] org.hibernate.orm.jdbc.bind - binding parameter (2:TIMESTAMP) <- [2026-04-23T09:09:00.009241800]
2026-04-23 09:10:00.007 DEBUG [] org.hibernate.SQL - 
    /* <criteria> */ select
        te1_0.id,
        te1_0.created_at,
        te1_0.deadline_at,
        te1_0.extended_date,
        te1_0.extended_price,
        te1_0.guest_id,
        te1_0.guide_approved_at,
        te1_0.match_request_id,
        te1_0.requested_at,
        te1_0.status,
        te1_0.updated_at 
    from
        tour_extension te1_0 
    where
        te1_0.status=? 
        and te1_0.deadline_at<?
2026-04-23 09:10:00.008 TRACE [] org.hibernate.orm.jdbc.bind - binding parameter (1:ENUM) <- [REQUESTED]
2026-04-23 09:10:00.008 TRACE [] org.hibernate.orm.jdbc.bind - binding parameter (2:TIMESTAMP) <- [2026-04-23T09:10:00.006740800]
2026-04-23 09:11:00.007 DEBUG [] org.hibernate.SQL - 
    /* <criteria> */ select
        te1_0.id,
        te1_0.created_at,
        te1_0.deadline_at,
        te1_0.extended_date,
        te1_0.extended_price,
        te1_0.guest_id,
        te1_0.guide_approved_at,
        te1_0.match_request_id,
        te1_0.requested_at,
        te1_0.status,
        te1_0.updated_at 
    from
        tour_extension te1_0 
    where
        te1_0.status=? 
        and te1_0.deadline_at<?
2026-04-23 09:11:00.008 TRACE [] org.hibernate.orm.jdbc.bind - binding parameter (1:ENUM) <- [REQUESTED]
2026-04-23 09:11:00.008 TRACE [] org.hibernate.orm.jdbc.bind - binding parameter (2:TIMESTAMP) <- [2026-04-23T09:11:00.006137700]
2026-04-23 09:12:00.015 DEBUG [] org.hibernate.SQL - 
    /* <criteria> */ select
        te1_0.id,
        te1_0.created_at,
        te1_0.deadline_at,
        te1_0.extended_date,
        te1_0.extended_price,
        te1_0.guest_id,
        te1_0.guide_approved_at,
        te1_0.match_request_id,
        te1_0.requested_at,
        te1_0.status,
        te1_0.updated_at 
    from
        tour_extension te1_0 
    where
        te1_0.status=? 
        and te1_0.deadline_at<?
2026-04-23 09:12:00.015 TRACE [] org.hibernate.orm.jdbc.bind - binding parameter (1:ENUM) <- [REQUESTED]
2026-04-23 09:12:00.015 TRACE [] org.hibernate.orm.jdbc.bind - binding parameter (2:TIMESTAMP) <- [2026-04-23T09:12:00.014952700]
2026-04-23 09:13:00.012 DEBUG [] org.hibernate.SQL - 
    /* <criteria> */ select
        te1_0.id,
        te1_0.created_at,
        te1_0.deadline_at,
        te1_0.extended_date,
        te1_0.extended_price,
        te1_0.guest_id,
        te1_0.guide_approved_at,
        te1_0.match_request_id,
        te1_0.requested_at,
        te1_0.status,
        te1_0.updated_at 
    from
        tour_extension te1_0 
    where
        te1_0.status=? 
        and te1_0.deadline_at<?
2026-04-23 09:13:00.013 TRACE [] org.hibernate.orm.jdbc.bind - binding parameter (1:ENUM) <- [REQUESTED]
2026-04-23 09:13:00.013 TRACE [] org.hibernate.orm.jdbc.bind - binding parameter (2:TIMESTAMP) <- [2026-04-23T09:13:00.011442700]
2026-04-23 09:14:00.017 DEBUG [] org.hibernate.SQL - 
    /* <criteria> */ select
        te1_0.id,
        te1_0.created_at,
        te1_0.deadline_at,
        te1_0.extended_date,
        te1_0.extended_price,
        te1_0.guest_id,
        te1_0.guide_approved_at,
        te1_0.match_request_id,
        te1_0.requested_at,
        te1_0.status,
        te1_0.updated_at 
    from
        tour_extension te1_0 
    where
        te1_0.status=? 
        and te1_0.deadline_at<?
2026-04-23 09:14:00.017 TRACE [] org.hibernate.orm.jdbc.bind - binding parameter (1:ENUM) <- [REQUESTED]
2026-04-23 09:14:00.017 TRACE [] org.hibernate.orm.jdbc.bind - binding parameter (2:TIMESTAMP) <- [2026-04-23T09:14:00.015650]
2026-04-23 09:15:00.014 DEBUG [] org.hibernate.SQL - 
    /* <criteria> */ select
        te1_0.id,
        te1_0.created_at,
        te1_0.deadline_at,
        te1_0.extended_date,
        te1_0.extended_price,
        te1_0.guest_id,
        te1_0.guide_approved_at,
        te1_0.match_request_id,
        te1_0.requested_at,
        te1_0.status,
        te1_0.updated_at 
    from
        tour_extension te1_0 
    where
        te1_0.status=? 
        and te1_0.deadline_at<?
2026-04-23 09:15:00.016 TRACE [] org.hibernate.orm.jdbc.bind - binding parameter (1:ENUM) <- [REQUESTED]
2026-04-23 09:15:00.016 TRACE [] org.hibernate.orm.jdbc.bind - binding parameter (2:TIMESTAMP) <- [2026-04-23T09:15:00.014504700]
2026-04-23 09:16:00.009 DEBUG [] org.hibernate.SQL - 
    /* <criteria> */ select
        te1_0.id,
        te1_0.created_at,
        te1_0.deadline_at,
        te1_0.extended_date,
        te1_0.extended_price,
        te1_0.guest_id,
        te1_0.guide_approved_at,
        te1_0.match_request_id,
        te1_0.requested_at,
        te1_0.status,
        te1_0.updated_at 
    from
        tour_extension te1_0 
    where
        te1_0.status=? 
        and te1_0.deadline_at<?
2026-04-23 09:16:00.009 TRACE [] org.hibernate.orm.jdbc.bind - binding parameter (1:ENUM) <- [REQUESTED]
2026-04-23 09:16:00.009 TRACE [] org.hibernate.orm.jdbc.bind - binding parameter (2:TIMESTAMP) <- [2026-04-23T09:16:00.007818900]
2026-04-23 09:17:00.003 DEBUG [] org.hibernate.SQL - 
    /* <criteria> */ select
        te1_0.id,
        te1_0.created_at,
        te1_0.deadline_at,
        te1_0.extended_date,
        te1_0.extended_price,
        te1_0.guest_id,
        te1_0.guide_approved_at,
        te1_0.match_request_id,
        te1_0.requested_at,
        te1_0.status,
        te1_0.updated_at 
    from
        tour_extension te1_0 
    where
        te1_0.status=? 
        and te1_0.deadline_at<?
2026-04-23 09:17:00.003 TRACE [] org.hibernate.orm.jdbc.bind - binding parameter (1:ENUM) <- [REQUESTED]
2026-04-23 09:17:00.003 TRACE [] org.hibernate.orm.jdbc.bind - binding parameter (2:TIMESTAMP) <- [2026-04-23T09:17:00.001753800]
2026-04-23 09:18:00.010 DEBUG [] org.hibernate.SQL - 
    /* <criteria> */ select
        te1_0.id,
        te1_0.created_at,
        te1_0.deadline_at,
        te1_0.extended_date,
        te1_0.extended_price,
        te1_0.guest_id,
        te1_0.guide_approved_at,
        te1_0.match_request_id,
        te1_0.requested_at,
        te1_0.status,
        te1_0.updated_at 
    from
        tour_extension te1_0 
    where
        te1_0.status=? 
        and te1_0.deadline_at<?
2026-04-23 09:18:00.010 TRACE [] org.hibernate.orm.jdbc.bind - binding parameter (1:ENUM) <- [REQUESTED]
2026-04-23 09:18:00.010 TRACE [] org.hibernate.orm.jdbc.bind - binding parameter (2:TIMESTAMP) <- [2026-04-23T09:18:00.009921400]
2026-04-23 09:19:00.018 DEBUG [] org.hibernate.SQL - 
    /* <criteria> */ select
        te1_0.id,
        te1_0.created_at,
        te1_0.deadline_at,
        te1_0.extended_date,
        te1_0.extended_price,
        te1_0.guest_id,
        te1_0.guide_approved_at,
        te1_0.match_request_id,
        te1_0.requested_at,
        te1_0.status,
        te1_0.updated_at 
    from
        tour_extension te1_0 
    where
        te1_0.status=? 
        and te1_0.deadline_at<?
2026-04-23 09:19:00.018 TRACE [] org.hibernate.orm.jdbc.bind - binding parameter (1:ENUM) <- [REQUESTED]
2026-04-23 09:19:00.019 TRACE [] org.hibernate.orm.jdbc.bind - binding parameter (2:TIMESTAMP) <- [2026-04-23T09:19:00.016522800]
2026-04-23 09:20:00.011 DEBUG [] org.hibernate.SQL - 
    /* <criteria> */ select
        te1_0.id,
        te1_0.created_at,
        te1_0.deadline_at,
        te1_0.extended_date,
        te1_0.extended_price,
        te1_0.guest_id,
        te1_0.guide_approved_at,
        te1_0.match_request_id,
        te1_0.requested_at,
        te1_0.status,
        te1_0.updated_at 
    from
        tour_extension te1_0 
    where
        te1_0.status=? 
        and te1_0.deadline_at<?
2026-04-23 09:20:00.011 TRACE [] org.hibernate.orm.jdbc.bind - binding parameter (1:ENUM) <- [REQUESTED]
2026-04-23 09:20:00.011 TRACE [] org.hibernate.orm.jdbc.bind - binding parameter (2:TIMESTAMP) <- [2026-04-23T09:20:00.010239500]
2026-04-23 09:21:00.013 DEBUG [] org.hibernate.SQL - 
    /* <criteria> */ select
        te1_0.id,
        te1_0.created_at,
        te1_0.deadline_at,
        te1_0.extended_date,
        te1_0.extended_price,
        te1_0.guest_id,
        te1_0.guide_approved_at,
        te1_0.match_request_id,
        te1_0.requested_at,
        te1_0.status,
        te1_0.updated_at 
    from
        tour_extension te1_0 
    where
        te1_0.status=? 
        and te1_0.deadline_at<?
2026-04-23 09:21:00.014 TRACE [] org.hibernate.orm.jdbc.bind - binding parameter (1:ENUM) <- [REQUESTED]
2026-04-23 09:21:00.014 TRACE [] org.hibernate.orm.jdbc.bind - binding parameter (2:TIMESTAMP) <- [2026-04-23T09:21:00.012983800]
2026-04-23 09:22:00.016 DEBUG [] org.hibernate.SQL - 
    /* <criteria> */ select
        te1_0.id,
        te1_0.created_at,
        te1_0.deadline_at,
        te1_0.extended_date,
        te1_0.extended_price,
        te1_0.guest_id,
        te1_0.guide_approved_at,
        te1_0.match_request_id,
        te1_0.requested_at,
        te1_0.status,
        te1_0.updated_at 
    from
        tour_extension te1_0 
    where
        te1_0.status=? 
        and te1_0.deadline_at<?
2026-04-23 09:22:00.016 TRACE [] org.hibernate.orm.jdbc.bind - binding parameter (1:ENUM) <- [REQUESTED]
2026-04-23 09:22:00.016 TRACE [] org.hibernate.orm.jdbc.bind - binding parameter (2:TIMESTAMP) <- [2026-04-23T09:22:00.015648300]
2026-04-23 09:23:00.016 DEBUG [] org.hibernate.SQL - 
    /* <criteria> */ select
        te1_0.id,
        te1_0.created_at,
        te1_0.deadline_at,
        te1_0.extended_date,
        te1_0.extended_price,
        te1_0.guest_id,
        te1_0.guide_approved_at,
        te1_0.match_request_id,
        te1_0.requested_at,
        te1_0.status,
        te1_0.updated_at 
    from
        tour_extension te1_0 
    where
        te1_0.status=? 
        and te1_0.deadline_at<?
2026-04-23 09:23:00.017 TRACE [] org.hibernate.orm.jdbc.bind - binding parameter (1:ENUM) <- [REQUESTED]
2026-04-23 09:23:00.017 TRACE [] org.hibernate.orm.jdbc.bind - binding parameter (2:TIMESTAMP) <- [2026-04-23T09:23:00.014796700]
2026-04-23 09:24:00.010 DEBUG [] org.hibernate.SQL - 
    /* <criteria> */ select
        te1_0.id,
        te1_0.created_at,
        te1_0.deadline_at,
        te1_0.extended_date,
        te1_0.extended_price,
        te1_0.guest_id,
        te1_0.guide_approved_at,
        te1_0.match_request_id,
        te1_0.requested_at,
        te1_0.status,
        te1_0.updated_at 
    from
        tour_extension te1_0 
    where
        te1_0.status=? 
        and te1_0.deadline_at<?
2026-04-23 09:24:00.010 TRACE [] org.hibernate.orm.jdbc.bind - binding parameter (1:ENUM) <- [REQUESTED]
2026-04-23 09:24:00.010 TRACE [] org.hibernate.orm.jdbc.bind - binding parameter (2:TIMESTAMP) <- [2026-04-23T09:24:00.008678800]
2026-04-23 09:25:00.011 DEBUG [] org.hibernate.SQL - 
    /* <criteria> */ select
        te1_0.id,
        te1_0.created_at,
        te1_0.deadline_at,
        te1_0.extended_date,
        te1_0.extended_price,
        te1_0.guest_id,
        te1_0.guide_approved_at,
        te1_0.match_request_id,
        te1_0.requested_at,
        te1_0.status,
        te1_0.updated_at 
    from
        tour_extension te1_0 
    where
        te1_0.status=? 
        and te1_0.deadline_at<?
2026-04-23 09:25:00.011 TRACE [] org.hibernate.orm.jdbc.bind - binding parameter (1:ENUM) <- [REQUESTED]
2026-04-23 09:25:00.011 TRACE [] org.hibernate.orm.jdbc.bind - binding parameter (2:TIMESTAMP) <- [2026-04-23T09:25:00.009461]
2026-04-23 09:26:00.016 DEBUG [] org.hibernate.SQL - 
    /* <criteria> */ select
        te1_0.id,
        te1_0.created_at,
        te1_0.deadline_at,
        te1_0.extended_date,
        te1_0.extended_price,
        te1_0.guest_id,
        te1_0.guide_approved_at,
        te1_0.match_request_id,
        te1_0.requested_at,
        te1_0.status,
        te1_0.updated_at 
    from
        tour_extension te1_0 
    where
        te1_0.status=? 
        and te1_0.deadline_at<?
2026-04-23 09:26:00.016 TRACE [] org.hibernate.orm.jdbc.bind - binding parameter (1:ENUM) <- [REQUESTED]
2026-04-23 09:26:00.016 TRACE [] org.hibernate.orm.jdbc.bind - binding parameter (2:TIMESTAMP) <- [2026-04-23T09:26:00.015821300]
2026-04-23 09:27:00.015 DEBUG [] org.hibernate.SQL - 
    /* <criteria> */ select
        te1_0.id,
        te1_0.created_at,
        te1_0.deadline_at,
        te1_0.extended_date,
        te1_0.extended_price,
        te1_0.guest_id,
        te1_0.guide_approved_at,
        te1_0.match_request_id,
        te1_0.requested_at,
        te1_0.status,
        te1_0.updated_at 
    from
        tour_extension te1_0 
    where
        te1_0.status=? 
        and te1_0.deadline_at<?
2026-04-23 09:27:00.015 TRACE [] org.hibernate.orm.jdbc.bind - binding parameter (1:ENUM) <- [REQUESTED]
2026-04-23 09:27:00.015 TRACE [] org.hibernate.orm.jdbc.bind - binding parameter (2:TIMESTAMP) <- [2026-04-23T09:27:00.014254100]
2026-04-23 09:28:00.009 DEBUG [] org.hibernate.SQL - 
    /* <criteria> */ select
        te1_0.id,
        te1_0.created_at,
        te1_0.deadline_at,
        te1_0.extended_date,
        te1_0.extended_price,
        te1_0.guest_id,
        te1_0.guide_approved_at,
        te1_0.match_request_id,
        te1_0.requested_at,
        te1_0.status,
        te1_0.updated_at 
    from
        tour_extension te1_0 
    where
        te1_0.status=? 
        and te1_0.deadline_at<?
2026-04-23 09:28:00.009 TRACE [] org.hibernate.orm.jdbc.bind - binding parameter (1:ENUM) <- [REQUESTED]
2026-04-23 09:28:00.010 TRACE [] org.hibernate.orm.jdbc.bind - binding parameter (2:TIMESTAMP) <- [2026-04-23T09:28:00.008213]
2026-04-23 09:29:00.012 DEBUG [] org.hibernate.SQL - 
    /* <criteria> */ select
        te1_0.id,
        te1_0.created_at,
        te1_0.deadline_at,
        te1_0.extended_date,
        te1_0.extended_price,
        te1_0.guest_id,
        te1_0.guide_approved_at,
        te1_0.match_request_id,
        te1_0.requested_at,
        te1_0.status,
        te1_0.updated_at 
    from
        tour_extension te1_0 
    where
        te1_0.status=? 
        and te1_0.deadline_at<?
2026-04-23 09:29:00.012 TRACE [] org.hibernate.orm.jdbc.bind - binding parameter (1:ENUM) <- [REQUESTED]
2026-04-23 09:29:00.012 TRACE [] org.hibernate.orm.jdbc.bind - binding parameter (2:TIMESTAMP) <- [2026-04-23T09:29:00.011702500]
2026-04-23 09:30:00.006 DEBUG [] org.hibernate.SQL - 
    /* <criteria> */ select
        te1_0.id,
        te1_0.created_at,
        te1_0.deadline_at,
        te1_0.extended_date,
        te1_0.extended_price,
        te1_0.guest_id,
        te1_0.guide_approved_at,
        te1_0.match_request_id,
        te1_0.requested_at,
        te1_0.status,
        te1_0.updated_at 
    from
        tour_extension te1_0 
    where
        te1_0.status=? 
        and te1_0.deadline_at<?
2026-04-23 09:30:00.006 TRACE [] org.hibernate.orm.jdbc.bind - binding parameter (1:ENUM) <- [REQUESTED]
2026-04-23 09:30:00.006 TRACE [] org.hibernate.orm.jdbc.bind - binding parameter (2:TIMESTAMP) <- [2026-04-23T09:30:00.005252800]
2026-04-23 09:31:00.005 DEBUG [] org.hibernate.SQL - 
    /* <criteria> */ select
        te1_0.id,
        te1_0.created_at,
        te1_0.deadline_at,
        te1_0.extended_date,
        te1_0.extended_price,
        te1_0.guest_id,
        te1_0.guide_approved_at,
        te1_0.match_request_id,
        te1_0.requested_at,
        te1_0.status,
        te1_0.updated_at 
    from
        tour_extension te1_0 
    where
        te1_0.status=? 
        and te1_0.deadline_at<?
2026-04-23 09:31:00.005 TRACE [] org.hibernate.orm.jdbc.bind - binding parameter (1:ENUM) <- [REQUESTED]
2026-04-23 09:31:00.006 TRACE [] org.hibernate.orm.jdbc.bind - binding parameter (2:TIMESTAMP) <- [2026-04-23T09:31:00.003694800]
2026-04-23 09:31:53.521 INFO  [] o.s.w.s.c.WebSocketMessageBrokerStats - WebSocketSession[0 current WS(0)-HttpStream(0)-HttpPoll(0), 0 total, 0 closed abnormally (0 connect failure, 0 send limit, 0 transport error)], stompSubProtocol[processed CONNECT(0)-CONNECTED(0)-DISCONNECT(0)], stompBrokerRelay[null], inboundChannel[pool size = 0, active threads = 0, queued tasks = 0, completed tasks = 0], outboundChannel[pool size = 0, active threads = 0, queued tasks = 0, completed tasks = 0], sockJsScheduler[pool size = 12, active threads = 1, queued tasks = 2, completed tasks = 63]
2026-04-23 09:32:00.006 DEBUG [] org.hibernate.SQL - 
    /* <criteria> */ select
        te1_0.id,
        te1_0.created_at,
        te1_0.deadline_at,
        te1_0.extended_date,
        te1_0.extended_price,
        te1_0.guest_id,
        te1_0.guide_approved_at,
        te1_0.match_request_id,
        te1_0.requested_at,
        te1_0.status,
        te1_0.updated_at 
    from
        tour_extension te1_0 
    where
        te1_0.status=? 
        and te1_0.deadline_at<?
2026-04-23 09:32:00.006 TRACE [] org.hibernate.orm.jdbc.bind - binding parameter (1:ENUM) <- [REQUESTED]
2026-04-23 09:32:00.006 TRACE [] org.hibernate.orm.jdbc.bind - binding parameter (2:TIMESTAMP) <- [2026-04-23T09:32:00.005018]
2026-04-23 09:33:00.004 DEBUG [] org.hibernate.SQL - 
    /* <criteria> */ select
        te1_0.id,
        te1_0.created_at,
        te1_0.deadline_at,
        te1_0.extended_date,
        te1_0.extended_price,
        te1_0.guest_id,
        te1_0.guide_approved_at,
        te1_0.match_request_id,
        te1_0.requested_at,
        te1_0.status,
        te1_0.updated_at 
    from
        tour_extension te1_0 
    where
        te1_0.status=? 
        and te1_0.deadline_at<?
2026-04-23 09:33:00.004 TRACE [] org.hibernate.orm.jdbc.bind - binding parameter (1:ENUM) <- [REQUESTED]
2026-04-23 09:33:00.004 TRACE [] org.hibernate.orm.jdbc.bind - binding parameter (2:TIMESTAMP) <- [2026-04-23T09:33:00.003920700]
2026-04-23 09:34:00.015 DEBUG [] org.hibernate.SQL - 
    /* <criteria> */ select
        te1_0.id,
        te1_0.created_at,
        te1_0.deadline_at,
        te1_0.extended_date,
        te1_0.extended_price,
        te1_0.guest_id,
        te1_0.guide_approved_at,
        te1_0.match_request_id,
        te1_0.requested_at,
        te1_0.status,
        te1_0.updated_at 
    from
        tour_extension te1_0 
    where
        te1_0.status=? 
        and te1_0.deadline_at<?
2026-04-23 09:34:00.016 TRACE [] org.hibernate.orm.jdbc.bind - binding parameter (1:ENUM) <- [REQUESTED]
2026-04-23 09:34:00.016 TRACE [] org.hibernate.orm.jdbc.bind - binding parameter (2:TIMESTAMP) <- [2026-04-23T09:34:00.014075]
2026-04-23 09:35:00.005 DEBUG [] org.hibernate.SQL - 
    /* <criteria> */ select
        te1_0.id,
        te1_0.created_at,
        te1_0.deadline_at,
        te1_0.extended_date,
        te1_0.extended_price,
        te1_0.guest_id,
        te1_0.guide_approved_at,
        te1_0.match_request_id,
        te1_0.requested_at,
        te1_0.status,
        te1_0.updated_at 
    from
        tour_extension te1_0 
    where
        te1_0.status=? 
        and te1_0.deadline_at<?
2026-04-23 09:35:00.006 TRACE [] org.hibernate.orm.jdbc.bind - binding parameter (1:ENUM) <- [REQUESTED]
2026-04-23 09:35:00.006 TRACE [] org.hibernate.orm.jdbc.bind - binding parameter (2:TIMESTAMP) <- [2026-04-23T09:35:00.004085200]
2026-04-23 09:36:00.006 DEBUG [] org.hibernate.SQL - 
    /* <criteria> */ select
        te1_0.id,
        te1_0.created_at,
        te1_0.deadline_at,
        te1_0.extended_date,
        te1_0.extended_price,
        te1_0.guest_id,
        te1_0.guide_approved_at,
        te1_0.match_request_id,
        te1_0.requested_at,
        te1_0.status,
        te1_0.updated_at 
    from
        tour_extension te1_0 
    where
        te1_0.status=? 
        and te1_0.deadline_at<?
2026-04-23 09:36:00.007 TRACE [] org.hibernate.orm.jdbc.bind - binding parameter (1:ENUM) <- [REQUESTED]
2026-04-23 09:36:00.007 TRACE [] org.hibernate.orm.jdbc.bind - binding parameter (2:TIMESTAMP) <- [2026-04-23T09:36:00.006428200]
2026-04-23 09:37:00.011 DEBUG [] org.hibernate.SQL - 
    /* <criteria> */ select
        te1_0.id,
        te1_0.created_at,
        te1_0.deadline_at,
        te1_0.extended_date,
        te1_0.extended_price,
        te1_0.guest_id,
        te1_0.guide_approved_at,
        te1_0.match_request_id,
        te1_0.requested_at,
        te1_0.status,
        te1_0.updated_at 
    from
        tour_extension te1_0 
    where
        te1_0.status=? 
        and te1_0.deadline_at<?
2026-04-23 09:37:00.011 TRACE [] org.hibernate.orm.jdbc.bind - binding parameter (1:ENUM) <- [REQUESTED]
2026-04-23 09:37:00.011 TRACE [] org.hibernate.orm.jdbc.bind - binding parameter (2:TIMESTAMP) <- [2026-04-23T09:37:00.010962300]
2026-04-23 09:38:00.006 DEBUG [] org.hibernate.SQL - 
    /* <criteria> */ select
        te1_0.id,
        te1_0.created_at,
        te1_0.deadline_at,
        te1_0.extended_date,
        te1_0.extended_price,
        te1_0.guest_id,
        te1_0.guide_approved_at,
        te1_0.match_request_id,
        te1_0.requested_at,
        te1_0.status,
        te1_0.updated_at 
    from
        tour_extension te1_0 
    where
        te1_0.status=? 
        and te1_0.deadline_at<?
2026-04-23 09:38:00.006 TRACE [] org.hibernate.orm.jdbc.bind - binding parameter (1:ENUM) <- [REQUESTED]
2026-04-23 09:38:00.006 TRACE [] org.hibernate.orm.jdbc.bind - binding parameter (2:TIMESTAMP) <- [2026-04-23T09:38:00.005118500]
2026-04-23 09:39:00.008 DEBUG [] org.hibernate.SQL - 
    /* <criteria> */ select
        te1_0.id,
        te1_0.created_at,
        te1_0.deadline_at,
        te1_0.extended_date,
        te1_0.extended_price,
        te1_0.guest_id,
        te1_0.guide_approved_at,
        te1_0.match_request_id,
        te1_0.requested_at,
        te1_0.status,
        te1_0.updated_at 
    from
        tour_extension te1_0 
    where
        te1_0.status=? 
        and te1_0.deadline_at<?
2026-04-23 09:39:00.008 TRACE [] org.hibernate.orm.jdbc.bind - binding parameter (1:ENUM) <- [REQUESTED]
2026-04-23 09:39:00.008 TRACE [] org.hibernate.orm.jdbc.bind - binding parameter (2:TIMESTAMP) <- [2026-04-23T09:39:00.007371800]
2026-04-23 09:40:00.010 DEBUG [] org.hibernate.SQL - 
    /* <criteria> */ select
        te1_0.id,
        te1_0.created_at,
        te1_0.deadline_at,
        te1_0.extended_date,
        te1_0.extended_price,
        te1_0.guest_id,
        te1_0.guide_approved_at,
        te1_0.match_request_id,
        te1_0.requested_at,
        te1_0.status,
        te1_0.updated_at 
    from
        tour_extension te1_0 
    where
        te1_0.status=? 
        and te1_0.deadline_at<?
2026-04-23 09:40:00.011 TRACE [] org.hibernate.orm.jdbc.bind - binding parameter (1:ENUM) <- [REQUESTED]
2026-04-23 09:40:00.011 TRACE [] org.hibernate.orm.jdbc.bind - binding parameter (2:TIMESTAMP) <- [2026-04-23T09:40:00.009147500]
2026-04-23 09:41:00.010 DEBUG [] org.hibernate.SQL - 
    /* <criteria> */ select
        te1_0.id,
        te1_0.created_at,
        te1_0.deadline_at,
        te1_0.extended_date,
        te1_0.extended_price,
        te1_0.guest_id,
        te1_0.guide_approved_at,
        te1_0.match_request_id,
        te1_0.requested_at,
        te1_0.status,
        te1_0.updated_at 
    from
        tour_extension te1_0 
    where
        te1_0.status=? 
        and te1_0.deadline_at<?
2026-04-23 09:41:00.012 TRACE [] org.hibernate.orm.jdbc.bind - binding parameter (1:ENUM) <- [REQUESTED]
2026-04-23 09:41:00.012 TRACE [] org.hibernate.orm.jdbc.bind - binding parameter (2:TIMESTAMP) <- [2026-04-23T09:41:00.010558100]
2026-04-23 09:42:00.007 DEBUG [] org.hibernate.SQL - 
    /* <criteria> */ select
        te1_0.id,
        te1_0.created_at,
        te1_0.deadline_at,
        te1_0.extended_date,
        te1_0.extended_price,
        te1_0.guest_id,
        te1_0.guide_approved_at,
        te1_0.match_request_id,
        te1_0.requested_at,
        te1_0.status,
        te1_0.updated_at 
    from
        tour_extension te1_0 
    where
        te1_0.status=? 
        and te1_0.deadline_at<?
2026-04-23 09:42:00.008 TRACE [] org.hibernate.orm.jdbc.bind - binding parameter (1:ENUM) <- [REQUESTED]
2026-04-23 09:42:00.008 TRACE [] org.hibernate.orm.jdbc.bind - binding parameter (2:TIMESTAMP) <- [2026-04-23T09:42:00.006944600]
2026-04-23 09:43:00.003 DEBUG [] org.hibernate.SQL - 
    /* <criteria> */ select
        te1_0.id,
        te1_0.created_at,
        te1_0.deadline_at,
        te1_0.extended_date,
        te1_0.extended_price,
        te1_0.guest_id,
        te1_0.guide_approved_at,
        te1_0.match_request_id,
        te1_0.requested_at,
        te1_0.status,
        te1_0.updated_at 
    from
        tour_extension te1_0 
    where
        te1_0.status=? 
        and te1_0.deadline_at<?
2026-04-23 09:43:00.003 TRACE [] org.hibernate.orm.jdbc.bind - binding parameter (1:ENUM) <- [REQUESTED]
2026-04-23 09:43:00.003 TRACE [] org.hibernate.orm.jdbc.bind - binding parameter (2:TIMESTAMP) <- [2026-04-23T09:43:00.001688200]
2026-04-23 09:44:00.004 DEBUG [] org.hibernate.SQL - 
    /* <criteria> */ select
        te1_0.id,
        te1_0.created_at,
        te1_0.deadline_at,
        te1_0.extended_date,
        te1_0.extended_price,
        te1_0.guest_id,
        te1_0.guide_approved_at,
        te1_0.match_request_id,
        te1_0.requested_at,
        te1_0.status,
        te1_0.updated_at 
    from
        tour_extension te1_0 
    where
        te1_0.status=? 
        and te1_0.deadline_at<?
2026-04-23 09:44:00.004 TRACE [] org.hibernate.orm.jdbc.bind - binding parameter (1:ENUM) <- [REQUESTED]
2026-04-23 09:44:00.004 TRACE [] org.hibernate.orm.jdbc.bind - binding parameter (2:TIMESTAMP) <- [2026-04-23T09:44:00.003151600]
2026-04-23 09:45:00.008 DEBUG [] org.hibernate.SQL - 
    /* <criteria> */ select
        te1_0.id,
        te1_0.created_at,
        te1_0.deadline_at,
        te1_0.extended_date,
        te1_0.extended_price,
        te1_0.guest_id,
        te1_0.guide_approved_at,
        te1_0.match_request_id,
        te1_0.requested_at,
        te1_0.status,
        te1_0.updated_at 
    from
        tour_extension te1_0 
    where
        te1_0.status=? 
        and te1_0.deadline_at<?
2026-04-23 09:45:00.008 TRACE [] org.hibernate.orm.jdbc.bind - binding parameter (1:ENUM) <- [REQUESTED]
2026-04-23 09:45:00.008 TRACE [] org.hibernate.orm.jdbc.bind - binding parameter (2:TIMESTAMP) <- [2026-04-23T09:45:00.005452]
2026-04-23 09:46:00.014 DEBUG [] org.hibernate.SQL - 
    /* <criteria> */ select
        te1_0.id,
        te1_0.created_at,
        te1_0.deadline_at,
        te1_0.extended_date,
        te1_0.extended_price,
        te1_0.guest_id,
        te1_0.guide_approved_at,
        te1_0.match_request_id,
        te1_0.requested_at,
        te1_0.status,
        te1_0.updated_at 
    from
        tour_extension te1_0 
    where
        te1_0.status=? 
        and te1_0.deadline_at<?
2026-04-23 09:46:00.014 TRACE [] org.hibernate.orm.jdbc.bind - binding parameter (1:ENUM) <- [REQUESTED]
2026-04-23 09:46:00.014 TRACE [] org.hibernate.orm.jdbc.bind - binding parameter (2:TIMESTAMP) <- [2026-04-23T09:46:00.013532300]
2026-04-23 09:47:00.003 DEBUG [] org.hibernate.SQL - 
    /* <criteria> */ select
        te1_0.id,
        te1_0.created_at,
        te1_0.deadline_at,
        te1_0.extended_date,
        te1_0.extended_price,
        te1_0.guest_id,
        te1_0.guide_approved_at,
        te1_0.match_request_id,
        te1_0.requested_at,
        te1_0.status,
        te1_0.updated_at 
    from
        tour_extension te1_0 
    where
        te1_0.status=? 
        and te1_0.deadline_at<?
2026-04-23 09:47:00.003 TRACE [] org.hibernate.orm.jdbc.bind - binding parameter (1:ENUM) <- [REQUESTED]
2026-04-23 09:47:00.003 TRACE [] org.hibernate.orm.jdbc.bind - binding parameter (2:TIMESTAMP) <- [2026-04-23T09:47:00.002875300]
2026-04-23 09:48:00.008 DEBUG [] org.hibernate.SQL - 
    /* <criteria> */ select
        te1_0.id,
        te1_0.created_at,
        te1_0.deadline_at,
        te1_0.extended_date,
        te1_0.extended_price,
        te1_0.guest_id,
        te1_0.guide_approved_at,
        te1_0.match_request_id,
        te1_0.requested_at,
        te1_0.status,
        te1_0.updated_at 
    from
        tour_extension te1_0 
    where
        te1_0.status=? 
        and te1_0.deadline_at<?
2026-04-23 09:48:00.008 TRACE [] org.hibernate.orm.jdbc.bind - binding parameter (1:ENUM) <- [REQUESTED]
2026-04-23 09:48:00.008 TRACE [] org.hibernate.orm.jdbc.bind - binding parameter (2:TIMESTAMP) <- [2026-04-23T09:48:00.006969300]
2026-04-23 09:48:13.053 INFO  [] o.s.b.w.e.tomcat.GracefulShutdown - Commencing graceful shutdown. Waiting for active requests to complete
2026-04-23 09:48:13.198 INFO  [] o.s.b.w.e.tomcat.GracefulShutdown - Graceful shutdown complete
2026-04-23 09:48:13.322 INFO  [] o.s.m.s.b.SimpleBrokerMessageHandler - Stopping...
2026-04-23 09:48:13.324 INFO  [] o.s.m.s.b.SimpleBrokerMessageHandler - BrokerAvailabilityEvent[available=false, SimpleBrokerMessageHandler [org.springframework.messaging.simp.broker.DefaultSubscriptionRegistry@7eb6889c]]
2026-04-23 09:48:13.324 INFO  [] o.s.m.s.b.SimpleBrokerMessageHandler - Stopped.
2026-04-23 09:48:13.343 INFO  [] o.s.o.j.LocalContainerEntityManagerFactoryBean - Closing JPA EntityManagerFactory for persistence unit 'default'
2026-04-23 09:48:13.348 INFO  [] com.zaxxer.hikari.HikariDataSource - HikariPool-1 - Shutdown initiated...
2026-04-23 09:48:13.353 INFO  [] com.zaxxer.hikari.HikariDataSource - HikariPool-1 - Shutdown completed.
2026-04-23 09:48:22.855 INFO  [] o.h.validator.internal.util.Version - HV000001: Hibernate Validator 8.0.2.Final
2026-04-23 09:48:22.916 INFO  [] c.t.apiserver.ApiServerApplication - Starting ApiServerApplication using Java 17.0.18 with PID 27092 (C:\Users\jangs\IdeaProjects\LocalGuest\backend\api-server\build\classes\java\main started by jangs in C:\Users\jangs\IdeaProjects\LocalGuest)
2026-04-23 09:48:22.917 INFO  [] c.t.apiserver.ApiServerApplication - The following 1 profile is active: "local"
2026-04-23 09:48:23.868 INFO  [] o.s.d.r.c.RepositoryConfigurationDelegate - Multiple Spring Data modules found, entering strict repository configuration mode
2026-04-23 09:48:23.868 INFO  [] o.s.d.r.c.RepositoryConfigurationDelegate - Bootstrapping Spring Data JPA repositories in DEFAULT mode.
2026-04-23 09:48:24.050 INFO  [] o.s.d.r.c.RepositoryConfigurationDelegate - Finished Spring Data repository scanning in 173 ms. Found 13 JPA repository interfaces.
2026-04-23 09:48:24.051 INFO  [] o.s.d.r.c.RepositoryConfigurationDelegate - Multiple Spring Data modules found, entering strict repository configuration mode
2026-04-23 09:48:24.051 INFO  [] o.s.d.r.c.RepositoryConfigurationDelegate - Bootstrapping Spring Data MongoDB repositories in DEFAULT mode.
2026-04-23 09:48:24.056 INFO  [] o.s.d.r.c.RepositoryConfigurationDelegate - Finished Spring Data repository scanning in 4 ms. Found 1 MongoDB repository interface.
2026-04-23 09:48:24.510 INFO  [] o.s.d.r.c.RepositoryConfigurationDelegate - Multiple Spring Data modules found, entering strict repository configuration mode
2026-04-23 09:48:24.511 INFO  [] o.s.d.r.c.RepositoryConfigurationDelegate - Bootstrapping Spring Data Redis repositories in DEFAULT mode.
2026-04-23 09:48:24.523 INFO  [] o.s.d.r.c.RepositoryConfigurationDelegate - Finished Spring Data repository scanning in 5 ms. Found 0 Redis repository interfaces.
2026-04-23 09:48:24.622 WARN  [] o.m.s.mapper.ClassPathMapperScanner - No MyBatis mapper was found in '[com.team6.apiserver]' package. Please check your configuration.
2026-04-23 09:48:25.348 INFO  [] o.s.b.w.e.tomcat.TomcatWebServer - Tomcat initialized with port 8080 (http)
2026-04-23 09:48:25.364 INFO  [] o.a.coyote.http11.Http11NioProtocol - Initializing ProtocolHandler ["http-nio-8080"]
2026-04-23 09:48:25.366 INFO  [] o.a.catalina.core.StandardService - Starting service [Tomcat]
2026-04-23 09:48:25.367 INFO  [] o.a.catalina.core.StandardEngine - Starting Servlet engine: [Apache Tomcat/10.1.40]
2026-04-23 09:48:25.437 INFO  [] o.a.c.c.C.[.[localhost].[/api] - Initializing Spring embedded WebApplicationContext
2026-04-23 09:48:25.437 INFO  [] o.s.b.w.s.c.ServletWebServerApplicationContext - Root WebApplicationContext: initialization completed in 2471 ms
2026-04-23 09:48:25.755 INFO  [] o.h.jpa.internal.util.LogHelper - HHH000204: Processing PersistenceUnitInfo [name: default]
2026-04-23 09:48:25.843 INFO  [] org.hibernate.Version - HHH000412: Hibernate ORM core version 6.6.13.Final
2026-04-23 09:48:25.888 INFO  [] o.h.c.i.RegionFactoryInitiator - HHH000026: Second-level cache disabled
2026-04-23 09:48:26.265 INFO  [] o.s.o.j.p.SpringPersistenceUnitInfo - No LoadTimeWeaver setup: ignoring JPA class transformer
2026-04-23 09:48:26.304 INFO  [] com.zaxxer.hikari.HikariDataSource - HikariPool-1 - Starting...
2026-04-23 09:48:26.595 INFO  [] com.zaxxer.hikari.pool.HikariPool - HikariPool-1 - Added connection com.mysql.cj.jdbc.ConnectionImpl@1c80f8dd
2026-04-23 09:48:26.597 INFO  [] com.zaxxer.hikari.HikariDataSource - HikariPool-1 - Start completed.
2026-04-23 09:48:26.648 WARN  [] org.hibernate.orm.deprecation - HHH90000025: MySQLDialect does not need to be specified explicitly using 'hibernate.dialect' (remove the property setting and it will be selected by default)
2026-04-23 09:48:26.668 INFO  [] o.hibernate.orm.connections.pooling - HHH10001005: Database info:
	Database JDBC URL [Connecting through datasource 'HikariDataSource (HikariPool-1)']
	Database driver: undefined/unknown
	Database version: 8.0.44
	Autocommit mode: undefined/unknown
	Isolation level: undefined/unknown
	Minimum pool size: undefined/unknown
	Maximum pool size: undefined/unknown
2026-04-23 09:48:27.964 INFO  [] o.h.e.t.j.p.i.JtaPlatformInitiator - HHH000489: No JTA platform available (set 'hibernate.transaction.jta.platform' to enable JTA platform integration)
2026-04-23 09:48:27.984 DEBUG [] org.hibernate.SQL - 
    alter table chat_participants 
       drop 
       foreign key FKk0pkxdxk2whcy4j9lovmexvkq
2026-04-23 09:48:27.998 DEBUG [] org.hibernate.SQL - 
    alter table guide_careers 
       drop 
       foreign key fk_guide_careers_guide
2026-04-23 09:48:28.005 DEBUG [] org.hibernate.SQL - 
    alter table guide_feeds 
       drop 
       foreign key FKl5ncbecyap26kipe8hbrrv259
2026-04-23 09:48:28.011 DEBUG [] org.hibernate.SQL - 
    alter table guide_images 
       drop 
       foreign key fk_guide_images_guide
2026-04-23 09:48:28.017 DEBUG [] org.hibernate.SQL - 
    alter table guide_schedules 
       drop 
       foreign key FK9a3cimgvlpika296h0fkluqbl
2026-04-23 09:48:28.024 DEBUG [] org.hibernate.SQL - 
    alter table payment 
       drop 
       foreign key fk_payment_match_req
2026-04-23 09:48:28.034 DEBUG [] org.hibernate.SQL - 
    alter table refund 
       drop 
       foreign key fk_refund_payment
2026-04-23 09:48:28.042 DEBUG [] org.hibernate.SQL - 
    alter table review 
       drop 
       foreign key FKk0ccx5i4ci2wd70vegug074w1
2026-04-23 09:48:28.048 DEBUG [] org.hibernate.SQL - 
    alter table tour_extension 
       drop 
       foreign key fk_extension_match_req
2026-04-23 09:48:28.054 DEBUG [] org.hibernate.SQL - 
    drop table if exists chat_participants
2026-04-23 09:48:28.061 DEBUG [] org.hibernate.SQL - 
    drop table if exists chat_rooms
2026-04-23 09:48:28.068 DEBUG [] org.hibernate.SQL - 
    drop table if exists guide_careers
2026-04-23 09:48:28.076 DEBUG [] org.hibernate.SQL - 
    drop table if exists guide_feeds
2026-04-23 09:48:28.083 DEBUG [] org.hibernate.SQL - 
    drop table if exists guide_images
2026-04-23 09:48:28.091 DEBUG [] org.hibernate.SQL - 
    drop table if exists guide_profiles
2026-04-23 09:48:28.097 DEBUG [] org.hibernate.SQL - 
    drop table if exists guide_schedules
2026-04-23 09:48:28.105 DEBUG [] org.hibernate.SQL - 
    drop table if exists match_request
2026-04-23 09:48:28.115 DEBUG [] org.hibernate.SQL - 
    drop table if exists member
2026-04-23 09:48:28.138 WARN  [] o.h.t.s.i.ExceptionHandlerLoggedImpl - GenerationTarget encountered exception accepting command : Error executing DDL "
    drop table if exists member" via JDBC [Cannot drop table 'member' referenced by a foreign key constraint 'FKsn2texaayj22xqa2s7fj0swkm' on table 'guest_profile'.]
org.hibernate.tool.schema.spi.CommandAcceptanceException: Error executing DDL "
    drop table if exists member" via JDBC [Cannot drop table 'member' referenced by a foreign key constraint 'FKsn2texaayj22xqa2s7fj0swkm' on table 'guest_profile'.]
	at org.hibernate.tool.schema.internal.exec.GenerationTargetToDatabase.accept(GenerationTargetToDatabase.java:94)
	at org.hibernate.tool.schema.internal.Helper.applySqlString(Helper.java:233)
	at org.hibernate.tool.schema.internal.Helper.applySqlStrings(Helper.java:217)
	at org.hibernate.tool.schema.internal.SchemaDropperImpl.dropTables(SchemaDropperImpl.java:384)
	at org.hibernate.tool.schema.internal.SchemaDropperImpl.dropConstraintsTablesSequences(SchemaDropperImpl.java:256)
	at org.hibernate.tool.schema.internal.SchemaDropperImpl.dropFromMetadata(SchemaDropperImpl.java:218)
	at org.hibernate.tool.schema.internal.SchemaDropperImpl.performDrop(SchemaDropperImpl.java:186)
	at org.hibernate.tool.schema.internal.SchemaDropperImpl.doDrop(SchemaDropperImpl.java:156)
	at org.hibernate.tool.schema.internal.SchemaDropperImpl.doDrop(SchemaDropperImpl.java:116)
	at org.hibernate.tool.schema.spi.SchemaManagementToolCoordinator.performDatabaseAction(SchemaManagementToolCoordinator.java:238)
	at org.hibernate.tool.schema.spi.SchemaManagementToolCoordinator.lambda$process$5(SchemaManagementToolCoordinator.java:144)
	at java.base/java.util.HashMap.forEach(HashMap.java:1421)
	at org.hibernate.tool.schema.spi.SchemaManagementToolCoordinator.process(SchemaManagementToolCoordinator.java:141)
	at org.hibernate.boot.internal.SessionFactoryObserverForSchemaExport.sessionFactoryCreated(SessionFactoryObserverForSchemaExport.java:37)
	at org.hibernate.internal.SessionFactoryObserverChain.sessionFactoryCreated(SessionFactoryObserverChain.java:35)
	at org.hibernate.internal.SessionFactoryImpl.<init>(SessionFactoryImpl.java:324)
	at org.hibernate.boot.internal.SessionFactoryBuilderImpl.build(SessionFactoryBuilderImpl.java:463)
	at org.hibernate.jpa.boot.internal.EntityManagerFactoryBuilderImpl.build(EntityManagerFactoryBuilderImpl.java:1517)
	at org.springframework.orm.jpa.vendor.SpringHibernateJpaPersistenceProvider.createContainerEntityManagerFactory(SpringHibernateJpaPersistenceProvider.java:66)
	at org.springframework.orm.jpa.LocalContainerEntityManagerFactoryBean.createNativeEntityManagerFactory(LocalContainerEntityManagerFactoryBean.java:390)
	at org.springframework.orm.jpa.AbstractEntityManagerFactoryBean.buildNativeEntityManagerFactory(AbstractEntityManagerFactoryBean.java:419)
	at org.springframework.orm.jpa.AbstractEntityManagerFactoryBean.afterPropertiesSet(AbstractEntityManagerFactoryBean.java:400)
	at org.springframework.orm.jpa.LocalContainerEntityManagerFactoryBean.afterPropertiesSet(LocalContainerEntityManagerFactoryBean.java:366)
	at org.springframework.beans.factory.support.AbstractAutowireCapableBeanFactory.invokeInitMethods(AbstractAutowireCapableBeanFactory.java:1865)
	at org.springframework.beans.factory.support.AbstractAutowireCapableBeanFactory.initializeBean(AbstractAutowireCapableBeanFactory.java:1814)
	at org.springframework.beans.factory.support.AbstractAutowireCapableBeanFactory.doCreateBean(AbstractAutowireCapableBeanFactory.java:607)
	at org.springframework.beans.factory.support.AbstractAutowireCapableBeanFactory.createBean(AbstractAutowireCapableBeanFactory.java:529)
	at org.springframework.beans.factory.support.AbstractBeanFactory.lambda$doGetBean$0(AbstractBeanFactory.java:339)
	at org.springframework.beans.factory.support.DefaultSingletonBeanRegistry.getSingleton(DefaultSingletonBeanRegistry.java:371)
	at org.springframework.beans.factory.support.AbstractBeanFactory.doGetBean(AbstractBeanFactory.java:337)
	at org.springframework.beans.factory.support.AbstractBeanFactory.getBean(AbstractBeanFactory.java:207)
	at org.springframework.context.support.AbstractApplicationContext.finishBeanFactoryInitialization(AbstractApplicationContext.java:970)
	at org.springframework.context.support.AbstractApplicationContext.refresh(AbstractApplicationContext.java:627)
	at org.springframework.boot.web.servlet.context.ServletWebServerApplicationContext.refresh(ServletWebServerApplicationContext.java:146)
	at org.springframework.boot.SpringApplication.refresh(SpringApplication.java:753)
	at org.springframework.boot.SpringApplication.refreshContext(SpringApplication.java:439)
	at org.springframework.boot.SpringApplication.run(SpringApplication.java:318)
	at org.springframework.boot.SpringApplication.run(SpringApplication.java:1362)
	at org.springframework.boot.SpringApplication.run(SpringApplication.java:1351)
	at com.team6.apiserver.ApiServerApplication.main(ApiServerApplication.java:31)
Caused by: java.sql.SQLException: Cannot drop table 'member' referenced by a foreign key constraint 'FKsn2texaayj22xqa2s7fj0swkm' on table 'guest_profile'.
	at com.mysql.cj.jdbc.exceptions.SQLError.createSQLException(SQLError.java:121)
	at com.mysql.cj.jdbc.exceptions.SQLExceptionsMapping.translateException(SQLExceptionsMapping.java:114)
	at com.mysql.cj.jdbc.StatementImpl.executeInternal(StatementImpl.java:837)
	at com.mysql.cj.jdbc.StatementImpl.execute(StatementImpl.java:685)
	at com.zaxxer.hikari.pool.ProxyStatement.execute(ProxyStatement.java:94)
	at com.zaxxer.hikari.pool.HikariProxyStatement.execute(HikariProxyStatement.java)
	at org.hibernate.tool.schema.internal.exec.GenerationTargetToDatabase.accept(GenerationTargetToDatabase.java:80)
	... 39 common frames omitted
2026-04-23 09:48:28.140 DEBUG [] org.hibernate.SQL - 
    drop table if exists payment
2026-04-23 09:48:28.148 DEBUG [] org.hibernate.SQL - 
    drop table if exists refund
2026-04-23 09:48:28.155 DEBUG [] org.hibernate.SQL - 
    drop table if exists review
2026-04-23 09:48:28.160 DEBUG [] org.hibernate.SQL - 
    drop table if exists scrapbooks
2026-04-23 09:48:28.167 DEBUG [] org.hibernate.SQL - 
    drop table if exists tour_extension
2026-04-23 09:48:28.183 DEBUG [] org.hibernate.SQL - 
    create table chat_participants (
        is_alarm_on bit not null,
        chat_room_id bigint,
        created_at datetime(6) not null,
        id bigint not null auto_increment,
        last_read_at datetime(6),
        updated_at datetime(6) not null,
        user_id bigint,
        user_email varchar(255) not null,
        user_nickname varchar(255),
        primary key (id)
    ) engine=InnoDB
2026-04-23 09:48:28.195 DEBUG [] org.hibernate.SQL - 
    create table chat_rooms (
        participant_count integer,
        created_at datetime(6) not null,
        id bigint not null auto_increment,
        last_message_at datetime(6),
        updated_at datetime(6) not null,
        last_message varchar(255),
        owner_email varchar(255),
        room_id varchar(255) not null,
        title varchar(255) not null,
        primary key (id)
    ) engine=InnoDB
2026-04-23 09:48:28.207 DEBUG [] org.hibernate.SQL - 
    create table guide_careers (
        acquired_at date not null,
        created_at datetime(6) not null,
        guide_id bigint not null,
        id bigint not null auto_increment,
        updated_at datetime(6) not null,
        title varchar(100) not null,
        description TEXT,
        primary key (id)
    ) engine=InnoDB
2026-04-23 09:48:28.220 DEBUG [] org.hibernate.SQL - 
    create table guide_feeds (
        is_deleted bit not null,
        created_at datetime(6) not null,
        guide_id bigint not null,
        id bigint not null auto_increment,
        updated_at datetime(6) not null,
        content TEXT not null,
        image_url LONGTEXT,
        primary key (id)
    ) engine=InnoDB
2026-04-23 09:48:28.231 DEBUG [] org.hibernate.SQL - 
    create table guide_images (
        is_main bit not null,
        sort_order integer not null,
        created_at datetime(6) not null,
        guide_id bigint not null,
        id bigint not null auto_increment,
        updated_at datetime(6) not null,
        image_url varchar(500) not null,
        primary key (id)
    ) engine=InnoDB
2026-04-23 09:48:28.244 DEBUG [] org.hibernate.SQL - 
    create table guide_profiles (
        average_rating decimal(3,2),
        is_active bit not null,
        is_approved bit not null,
        price_per_hour decimal(10,2),
        residence_years integer,
        review_count integer not null,
        created_at datetime(6) not null,
        id bigint not null auto_increment,
        member_id bigint not null,
        updated_at datetime(6) not null,
        nickname varchar(50) not null,
        guide_style varchar(100),
        language varchar(100),
        region varchar(100) not null,
        profile_image varchar(500),
        bio TEXT,
        default_course TEXT,
        keywords TEXT,
        local_story TEXT,
        primary key (id)
    ) engine=InnoDB
2026-04-23 09:48:28.258 DEBUG [] org.hibernate.SQL - 
    create table guide_schedules (
        available_date date not null,
        end_time time(6) not null,
        is_paid bit not null,
        start_time time(6) not null,
        created_at datetime(6) not null,
        guide_id bigint not null,
        id bigint not null auto_increment,
        match_request_id bigint,
        updated_at datetime(6) not null,
        meeting_point varchar(200),
        course_detail TEXT,
        guide_message TEXT,
        status enum ('AVAILABLE','BLOCKED','BOOKED','PENDING') not null,
        primary key (id)
    ) engine=InnoDB
2026-04-23 09:48:28.268 DEBUG [] org.hibernate.SQL - 
    create table match_request (
        budget_max_won integer,
        budget_min_won integer,
        desired_budget integer,
        desired_date date not null,
        created_at DATETIME(6) not null,
        guest_id bigint not null,
        guide_id bigint not null,
        guide_schedule_id bigint not null,
        id bigint not null auto_increment,
        updated_at DATETIME(6) not null,
        cancelled_by varchar(20),
        cancel_reason TEXT,
        concept TEXT,
        concept_summary TEXT,
        destination varchar(255) not null,
        propose_message TEXT,
        proposed_schedule TEXT,
        status enum ('ACCEPTED','CANCELLED','COMPLETED','IN_PROGRESS','PAID','PENDING','REJECTED') not null,
        primary key (id),
        check (status IN ('PENDING','ACCEPTED','PAID','IN_PROGRESS','COMPLETED','CANCELLED','REJECTED'))
    ) engine=InnoDB
2026-04-23 09:48:28.284 DEBUG [] org.hibernate.SQL - 
    create table member (
        created_at DATETIME(6) DEFAULT CURRENT_TIMESTAMP(6) not null,
        id bigint not null auto_increment,
        updated_at DATETIME(6) DEFAULT CURRENT_TIMESTAMP(6) ON UPDATE CURRENT_TIMESTAMP(6) not null,
        name varchar(100) not null,
        nickname varchar(100),
        profile_image_url varchar(1000),
        email varchar(255) not null,
        password varchar(255) not null,
        role enum ('ADMIN','GUEST','GUIDE') not null,
        social_type enum ('GOOGLE','KAKAO'),
        status enum ('ACTIVE','WITHDRAWN') not null,
        primary key (id)
    ) engine=InnoDB
2026-04-23 09:48:28.286 WARN  [] o.h.t.s.i.ExceptionHandlerLoggedImpl - GenerationTarget encountered exception accepting command : Error executing DDL "
    create table member (
        created_at DATETIME(6) DEFAULT CURRENT_TIMESTAMP(6) not null,
        id bigint not null auto_increment,
        updated_at DATETIME(6) DEFAULT CURRENT_TIMESTAMP(6) ON UPDATE CURRENT_TIMESTAMP(6) not null,
        name varchar(100) not null,
        nickname varchar(100),
        profile_image_url varchar(1000),
        email varchar(255) not null,
        password varchar(255) not null,
        role enum ('ADMIN','GUEST','GUIDE') not null,
        social_type enum ('GOOGLE','KAKAO'),
        status enum ('ACTIVE','WITHDRAWN') not null,
        primary key (id)
    ) engine=InnoDB" via JDBC [Table 'member' already exists]
org.hibernate.tool.schema.spi.CommandAcceptanceException: Error executing DDL "
    create table member (
        created_at DATETIME(6) DEFAULT CURRENT_TIMESTAMP(6) not null,
        id bigint not null auto_increment,
        updated_at DATETIME(6) DEFAULT CURRENT_TIMESTAMP(6) ON UPDATE CURRENT_TIMESTAMP(6) not null,
        name varchar(100) not null,
        nickname varchar(100),
        profile_image_url varchar(1000),
        email varchar(255) not null,
        password varchar(255) not null,
        role enum ('ADMIN','GUEST','GUIDE') not null,
        social_type enum ('GOOGLE','KAKAO'),
        status enum ('ACTIVE','WITHDRAWN') not null,
        primary key (id)
    ) engine=InnoDB" via JDBC [Table 'member' already exists]
	at org.hibernate.tool.schema.internal.exec.GenerationTargetToDatabase.accept(GenerationTargetToDatabase.java:94)
	at org.hibernate.tool.schema.internal.Helper.applySqlString(Helper.java:233)
	at org.hibernate.tool.schema.internal.Helper.applySqlStrings(Helper.java:217)
	at org.hibernate.tool.schema.internal.SchemaCreatorImpl.createTables(SchemaCreatorImpl.java:430)
	at org.hibernate.tool.schema.internal.SchemaCreatorImpl.createSequencesTablesConstraints(SchemaCreatorImpl.java:346)
	at org.hibernate.tool.schema.internal.SchemaCreatorImpl.createFromMetadata(SchemaCreatorImpl.java:241)
	at org.hibernate.tool.schema.internal.SchemaCreatorImpl.performCreation(SchemaCreatorImpl.java:174)
	at org.hibernate.tool.schema.internal.SchemaCreatorImpl.doCreation(SchemaCreatorImpl.java:144)
	at org.hibernate.tool.schema.internal.SchemaCreatorImpl.doCreation(SchemaCreatorImpl.java:120)
	at org.hibernate.tool.schema.spi.SchemaManagementToolCoordinator.performDatabaseAction(SchemaManagementToolCoordinator.java:250)
	at org.hibernate.tool.schema.spi.SchemaManagementToolCoordinator.lambda$process$5(SchemaManagementToolCoordinator.java:144)
	at java.base/java.util.HashMap.forEach(HashMap.java:1421)
	at org.hibernate.tool.schema.spi.SchemaManagementToolCoordinator.process(SchemaManagementToolCoordinator.java:141)
	at org.hibernate.boot.internal.SessionFactoryObserverForSchemaExport.sessionFactoryCreated(SessionFactoryObserverForSchemaExport.java:37)
	at org.hibernate.internal.SessionFactoryObserverChain.sessionFactoryCreated(SessionFactoryObserverChain.java:35)
	at org.hibernate.internal.SessionFactoryImpl.<init>(SessionFactoryImpl.java:324)
	at org.hibernate.boot.internal.SessionFactoryBuilderImpl.build(SessionFactoryBuilderImpl.java:463)
	at org.hibernate.jpa.boot.internal.EntityManagerFactoryBuilderImpl.build(EntityManagerFactoryBuilderImpl.java:1517)
	at org.springframework.orm.jpa.vendor.SpringHibernateJpaPersistenceProvider.createContainerEntityManagerFactory(SpringHibernateJpaPersistenceProvider.java:66)
	at org.springframework.orm.jpa.LocalContainerEntityManagerFactoryBean.createNativeEntityManagerFactory(LocalContainerEntityManagerFactoryBean.java:390)
	at org.springframework.orm.jpa.AbstractEntityManagerFactoryBean.buildNativeEntityManagerFactory(AbstractEntityManagerFactoryBean.java:419)
	at org.springframework.orm.jpa.AbstractEntityManagerFactoryBean.afterPropertiesSet(AbstractEntityManagerFactoryBean.java:400)
	at org.springframework.orm.jpa.LocalContainerEntityManagerFactoryBean.afterPropertiesSet(LocalContainerEntityManagerFactoryBean.java:366)
	at org.springframework.beans.factory.support.AbstractAutowireCapableBeanFactory.invokeInitMethods(AbstractAutowireCapableBeanFactory.java:1865)
	at org.springframework.beans.factory.support.AbstractAutowireCapableBeanFactory.initializeBean(AbstractAutowireCapableBeanFactory.java:1814)
	at org.springframework.beans.factory.support.AbstractAutowireCapableBeanFactory.doCreateBean(AbstractAutowireCapableBeanFactory.java:607)
	at org.springframework.beans.factory.support.AbstractAutowireCapableBeanFactory.createBean(AbstractAutowireCapableBeanFactory.java:529)
	at org.springframework.beans.factory.support.AbstractBeanFactory.lambda$doGetBean$0(AbstractBeanFactory.java:339)
	at org.springframework.beans.factory.support.DefaultSingletonBeanRegistry.getSingleton(DefaultSingletonBeanRegistry.java:371)
	at org.springframework.beans.factory.support.AbstractBeanFactory.doGetBean(AbstractBeanFactory.java:337)
	at org.springframework.beans.factory.support.AbstractBeanFactory.getBean(AbstractBeanFactory.java:207)
	at org.springframework.context.support.AbstractApplicationContext.finishBeanFactoryInitialization(AbstractApplicationContext.java:970)
	at org.springframework.context.support.AbstractApplicationContext.refresh(AbstractApplicationContext.java:627)
	at org.springframework.boot.web.servlet.context.ServletWebServerApplicationContext.refresh(ServletWebServerApplicationContext.java:146)
	at org.springframework.boot.SpringApplication.refresh(SpringApplication.java:753)
	at org.springframework.boot.SpringApplication.refreshContext(SpringApplication.java:439)
	at org.springframework.boot.SpringApplication.run(SpringApplication.java:318)
	at org.springframework.boot.SpringApplication.run(SpringApplication.java:1362)
	at org.springframework.boot.SpringApplication.run(SpringApplication.java:1351)
	at com.team6.apiserver.ApiServerApplication.main(ApiServerApplication.java:31)
Caused by: java.sql.SQLSyntaxErrorException: Table 'member' already exists
	at com.mysql.cj.jdbc.exceptions.SQLError.createSQLException(SQLError.java:112)
	at com.mysql.cj.jdbc.exceptions.SQLExceptionsMapping.translateException(SQLExceptionsMapping.java:114)
	at com.mysql.cj.jdbc.StatementImpl.executeInternal(StatementImpl.java:837)
	at com.mysql.cj.jdbc.StatementImpl.execute(StatementImpl.java:685)
	at com.zaxxer.hikari.pool.ProxyStatement.execute(ProxyStatement.java:94)
	at com.zaxxer.hikari.pool.HikariProxyStatement.execute(HikariProxyStatement.java)
	at org.hibernate.tool.schema.internal.exec.GenerationTargetToDatabase.accept(GenerationTargetToDatabase.java:80)
	... 39 common frames omitted
2026-04-23 09:48:28.287 DEBUG [] org.hibernate.SQL - 
    create table payment (
        amount integer not null,
        created_at DATETIME(6) not null,
        id bigint not null auto_increment,
        match_request_id bigint not null,
        paid_at DATETIME(6),
        payer_id bigint not null,
        refund_deadline DATETIME(6),
        updated_at DATETIME(6) not null,
        payment_type varchar(20) not null,
        pg_order_no varchar(100) not null,
        pg_transaction_id varchar(100),
        status enum ('CANCELLED','COMPLETED','FAILED','PENDING','REFUNDED') not null,
        primary key (id),
        check (status IN ('PENDING','COMPLETED','REFUNDED','FAILED','CANCELLED') AND payment_type IN ('CHAT','ACCOMPANY','EXTENSION'))
    ) engine=InnoDB
2026-04-23 09:48:28.298 DEBUG [] org.hibernate.SQL - 
    create table refund (
        ai_processed bit not null,
        created_at DATETIME(6) not null,
        id bigint not null auto_increment,
        payment_id bigint not null,
        processed_at DATETIME(6),
        requester_id bigint not null,
        updated_at DATETIME(6) not null,
        evidence_url varchar(500),
        reason TEXT,
        refund_type enum ('AUTO','CANCEL_GUEST','CANCEL_GUIDE','MANUAL') not null,
        status enum ('APPROVED','PENDING','REJECTED') not null,
        primary key (id),
        check (status IN ('PENDING','APPROVED','REJECTED') AND refund_type IN ('AUTO','MANUAL','CANCEL_GUEST','CANCEL_GUIDE'))
    ) engine=InnoDB
2026-04-23 09:48:28.310 DEBUG [] org.hibernate.SQL - 
    create table review (
        deleted bit not null,
        rating integer not null,
        created_at DATETIME(6) DEFAULT CURRENT_TIMESTAMP(6) not null,
        deleted_at datetime(6),
        guide_id bigint,
        id bigint not null auto_increment,
        match_request_id bigint not null,
        member_id bigint not null,
        updated_at DATETIME(6) DEFAULT CURRENT_TIMESTAMP(6) ON UPDATE CURRENT_TIMESTAMP(6) not null,
        content Text,
        primary key (id)
    ) engine=InnoDB
2026-04-23 09:48:28.320 DEBUG [] org.hibernate.SQL - 
    create table scrapbooks (
        created_at datetime(6) not null,
        guest_id bigint not null,
        id bigint not null auto_increment,
        match_request_id bigint not null,
        updated_at datetime(6) not null,
        title varchar(100) not null,
        tags varchar(200),
        main_image_url varchar(500),
        content TEXT not null,
        primary key (id)
    ) engine=InnoDB
2026-04-23 09:48:28.331 DEBUG [] org.hibernate.SQL - 
    create table tour_extension (
        extended_date date not null,
        extended_price integer,
        created_at DATETIME(6) not null,
        deadline_at DATETIME(6) not null,
        guest_id bigint not null,
        guide_approved_at DATETIME(6),
        id bigint not null auto_increment,
        match_request_id bigint not null,
        requested_at DATETIME(6) not null,
        updated_at DATETIME(6) not null,
        status enum ('AUTO_CANCELLED','GUIDE_APPROVED','PAID','REJECTED','REQUESTED') not null,
        primary key (id),
        check (status IN ('REQUESTED','GUIDE_APPROVED','PAID','REJECTED','AUTO_CANCELLED'))
    ) engine=InnoDB
2026-04-23 09:48:28.343 DEBUG [] org.hibernate.SQL - 
    alter table chat_rooms 
       add constraint UKtmf6ectlc88brf0myju8ry0yt unique (room_id)
2026-04-23 09:48:28.351 DEBUG [] org.hibernate.SQL - 
    alter table guide_profiles 
       add constraint UKkbxalarf03km5aurrcpmc99s unique (member_id)
2026-04-23 09:48:28.359 DEBUG [] org.hibernate.SQL - 
    alter table guide_schedules 
       add constraint uq_schedule_time unique (guide_id, available_date, start_time, end_time)
2026-04-23 09:48:28.368 DEBUG [] org.hibernate.SQL - 
    create index idx_match_guest 
       on match_request (guest_id)
2026-04-23 09:48:28.378 DEBUG [] org.hibernate.SQL - 
    create index idx_match_guide 
       on match_request (guide_id)
2026-04-23 09:48:28.388 DEBUG [] org.hibernate.SQL - 
    alter table member 
       add constraint UKeqr1gnwwfupeqo38ju3by7dbf unique (email, role)
2026-04-23 09:48:28.390 WARN  [] o.h.t.s.i.ExceptionHandlerLoggedImpl - GenerationTarget encountered exception accepting command : Error executing DDL "
    alter table member 
       add constraint UKeqr1gnwwfupeqo38ju3by7dbf unique (email, role)" via JDBC [Duplicate key name 'UKeqr1gnwwfupeqo38ju3by7dbf']
org.hibernate.tool.schema.spi.CommandAcceptanceException: Error executing DDL "
    alter table member 
       add constraint UKeqr1gnwwfupeqo38ju3by7dbf unique (email, role)" via JDBC [Duplicate key name 'UKeqr1gnwwfupeqo38ju3by7dbf']
	at org.hibernate.tool.schema.internal.exec.GenerationTargetToDatabase.accept(GenerationTargetToDatabase.java:94)
	at org.hibernate.tool.schema.internal.Helper.applySqlString(Helper.java:233)
	at org.hibernate.tool.schema.internal.Helper.applySqlStrings(Helper.java:217)
	at org.hibernate.tool.schema.internal.SchemaCreatorImpl.createTableConstraints(SchemaCreatorImpl.java:402)
	at org.hibernate.tool.schema.internal.SchemaCreatorImpl.createSequencesTablesConstraints(SchemaCreatorImpl.java:358)
	at org.hibernate.tool.schema.internal.SchemaCreatorImpl.createFromMetadata(SchemaCreatorImpl.java:241)
	at org.hibernate.tool.schema.internal.SchemaCreatorImpl.performCreation(SchemaCreatorImpl.java:174)
	at org.hibernate.tool.schema.internal.SchemaCreatorImpl.doCreation(SchemaCreatorImpl.java:144)
	at org.hibernate.tool.schema.internal.SchemaCreatorImpl.doCreation(SchemaCreatorImpl.java:120)
	at org.hibernate.tool.schema.spi.SchemaManagementToolCoordinator.performDatabaseAction(SchemaManagementToolCoordinator.java:250)
	at org.hibernate.tool.schema.spi.SchemaManagementToolCoordinator.lambda$process$5(SchemaManagementToolCoordinator.java:144)
	at java.base/java.util.HashMap.forEach(HashMap.java:1421)
	at org.hibernate.tool.schema.spi.SchemaManagementToolCoordinator.process(SchemaManagementToolCoordinator.java:141)
	at org.hibernate.boot.internal.SessionFactoryObserverForSchemaExport.sessionFactoryCreated(SessionFactoryObserverForSchemaExport.java:37)
	at org.hibernate.internal.SessionFactoryObserverChain.sessionFactoryCreated(SessionFactoryObserverChain.java:35)
	at org.hibernate.internal.SessionFactoryImpl.<init>(SessionFactoryImpl.java:324)
	at org.hibernate.boot.internal.SessionFactoryBuilderImpl.build(SessionFactoryBuilderImpl.java:463)
	at org.hibernate.jpa.boot.internal.EntityManagerFactoryBuilderImpl.build(EntityManagerFactoryBuilderImpl.java:1517)
	at org.springframework.orm.jpa.vendor.SpringHibernateJpaPersistenceProvider.createContainerEntityManagerFactory(SpringHibernateJpaPersistenceProvider.java:66)
	at org.springframework.orm.jpa.LocalContainerEntityManagerFactoryBean.createNativeEntityManagerFactory(LocalContainerEntityManagerFactoryBean.java:390)
	at org.springframework.orm.jpa.AbstractEntityManagerFactoryBean.buildNativeEntityManagerFactory(AbstractEntityManagerFactoryBean.java:419)
	at org.springframework.orm.jpa.AbstractEntityManagerFactoryBean.afterPropertiesSet(AbstractEntityManagerFactoryBean.java:400)
	at org.springframework.orm.jpa.LocalContainerEntityManagerFactoryBean.afterPropertiesSet(LocalContainerEntityManagerFactoryBean.java:366)
	at org.springframework.beans.factory.support.AbstractAutowireCapableBeanFactory.invokeInitMethods(AbstractAutowireCapableBeanFactory.java:1865)
	at org.springframework.beans.factory.support.AbstractAutowireCapableBeanFactory.initializeBean(AbstractAutowireCapableBeanFactory.java:1814)
	at org.springframework.beans.factory.support.AbstractAutowireCapableBeanFactory.doCreateBean(AbstractAutowireCapableBeanFactory.java:607)
	at org.springframework.beans.factory.support.AbstractAutowireCapableBeanFactory.createBean(AbstractAutowireCapableBeanFactory.java:529)
	at org.springframework.beans.factory.support.AbstractBeanFactory.lambda$doGetBean$0(AbstractBeanFactory.java:339)
	at org.springframework.beans.factory.support.DefaultSingletonBeanRegistry.getSingleton(DefaultSingletonBeanRegistry.java:371)
	at org.springframework.beans.factory.support.AbstractBeanFactory.doGetBean(AbstractBeanFactory.java:337)
	at org.springframework.beans.factory.support.AbstractBeanFactory.getBean(AbstractBeanFactory.java:207)
	at org.springframework.context.support.AbstractApplicationContext.finishBeanFactoryInitialization(AbstractApplicationContext.java:970)
	at org.springframework.context.support.AbstractApplicationContext.refresh(AbstractApplicationContext.java:627)
	at org.springframework.boot.web.servlet.context.ServletWebServerApplicationContext.refresh(ServletWebServerApplicationContext.java:146)
	at org.springframework.boot.SpringApplication.refresh(SpringApplication.java:753)
	at org.springframework.boot.SpringApplication.refreshContext(SpringApplication.java:439)
	at org.springframework.boot.SpringApplication.run(SpringApplication.java:318)
	at org.springframework.boot.SpringApplication.run(SpringApplication.java:1362)
	at org.springframework.boot.SpringApplication.run(SpringApplication.java:1351)
	at com.team6.apiserver.ApiServerApplication.main(ApiServerApplication.java:31)
Caused by: java.sql.SQLSyntaxErrorException: Duplicate key name 'UKeqr1gnwwfupeqo38ju3by7dbf'
	at com.mysql.cj.jdbc.exceptions.SQLError.createSQLException(SQLError.java:112)
	at com.mysql.cj.jdbc.exceptions.SQLExceptionsMapping.translateException(SQLExceptionsMapping.java:114)
	at com.mysql.cj.jdbc.StatementImpl.executeInternal(StatementImpl.java:837)
	at com.mysql.cj.jdbc.StatementImpl.execute(StatementImpl.java:685)
	at com.zaxxer.hikari.pool.ProxyStatement.execute(ProxyStatement.java:94)
	at com.zaxxer.hikari.pool.HikariProxyStatement.execute(HikariProxyStatement.java)
	at org.hibernate.tool.schema.internal.exec.GenerationTargetToDatabase.accept(GenerationTargetToDatabase.java:80)
	... 39 common frames omitted
2026-04-23 09:48:28.391 DEBUG [] org.hibernate.SQL - 
    alter table member 
       add constraint UKhh9kg6jti4n1eoiertn2k6qsc unique (nickname)
2026-04-23 09:48:28.392 WARN  [] o.h.t.s.i.ExceptionHandlerLoggedImpl - GenerationTarget encountered exception accepting command : Error executing DDL "
    alter table member 
       add constraint UKhh9kg6jti4n1eoiertn2k6qsc unique (nickname)" via JDBC [Duplicate key name 'UKhh9kg6jti4n1eoiertn2k6qsc']
org.hibernate.tool.schema.spi.CommandAcceptanceException: Error executing DDL "
    alter table member 
       add constraint UKhh9kg6jti4n1eoiertn2k6qsc unique (nickname)" via JDBC [Duplicate key name 'UKhh9kg6jti4n1eoiertn2k6qsc']
	at org.hibernate.tool.schema.internal.exec.GenerationTargetToDatabase.accept(GenerationTargetToDatabase.java:94)
	at org.hibernate.tool.schema.internal.Helper.applySqlString(Helper.java:233)
	at org.hibernate.tool.schema.internal.Helper.applySqlStrings(Helper.java:217)
	at org.hibernate.tool.schema.internal.SchemaCreatorImpl.createTableConstraints(SchemaCreatorImpl.java:402)
	at org.hibernate.tool.schema.internal.SchemaCreatorImpl.createSequencesTablesConstraints(SchemaCreatorImpl.java:358)
	at org.hibernate.tool.schema.internal.SchemaCreatorImpl.createFromMetadata(SchemaCreatorImpl.java:241)
	at org.hibernate.tool.schema.internal.SchemaCreatorImpl.performCreation(SchemaCreatorImpl.java:174)
	at org.hibernate.tool.schema.internal.SchemaCreatorImpl.doCreation(SchemaCreatorImpl.java:144)
	at org.hibernate.tool.schema.internal.SchemaCreatorImpl.doCreation(SchemaCreatorImpl.java:120)
	at org.hibernate.tool.schema.spi.SchemaManagementToolCoordinator.performDatabaseAction(SchemaManagementToolCoordinator.java:250)
	at org.hibernate.tool.schema.spi.SchemaManagementToolCoordinator.lambda$process$5(SchemaManagementToolCoordinator.java:144)
	at java.base/java.util.HashMap.forEach(HashMap.java:1421)
	at org.hibernate.tool.schema.spi.SchemaManagementToolCoordinator.process(SchemaManagementToolCoordinator.java:141)
	at org.hibernate.boot.internal.SessionFactoryObserverForSchemaExport.sessionFactoryCreated(SessionFactoryObserverForSchemaExport.java:37)
	at org.hibernate.internal.SessionFactoryObserverChain.sessionFactoryCreated(SessionFactoryObserverChain.java:35)
	at org.hibernate.internal.SessionFactoryImpl.<init>(SessionFactoryImpl.java:324)
	at org.hibernate.boot.internal.SessionFactoryBuilderImpl.build(SessionFactoryBuilderImpl.java:463)
	at org.hibernate.jpa.boot.internal.EntityManagerFactoryBuilderImpl.build(EntityManagerFactoryBuilderImpl.java:1517)
	at org.springframework.orm.jpa.vendor.SpringHibernateJpaPersistenceProvider.createContainerEntityManagerFactory(SpringHibernateJpaPersistenceProvider.java:66)
	at org.springframework.orm.jpa.LocalContainerEntityManagerFactoryBean.createNativeEntityManagerFactory(LocalContainerEntityManagerFactoryBean.java:390)
	at org.springframework.orm.jpa.AbstractEntityManagerFactoryBean.buildNativeEntityManagerFactory(AbstractEntityManagerFactoryBean.java:419)
	at org.springframework.orm.jpa.AbstractEntityManagerFactoryBean.afterPropertiesSet(AbstractEntityManagerFactoryBean.java:400)
	at org.springframework.orm.jpa.LocalContainerEntityManagerFactoryBean.afterPropertiesSet(LocalContainerEntityManagerFactoryBean.java:366)
	at org.springframework.beans.factory.support.AbstractAutowireCapableBeanFactory.invokeInitMethods(AbstractAutowireCapableBeanFactory.java:1865)
	at org.springframework.beans.factory.support.AbstractAutowireCapableBeanFactory.initializeBean(AbstractAutowireCapableBeanFactory.java:1814)
	at org.springframework.beans.factory.support.AbstractAutowireCapableBeanFactory.doCreateBean(AbstractAutowireCapableBeanFactory.java:607)
	at org.springframework.beans.factory.support.AbstractAutowireCapableBeanFactory.createBean(AbstractAutowireCapableBeanFactory.java:529)
	at org.springframework.beans.factory.support.AbstractBeanFactory.lambda$doGetBean$0(AbstractBeanFactory.java:339)
	at org.springframework.beans.factory.support.DefaultSingletonBeanRegistry.getSingleton(DefaultSingletonBeanRegistry.java:371)
	at org.springframework.beans.factory.support.AbstractBeanFactory.doGetBean(AbstractBeanFactory.java:337)
	at org.springframework.beans.factory.support.AbstractBeanFactory.getBean(AbstractBeanFactory.java:207)
	at org.springframework.context.support.AbstractApplicationContext.finishBeanFactoryInitialization(AbstractApplicationContext.java:970)
	at org.springframework.context.support.AbstractApplicationContext.refresh(AbstractApplicationContext.java:627)
	at org.springframework.boot.web.servlet.context.ServletWebServerApplicationContext.refresh(ServletWebServerApplicationContext.java:146)
	at org.springframework.boot.SpringApplication.refresh(SpringApplication.java:753)
	at org.springframework.boot.SpringApplication.refreshContext(SpringApplication.java:439)
	at org.springframework.boot.SpringApplication.run(SpringApplication.java:318)
	at org.springframework.boot.SpringApplication.run(SpringApplication.java:1362)
	at org.springframework.boot.SpringApplication.run(SpringApplication.java:1351)
	at com.team6.apiserver.ApiServerApplication.main(ApiServerApplication.java:31)
Caused by: java.sql.SQLSyntaxErrorException: Duplicate key name 'UKhh9kg6jti4n1eoiertn2k6qsc'
	at com.mysql.cj.jdbc.exceptions.SQLError.createSQLException(SQLError.java:112)
	at com.mysql.cj.jdbc.exceptions.SQLExceptionsMapping.translateException(SQLExceptionsMapping.java:114)
	at com.mysql.cj.jdbc.StatementImpl.executeInternal(StatementImpl.java:837)
	at com.mysql.cj.jdbc.StatementImpl.execute(StatementImpl.java:685)
	at com.zaxxer.hikari.pool.ProxyStatement.execute(ProxyStatement.java:94)
	at com.zaxxer.hikari.pool.HikariProxyStatement.execute(HikariProxyStatement.java)
	at org.hibernate.tool.schema.internal.exec.GenerationTargetToDatabase.accept(GenerationTargetToDatabase.java:80)
	... 39 common frames omitted
2026-04-23 09:48:28.393 DEBUG [] org.hibernate.SQL - 
    create index idx_payment_payer 
       on payment (payer_id)
2026-04-23 09:48:28.403 DEBUG [] org.hibernate.SQL - 
    alter table payment 
       add constraint uq_payment_unique unique (match_request_id, payment_type)
2026-04-23 09:48:28.413 DEBUG [] org.hibernate.SQL - 
    alter table payment 
       add constraint UKljlo9vyedeereqhpwyr9tknqc unique (pg_order_no)
2026-04-23 09:48:28.424 DEBUG [] org.hibernate.SQL - 
    alter table review 
       add constraint UKioc95svtshsmxvlxc8us5yelq unique (match_request_id)
2026-04-23 09:48:28.433 DEBUG [] org.hibernate.SQL - 
    alter table scrapbooks 
       add constraint uq_scrapbook_match unique (match_request_id)
2026-04-23 09:48:28.441 DEBUG [] org.hibernate.SQL - 
    alter table chat_participants 
       add constraint FKk0pkxdxk2whcy4j9lovmexvkq 
       foreign key (chat_room_id) 
       references chat_rooms (id)
2026-04-23 09:48:28.505 DEBUG [] org.hibernate.SQL - 
    alter table guide_careers 
       add constraint fk_guide_careers_guide 
       foreign key (guide_id) 
       references guide_profiles (id)
2026-04-23 09:48:28.535 DEBUG [] org.hibernate.SQL - 
    alter table guide_feeds 
       add constraint FKl5ncbecyap26kipe8hbrrv259 
       foreign key (guide_id) 
       references guide_profiles (id)
2026-04-23 09:48:28.566 DEBUG [] org.hibernate.SQL - 
    alter table guide_images 
       add constraint fk_guide_images_guide 
       foreign key (guide_id) 
       references guide_profiles (id)
2026-04-23 09:48:28.599 DEBUG [] org.hibernate.SQL - 
    alter table guide_schedules 
       add constraint FK9a3cimgvlpika296h0fkluqbl 
       foreign key (guide_id) 
       references guide_profiles (id)
2026-04-23 09:48:28.635 DEBUG [] org.hibernate.SQL - 
    alter table payment 
       add constraint fk_payment_match_req 
       foreign key (match_request_id) 
       references match_request (id)
2026-04-23 09:48:28.681 DEBUG [] org.hibernate.SQL - 
    alter table refund 
       add constraint fk_refund_payment 
       foreign key (payment_id) 
       references payment (id)
2026-04-23 09:48:28.720 DEBUG [] org.hibernate.SQL - 
    alter table review 
       add constraint FKk0ccx5i4ci2wd70vegug074w1 
       foreign key (member_id) 
       references member (id)
2026-04-23 09:48:28.753 DEBUG [] org.hibernate.SQL - 
    alter table tour_extension 
       add constraint fk_extension_match_req 
       foreign key (match_request_id) 
       references match_request (id)
2026-04-23 09:48:28.794 INFO  [] o.s.o.j.LocalContainerEntityManagerFactoryBean - Initialized JPA EntityManagerFactory for persistence unit 'default'
2026-04-23 09:48:29.986 INFO  [] o.s.d.j.r.query.QueryEnhancerFactory - Hibernate is in classpath; If applicable, HQL parser will be used.
2026-04-23 09:48:31.451 INFO  [] org.mongodb.driver.client - MongoClient with metadata {"driver": {"name": "mongo-java-driver|sync|spring-boot", "version": "5.2.1"}, "os": {"type": "Windows", "name": "Windows 11", "architecture": "amd64", "version": "10.0"}, "platform": "Java/Amazon.com Inc./17.0.18+9-LTS"} created with settings MongoClientSettings{readPreference=primary, writeConcern=WriteConcern{w=null, wTimeout=null ms, journal=null}, retryWrites=true, retryReads=true, readConcern=ReadConcern{level=null}, credential=null, transportSettings=null, commandListeners=[io.micrometer.core.instrument.binder.mongodb.MongoMetricsCommandListener@2563d994], codecRegistry=ProvidersCodecRegistry{codecProviders=[ValueCodecProvider{}, BsonValueCodecProvider{}, DBRefCodecProvider{}, DBObjectCodecProvider{}, DocumentCodecProvider{}, CollectionCodecProvider{}, IterableCodecProvider{}, MapCodecProvider{}, GeoJsonCodecProvider{}, GridFSFileCodecProvider{}, Jsr310CodecProvider{}, JsonObjectCodecProvider{}, BsonCodecProvider{}, EnumCodecProvider{}, com.mongodb.client.model.mql.ExpressionCodecProvider@43900101, com.mongodb.Jep395RecordCodecProvider@57c09e37, com.mongodb.KotlinCodecProvider@cb02e46]}, loggerSettings=LoggerSettings{maxDocumentLength=1000}, clusterSettings={hosts=[localhost:27017], srvServiceName=mongodb, mode=SINGLE, requiredClusterType=UNKNOWN, requiredReplicaSetName='null', serverSelector='null', clusterListeners='[]', serverSelectionTimeout='30000 ms', localThreshold='15 ms'}, socketSettings=SocketSettings{connectTimeoutMS=10000, readTimeoutMS=0, receiveBufferSize=0, proxySettings=ProxySettings{host=null, port=null, username=null, password=null}}, heartbeatSocketSettings=SocketSettings{connectTimeoutMS=10000, readTimeoutMS=10000, receiveBufferSize=0, proxySettings=ProxySettings{host=null, port=null, username=null, password=null}}, connectionPoolSettings=ConnectionPoolSettings{maxSize=100, minSize=0, maxWaitTimeMS=120000, maxConnectionLifeTimeMS=0, maxConnectionIdleTimeMS=0, maintenanceInitialDelayMS=0, maintenanceFrequencyMS=60000, connectionPoolListeners=[io.micrometer.core.instrument.binder.mongodb.MongoMetricsConnectionPoolListener@6f99ed9f], maxConnecting=2}, serverSettings=ServerSettings{heartbeatFrequencyMS=10000, minHeartbeatFrequencyMS=500, serverMonitoringMode=AUTO, serverListeners='[]', serverMonitorListeners='[]'}, sslSettings=SslSettings{enabled=false, invalidHostNameAllowed=false, context=null}, applicationName='null', compressorList=[], uuidRepresentation=JAVA_LEGACY, serverApi=null, autoEncryptionSettings=null, dnsClient=null, inetAddressResolver=null, contextProvider=null, timeoutMS=null}
2026-04-23 09:48:31.464 INFO  [] org.mongodb.driver.cluster - Monitor thread successfully connected to server with description ServerDescription{address=localhost:27017, type=STANDALONE, cryptd=false, state=CONNECTED, ok=true, minWireVersion=0, maxWireVersion=27, maxDocumentSize=16777216, logicalSessionTimeoutMinutes=30, roundTripTimeNanos=28186400, minRoundTripTimeNanos=0}
2026-04-23 09:48:32.098 WARN  [] o.s.b.a.o.j.JpaBaseConfiguration$JpaWebConfiguration - spring.jpa.open-in-view is enabled by default. Therefore, database queries may be performed during view rendering. Explicitly configure spring.jpa.open-in-view to disable this warning
2026-04-23 09:48:32.619 INFO  [] o.s.b.a.e.web.EndpointLinksResolver - Exposing 1 endpoint beneath base path '/actuator'
2026-04-23 09:48:32.781 WARN  [] o.s.s.c.a.web.builders.WebSecurity - You are asking Spring Security to ignore Deferred [Mvc [pattern='/actuator/**'], Ant [pattern='/actuator/**']]. This is not recommended -- please use permitAll via HttpSecurity#authorizeHttpRequests instead.
2026-04-23 09:48:32.781 WARN  [] o.s.s.c.a.web.builders.WebSecurity - You are asking Spring Security to ignore Deferred [Mvc [pattern='/api/actuator/**'], Ant [pattern='/api/actuator/**']]. This is not recommended -- please use permitAll via HttpSecurity#authorizeHttpRequests instead.
2026-04-23 09:48:32.781 WARN  [] o.s.s.c.a.web.builders.WebSecurity - You are asking Spring Security to ignore Deferred [Mvc [pattern='/v3/api-docs/**'], Ant [pattern='/v3/api-docs/**']]. This is not recommended -- please use permitAll via HttpSecurity#authorizeHttpRequests instead.
2026-04-23 09:48:32.781 WARN  [] o.s.s.c.a.web.builders.WebSecurity - You are asking Spring Security to ignore Deferred [Mvc [pattern='/swagger-ui/**'], Ant [pattern='/swagger-ui/**']]. This is not recommended -- please use permitAll via HttpSecurity#authorizeHttpRequests instead.
2026-04-23 09:48:32.781 WARN  [] o.s.s.c.a.web.builders.WebSecurity - You are asking Spring Security to ignore Deferred [Mvc [pattern='/api/v3/api-docs/**'], Ant [pattern='/api/v3/api-docs/**']]. This is not recommended -- please use permitAll via HttpSecurity#authorizeHttpRequests instead.
2026-04-23 09:48:32.781 WARN  [] o.s.s.c.a.web.builders.WebSecurity - You are asking Spring Security to ignore Deferred [Mvc [pattern='/api/swagger-ui/**'], Ant [pattern='/api/swagger-ui/**']]. This is not recommended -- please use permitAll via HttpSecurity#authorizeHttpRequests instead.
2026-04-23 09:48:33.464 INFO  [] o.s.m.s.b.SimpleBrokerMessageHandler - Starting...
2026-04-23 09:48:33.464 INFO  [] o.s.m.s.b.SimpleBrokerMessageHandler - BrokerAvailabilityEvent[available=true, SimpleBrokerMessageHandler [org.springframework.messaging.simp.broker.DefaultSubscriptionRegistry@287f0369]]
2026-04-23 09:48:33.464 INFO  [] o.s.m.s.b.SimpleBrokerMessageHandler - Started.
2026-04-23 09:48:33.465 INFO  [] o.a.coyote.http11.Http11NioProtocol - Starting ProtocolHandler ["http-nio-8080"]
2026-04-23 09:48:33.491 INFO  [] o.s.b.w.e.tomcat.TomcatWebServer - Tomcat started on port 8080 (http) with context path '/api'
2026-04-23 09:48:33.947 INFO  [] c.t.apiserver.ApiServerApplication - Started ApiServerApplication in 11.664 seconds (process running for 12.218)
2026-04-23 09:48:34.578 INFO  [] o.a.c.c.C.[.[localhost].[/api] - Initializing Spring DispatcherServlet 'dispatcherServlet'
2026-04-23 09:48:34.578 INFO  [] o.s.web.servlet.DispatcherServlet - Initializing Servlet 'dispatcherServlet'
2026-04-23 09:48:34.581 INFO  [] o.s.web.servlet.DispatcherServlet - Completed initialization in 3 ms
2026-04-23 09:48:56.529 DEBUG [7c780894] org.hibernate.SQL - 
    /* <criteria> */ select
        gp1_0.id,
        gp1_0.average_rating,
        gp1_0.bio,
        gp1_0.created_at,
        gp1_0.default_course,
        gp1_0.guide_style,
        gp1_0.is_active,
        gp1_0.is_approved,
        gp1_0.keywords,
        gp1_0.language,
        gp1_0.local_story,
        gp1_0.member_id,
        gp1_0.nickname,
        gp1_0.price_per_hour,
        gp1_0.profile_image,
        gp1_0.region,
        gp1_0.residence_years,
        gp1_0.review_count,
        gp1_0.updated_at 
    from
        guide_profiles gp1_0 
    where
        gp1_0.is_approved 
        and gp1_0.is_active
2026-04-23 09:48:56.576 INFO  [7fa1b3bc] c.t.a.logging.MdcLoggingFilter - [HTTP] 요청 완료 - statusCode: 401, latencyMs: 257, requestUri: /api/matching/requests/guide/list, method: GET
2026-04-23 09:48:56.595 INFO  [e7ecb629] c.t.a.logging.MdcLoggingFilter - [HTTP] 요청 완료 - statusCode: 401, latencyMs: 6, requestUri: /api/matching/requests/guide/list, method: GET
2026-04-23 09:48:56.657 INFO  [7c780894] c.t.a.logging.MdcLoggingFilter - [HTTP] 요청 완료 - statusCode: 200, latencyMs: 339, requestUri: /api/guides, method: GET
2026-04-23 09:48:56.664 DEBUG [70c8d14e] org.hibernate.SQL - 
    /* <criteria> */ select
        gp1_0.id,
        gp1_0.average_rating,
        gp1_0.bio,
        gp1_0.created_at,
        gp1_0.default_course,
        gp1_0.guide_style,
        gp1_0.is_active,
        gp1_0.is_approved,
        gp1_0.keywords,
        gp1_0.language,
        gp1_0.local_story,
        gp1_0.member_id,
        gp1_0.nickname,
        gp1_0.price_per_hour,
        gp1_0.profile_image,
        gp1_0.region,
        gp1_0.residence_years,
        gp1_0.review_count,
        gp1_0.updated_at 
    from
        guide_profiles gp1_0 
    where
        gp1_0.is_approved 
        and gp1_0.is_active
2026-04-23 09:48:56.669 INFO  [70c8d14e] c.t.a.logging.MdcLoggingFilter - [HTTP] 요청 완료 - statusCode: 200, latencyMs: 10, requestUri: /api/guides, method: GET
2026-04-23 09:49:00.024 DEBUG [] org.hibernate.SQL - 
    /* <criteria> */ select
        te1_0.id,
        te1_0.created_at,
        te1_0.deadline_at,
        te1_0.extended_date,
        te1_0.extended_price,
        te1_0.guest_id,
        te1_0.guide_approved_at,
        te1_0.match_request_id,
        te1_0.requested_at,
        te1_0.status,
        te1_0.updated_at 
    from
        tour_extension te1_0 
    where
        te1_0.status=? 
        and te1_0.deadline_at<?
2026-04-23 09:49:00.026 TRACE [] org.hibernate.orm.jdbc.bind - binding parameter (1:ENUM) <- [REQUESTED]
2026-04-23 09:49:00.026 TRACE [] org.hibernate.orm.jdbc.bind - binding parameter (2:TIMESTAMP) <- [2026-04-23T09:49:00.011624600]
2026-04-23 09:49:14.996 DEBUG [12d51a3a] org.hibernate.SQL - 
    /* <criteria> */ select
        gp1_0.id,
        gp1_0.average_rating,
        gp1_0.bio,
        gp1_0.created_at,
        gp1_0.default_course,
        gp1_0.guide_style,
        gp1_0.is_active,
        gp1_0.is_approved,
        gp1_0.keywords,
        gp1_0.language,
        gp1_0.local_story,
        gp1_0.member_id,
        gp1_0.nickname,
        gp1_0.price_per_hour,
        gp1_0.profile_image,
        gp1_0.region,
        gp1_0.residence_years,
        gp1_0.review_count,
        gp1_0.updated_at 
    from
        guide_profiles gp1_0 
    where
        gp1_0.is_approved 
        and gp1_0.is_active
2026-04-23 09:49:14.999 INFO  [12d51a3a] c.t.a.logging.MdcLoggingFilter - [HTTP] 요청 완료 - statusCode: 200, latencyMs: 7, requestUri: /api/guides, method: GET
2026-04-23 09:49:15.006 DEBUG [b568eb53] org.hibernate.SQL - 
    /* <criteria> */ select
        gp1_0.id,
        gp1_0.average_rating,
        gp1_0.bio,
        gp1_0.created_at,
        gp1_0.default_course,
        gp1_0.guide_style,
        gp1_0.is_active,
        gp1_0.is_approved,
        gp1_0.keywords,
        gp1_0.language,
        gp1_0.local_story,
        gp1_0.member_id,
        gp1_0.nickname,
        gp1_0.price_per_hour,
        gp1_0.profile_image,
        gp1_0.region,
        gp1_0.residence_years,
        gp1_0.review_count,
        gp1_0.updated_at 
    from
        guide_profiles gp1_0 
    where
        gp1_0.is_approved 
        and gp1_0.is_active
2026-04-23 09:49:15.009 INFO  [b568eb53] c.t.a.logging.MdcLoggingFilter - [HTTP] 요청 완료 - statusCode: 200, latencyMs: 6, requestUri: /api/guides, method: GET
2026-04-23 09:49:33.441 INFO  [] o.s.w.s.c.WebSocketMessageBrokerStats - WebSocketSession[0 current WS(0)-HttpStream(0)-HttpPoll(0), 0 total, 0 closed abnormally (0 connect failure, 0 send limit, 0 transport error)], stompSubProtocol[processed CONNECT(0)-CONNECTED(0)-DISCONNECT(0)], stompBrokerRelay[null], inboundChannel[pool size = 0, active threads = 0, queued tasks = 0, completed tasks = 0], outboundChannel[pool size = 0, active threads = 0, queued tasks = 0, completed tasks = 0], sockJsScheduler[pool size = 5, active threads = 1, queued tasks = 2, completed tasks = 2]
2026-04-23 09:50:00.008 DEBUG [] org.hibernate.SQL - 
    /* <criteria> */ select
        te1_0.id,
        te1_0.created_at,
        te1_0.deadline_at,
        te1_0.extended_date,
        te1_0.extended_price,
        te1_0.guest_id,
        te1_0.guide_approved_at,
        te1_0.match_request_id,
        te1_0.requested_at,
        te1_0.status,
        te1_0.updated_at 
    from
        tour_extension te1_0 
    where
        te1_0.status=? 
        and te1_0.deadline_at<?
2026-04-23 09:50:00.009 TRACE [] org.hibernate.orm.jdbc.bind - binding parameter (1:ENUM) <- [REQUESTED]
2026-04-23 09:50:00.009 TRACE [] org.hibernate.orm.jdbc.bind - binding parameter (2:TIMESTAMP) <- [2026-04-23T09:50:00.007127200]
2026-04-23 09:51:00.014 DEBUG [] org.hibernate.SQL - 
    /* <criteria> */ select
        te1_0.id,
        te1_0.created_at,
        te1_0.deadline_at,
        te1_0.extended_date,
        te1_0.extended_price,
        te1_0.guest_id,
        te1_0.guide_approved_at,
        te1_0.match_request_id,
        te1_0.requested_at,
        te1_0.status,
        te1_0.updated_at 
    from
        tour_extension te1_0 
    where
        te1_0.status=? 
        and te1_0.deadline_at<?
2026-04-23 09:51:00.015 TRACE [] org.hibernate.orm.jdbc.bind - binding parameter (1:ENUM) <- [REQUESTED]
2026-04-23 09:51:00.015 TRACE [] org.hibernate.orm.jdbc.bind - binding parameter (2:TIMESTAMP) <- [2026-04-23T09:51:00.013710500]
2026-04-23 09:52:00.005 DEBUG [] org.hibernate.SQL - 
    /* <criteria> */ select
        te1_0.id,
        te1_0.created_at,
        te1_0.deadline_at,
        te1_0.extended_date,
        te1_0.extended_price,
        te1_0.guest_id,
        te1_0.guide_approved_at,
        te1_0.match_request_id,
        te1_0.requested_at,
        te1_0.status,
        te1_0.updated_at 
    from
        tour_extension te1_0 
    where
        te1_0.status=? 
        and te1_0.deadline_at<?
2026-04-23 09:52:00.006 TRACE [] org.hibernate.orm.jdbc.bind - binding parameter (1:ENUM) <- [REQUESTED]
2026-04-23 09:52:00.006 TRACE [] org.hibernate.orm.jdbc.bind - binding parameter (2:TIMESTAMP) <- [2026-04-23T09:52:00.004987200]
2026-04-23 09:53:00.016 DEBUG [] org.hibernate.SQL - 
    /* <criteria> */ select
        te1_0.id,
        te1_0.created_at,
        te1_0.deadline_at,
        te1_0.extended_date,
        te1_0.extended_price,
        te1_0.guest_id,
        te1_0.guide_approved_at,
        te1_0.match_request_id,
        te1_0.requested_at,
        te1_0.status,
        te1_0.updated_at 
    from
        tour_extension te1_0 
    where
        te1_0.status=? 
        and te1_0.deadline_at<?
2026-04-23 09:53:00.017 TRACE [] org.hibernate.orm.jdbc.bind - binding parameter (1:ENUM) <- [REQUESTED]
2026-04-23 09:53:00.017 TRACE [] org.hibernate.orm.jdbc.bind - binding parameter (2:TIMESTAMP) <- [2026-04-23T09:53:00.015855]
2026-04-23 09:54:00.006 DEBUG [] org.hibernate.SQL - 
    /* <criteria> */ select
        te1_0.id,
        te1_0.created_at,
        te1_0.deadline_at,
        te1_0.extended_date,
        te1_0.extended_price,
        te1_0.guest_id,
        te1_0.guide_approved_at,
        te1_0.match_request_id,
        te1_0.requested_at,
        te1_0.status,
        te1_0.updated_at 
    from
        tour_extension te1_0 
    where
        te1_0.status=? 
        and te1_0.deadline_at<?
2026-04-23 09:54:00.006 TRACE [] org.hibernate.orm.jdbc.bind - binding parameter (1:ENUM) <- [REQUESTED]
2026-04-23 09:54:00.006 TRACE [] org.hibernate.orm.jdbc.bind - binding parameter (2:TIMESTAMP) <- [2026-04-23T09:54:00.004688900]
2026-04-23 09:55:00.006 DEBUG [] org.hibernate.SQL - 
    /* <criteria> */ select
        te1_0.id,
        te1_0.created_at,
        te1_0.deadline_at,
        te1_0.extended_date,
        te1_0.extended_price,
        te1_0.guest_id,
        te1_0.guide_approved_at,
        te1_0.match_request_id,
        te1_0.requested_at,
        te1_0.status,
        te1_0.updated_at 
    from
        tour_extension te1_0 
    where
        te1_0.status=? 
        and te1_0.deadline_at<?
2026-04-23 09:55:00.007 TRACE [] org.hibernate.orm.jdbc.bind - binding parameter (1:ENUM) <- [REQUESTED]
2026-04-23 09:55:00.007 TRACE [] org.hibernate.orm.jdbc.bind - binding parameter (2:TIMESTAMP) <- [2026-04-23T09:55:00.005215800]
2026-04-23 09:56:00.011 DEBUG [] org.hibernate.SQL - 
    /* <criteria> */ select
        te1_0.id,
        te1_0.created_at,
        te1_0.deadline_at,
        te1_0.extended_date,
        te1_0.extended_price,
        te1_0.guest_id,
        te1_0.guide_approved_at,
        te1_0.match_request_id,
        te1_0.requested_at,
        te1_0.status,
        te1_0.updated_at 
    from
        tour_extension te1_0 
    where
        te1_0.status=? 
        and te1_0.deadline_at<?
2026-04-23 09:56:00.012 TRACE [] org.hibernate.orm.jdbc.bind - binding parameter (1:ENUM) <- [REQUESTED]
2026-04-23 09:56:00.012 TRACE [] org.hibernate.orm.jdbc.bind - binding parameter (2:TIMESTAMP) <- [2026-04-23T09:56:00.010781700]
2026-04-23 09:57:00.003 DEBUG [] org.hibernate.SQL - 
    /* <criteria> */ select
        te1_0.id,
        te1_0.created_at,
        te1_0.deadline_at,
        te1_0.extended_date,
        te1_0.extended_price,
        te1_0.guest_id,
        te1_0.guide_approved_at,
        te1_0.match_request_id,
        te1_0.requested_at,
        te1_0.status,
        te1_0.updated_at 
    from
        tour_extension te1_0 
    where
        te1_0.status=? 
        and te1_0.deadline_at<?
2026-04-23 09:57:00.004 TRACE [] org.hibernate.orm.jdbc.bind - binding parameter (1:ENUM) <- [REQUESTED]
2026-04-23 09:57:00.004 TRACE [] org.hibernate.orm.jdbc.bind - binding parameter (2:TIMESTAMP) <- [2026-04-23T09:57:00.002022700]
2026-04-23 09:58:00.012 DEBUG [] org.hibernate.SQL - 
    /* <criteria> */ select
        te1_0.id,
        te1_0.created_at,
        te1_0.deadline_at,
        te1_0.extended_date,
        te1_0.extended_price,
        te1_0.guest_id,
        te1_0.guide_approved_at,
        te1_0.match_request_id,
        te1_0.requested_at,
        te1_0.status,
        te1_0.updated_at 
    from
        tour_extension te1_0 
    where
        te1_0.status=? 
        and te1_0.deadline_at<?
2026-04-23 09:58:00.012 TRACE [] org.hibernate.orm.jdbc.bind - binding parameter (1:ENUM) <- [REQUESTED]
2026-04-23 09:58:00.012 TRACE [] org.hibernate.orm.jdbc.bind - binding parameter (2:TIMESTAMP) <- [2026-04-23T09:58:00.011717]
2026-04-23 09:59:00.017 DEBUG [] org.hibernate.SQL - 
    /* <criteria> */ select
        te1_0.id,
        te1_0.created_at,
        te1_0.deadline_at,
        te1_0.extended_date,
        te1_0.extended_price,
        te1_0.guest_id,
        te1_0.guide_approved_at,
        te1_0.match_request_id,
        te1_0.requested_at,
        te1_0.status,
        te1_0.updated_at 
    from
        tour_extension te1_0 
    where
        te1_0.status=? 
        and te1_0.deadline_at<?
2026-04-23 09:59:00.018 TRACE [] org.hibernate.orm.jdbc.bind - binding parameter (1:ENUM) <- [REQUESTED]
2026-04-23 09:59:00.018 TRACE [] org.hibernate.orm.jdbc.bind - binding parameter (2:TIMESTAMP) <- [2026-04-23T09:59:00.017195700]
2026-04-23 10:00:00.006 DEBUG [] org.hibernate.SQL - 
    /* <criteria> */ select
        te1_0.id,
        te1_0.created_at,
        te1_0.deadline_at,
        te1_0.extended_date,
        te1_0.extended_price,
        te1_0.guest_id,
        te1_0.guide_approved_at,
        te1_0.match_request_id,
        te1_0.requested_at,
        te1_0.status,
        te1_0.updated_at 
    from
        tour_extension te1_0 
    where
        te1_0.status=? 
        and te1_0.deadline_at<?
2026-04-23 10:00:00.006 TRACE [] org.hibernate.orm.jdbc.bind - binding parameter (1:ENUM) <- [REQUESTED]
2026-04-23 10:00:00.006 TRACE [] org.hibernate.orm.jdbc.bind - binding parameter (2:TIMESTAMP) <- [2026-04-23T10:00:00.004037600]
2026-04-23 10:01:00.014 DEBUG [] org.hibernate.SQL - 
    /* <criteria> */ select
        te1_0.id,
        te1_0.created_at,
        te1_0.deadline_at,
        te1_0.extended_date,
        te1_0.extended_price,
        te1_0.guest_id,
        te1_0.guide_approved_at,
        te1_0.match_request_id,
        te1_0.requested_at,
        te1_0.status,
        te1_0.updated_at 
    from
        tour_extension te1_0 
    where
        te1_0.status=? 
        and te1_0.deadline_at<?
2026-04-23 10:01:00.014 TRACE [] org.hibernate.orm.jdbc.bind - binding parameter (1:ENUM) <- [REQUESTED]
2026-04-23 10:01:00.014 TRACE [] org.hibernate.orm.jdbc.bind - binding parameter (2:TIMESTAMP) <- [2026-04-23T10:01:00.013134400]
2026-04-23 10:02:00.003 DEBUG [] org.hibernate.SQL - 
    /* <criteria> */ select
        te1_0.id,
        te1_0.created_at,
        te1_0.deadline_at,
        te1_0.extended_date,
        te1_0.extended_price,
        te1_0.guest_id,
        te1_0.guide_approved_at,
        te1_0.match_request_id,
        te1_0.requested_at,
        te1_0.status,
        te1_0.updated_at 
    from
        tour_extension te1_0 
    where
        te1_0.status=? 
        and te1_0.deadline_at<?
2026-04-23 10:02:00.003 TRACE [] org.hibernate.orm.jdbc.bind - binding parameter (1:ENUM) <- [REQUESTED]
2026-04-23 10:02:00.003 TRACE [] org.hibernate.orm.jdbc.bind - binding parameter (2:TIMESTAMP) <- [2026-04-23T10:02:00.001265100]
2026-04-23 10:03:00.005 DEBUG [] org.hibernate.SQL - 
    /* <criteria> */ select
        te1_0.id,
        te1_0.created_at,
        te1_0.deadline_at,
        te1_0.extended_date,
        te1_0.extended_price,
        te1_0.guest_id,
        te1_0.guide_approved_at,
        te1_0.match_request_id,
        te1_0.requested_at,
        te1_0.status,
        te1_0.updated_at 
    from
        tour_extension te1_0 
    where
        te1_0.status=? 
        and te1_0.deadline_at<?
2026-04-23 10:03:00.005 TRACE [] org.hibernate.orm.jdbc.bind - binding parameter (1:ENUM) <- [REQUESTED]
2026-04-23 10:03:00.005 TRACE [] org.hibernate.orm.jdbc.bind - binding parameter (2:TIMESTAMP) <- [2026-04-23T10:03:00.002653300]
2026-04-23 10:04:00.009 DEBUG [] org.hibernate.SQL - 
    /* <criteria> */ select
        te1_0.id,
        te1_0.created_at,
        te1_0.deadline_at,
        te1_0.extended_date,
        te1_0.extended_price,
        te1_0.guest_id,
        te1_0.guide_approved_at,
        te1_0.match_request_id,
        te1_0.requested_at,
        te1_0.status,
        te1_0.updated_at 
    from
        tour_extension te1_0 
    where
        te1_0.status=? 
        and te1_0.deadline_at<?
2026-04-23 10:04:00.009 TRACE [] org.hibernate.orm.jdbc.bind - binding parameter (1:ENUM) <- [REQUESTED]
2026-04-23 10:04:00.009 TRACE [] org.hibernate.orm.jdbc.bind - binding parameter (2:TIMESTAMP) <- [2026-04-23T10:04:00.008383300]
2026-04-23 10:05:00.015 DEBUG [] org.hibernate.SQL - 
    /* <criteria> */ select
        te1_0.id,
        te1_0.created_at,
        te1_0.deadline_at,
        te1_0.extended_date,
        te1_0.extended_price,
        te1_0.guest_id,
        te1_0.guide_approved_at,
        te1_0.match_request_id,
        te1_0.requested_at,
        te1_0.status,
        te1_0.updated_at 
    from
        tour_extension te1_0 
    where
        te1_0.status=? 
        and te1_0.deadline_at<?
2026-04-23 10:05:00.016 TRACE [] org.hibernate.orm.jdbc.bind - binding parameter (1:ENUM) <- [REQUESTED]
2026-04-23 10:05:00.016 TRACE [] org.hibernate.orm.jdbc.bind - binding parameter (2:TIMESTAMP) <- [2026-04-23T10:05:00.014662900]
2026-04-23 10:06:00.008 DEBUG [] org.hibernate.SQL - 
    /* <criteria> */ select
        te1_0.id,
        te1_0.created_at,
        te1_0.deadline_at,
        te1_0.extended_date,
        te1_0.extended_price,
        te1_0.guest_id,
        te1_0.guide_approved_at,
        te1_0.match_request_id,
        te1_0.requested_at,
        te1_0.status,
        te1_0.updated_at 
    from
        tour_extension te1_0 
    where
        te1_0.status=? 
        and te1_0.deadline_at<?
2026-04-23 10:06:00.009 TRACE [] org.hibernate.orm.jdbc.bind - binding parameter (1:ENUM) <- [REQUESTED]
2026-04-23 10:06:00.009 TRACE [] org.hibernate.orm.jdbc.bind - binding parameter (2:TIMESTAMP) <- [2026-04-23T10:06:00.006872700]
2026-04-23 10:07:00.012 DEBUG [] org.hibernate.SQL - 
    /* <criteria> */ select
        te1_0.id,
        te1_0.created_at,
        te1_0.deadline_at,
        te1_0.extended_date,
        te1_0.extended_price,
        te1_0.guest_id,
        te1_0.guide_approved_at,
        te1_0.match_request_id,
        te1_0.requested_at,
        te1_0.status,
        te1_0.updated_at 
    from
        tour_extension te1_0 
    where
        te1_0.status=? 
        and te1_0.deadline_at<?
2026-04-23 10:07:00.013 TRACE [] org.hibernate.orm.jdbc.bind - binding parameter (1:ENUM) <- [REQUESTED]
2026-04-23 10:07:00.013 TRACE [] org.hibernate.orm.jdbc.bind - binding parameter (2:TIMESTAMP) <- [2026-04-23T10:07:00.012344]
2026-04-23 10:08:00.015 DEBUG [] org.hibernate.SQL - 
    /* <criteria> */ select
        te1_0.id,
        te1_0.created_at,
        te1_0.deadline_at,
        te1_0.extended_date,
        te1_0.extended_price,
        te1_0.guest_id,
        te1_0.guide_approved_at,
        te1_0.match_request_id,
        te1_0.requested_at,
        te1_0.status,
        te1_0.updated_at 
    from
        tour_extension te1_0 
    where
        te1_0.status=? 
        and te1_0.deadline_at<?
2026-04-23 10:08:00.015 TRACE [] org.hibernate.orm.jdbc.bind - binding parameter (1:ENUM) <- [REQUESTED]
2026-04-23 10:08:00.015 TRACE [] org.hibernate.orm.jdbc.bind - binding parameter (2:TIMESTAMP) <- [2026-04-23T10:08:00.014469200]
2026-04-23 10:09:00.010 DEBUG [] org.hibernate.SQL - 
    /* <criteria> */ select
        te1_0.id,
        te1_0.created_at,
        te1_0.deadline_at,
        te1_0.extended_date,
        te1_0.extended_price,
        te1_0.guest_id,
        te1_0.guide_approved_at,
        te1_0.match_request_id,
        te1_0.requested_at,
        te1_0.status,
        te1_0.updated_at 
    from
        tour_extension te1_0 
    where
        te1_0.status=? 
        and te1_0.deadline_at<?
2026-04-23 10:09:00.011 TRACE [] org.hibernate.orm.jdbc.bind - binding parameter (1:ENUM) <- [REQUESTED]
2026-04-23 10:09:00.011 TRACE [] org.hibernate.orm.jdbc.bind - binding parameter (2:TIMESTAMP) <- [2026-04-23T10:09:00.009636100]
2026-04-23 10:10:00.014 DEBUG [] org.hibernate.SQL - 
    /* <criteria> */ select
        te1_0.id,
        te1_0.created_at,
        te1_0.deadline_at,
        te1_0.extended_date,
        te1_0.extended_price,
        te1_0.guest_id,
        te1_0.guide_approved_at,
        te1_0.match_request_id,
        te1_0.requested_at,
        te1_0.status,
        te1_0.updated_at 
    from
        tour_extension te1_0 
    where
        te1_0.status=? 
        and te1_0.deadline_at<?
2026-04-23 10:10:00.014 TRACE [] org.hibernate.orm.jdbc.bind - binding parameter (1:ENUM) <- [REQUESTED]
2026-04-23 10:10:00.014 TRACE [] org.hibernate.orm.jdbc.bind - binding parameter (2:TIMESTAMP) <- [2026-04-23T10:10:00.012886200]
2026-04-23 10:11:00.003 DEBUG [] org.hibernate.SQL - 
    /* <criteria> */ select
        te1_0.id,
        te1_0.created_at,
        te1_0.deadline_at,
        te1_0.extended_date,
        te1_0.extended_price,
        te1_0.guest_id,
        te1_0.guide_approved_at,
        te1_0.match_request_id,
        te1_0.requested_at,
        te1_0.status,
        te1_0.updated_at 
    from
        tour_extension te1_0 
    where
        te1_0.status=? 
        and te1_0.deadline_at<?
2026-04-23 10:11:00.003 TRACE [] org.hibernate.orm.jdbc.bind - binding parameter (1:ENUM) <- [REQUESTED]
2026-04-23 10:11:00.003 TRACE [] org.hibernate.orm.jdbc.bind - binding parameter (2:TIMESTAMP) <- [2026-04-23T10:11:00.002809200]
2026-04-23 10:12:00.005 DEBUG [] org.hibernate.SQL - 
    /* <criteria> */ select
        te1_0.id,
        te1_0.created_at,
        te1_0.deadline_at,
        te1_0.extended_date,
        te1_0.extended_price,
        te1_0.guest_id,
        te1_0.guide_approved_at,
        te1_0.match_request_id,
        te1_0.requested_at,
        te1_0.status,
        te1_0.updated_at 
    from
        tour_extension te1_0 
    where
        te1_0.status=? 
        and te1_0.deadline_at<?
2026-04-23 10:12:00.005 TRACE [] org.hibernate.orm.jdbc.bind - binding parameter (1:ENUM) <- [REQUESTED]
2026-04-23 10:12:00.005 TRACE [] org.hibernate.orm.jdbc.bind - binding parameter (2:TIMESTAMP) <- [2026-04-23T10:12:00.004681600]
2026-04-23 10:13:00.013 DEBUG [] org.hibernate.SQL - 
    /* <criteria> */ select
        te1_0.id,
        te1_0.created_at,
        te1_0.deadline_at,
        te1_0.extended_date,
        te1_0.extended_price,
        te1_0.guest_id,
        te1_0.guide_approved_at,
        te1_0.match_request_id,
        te1_0.requested_at,
        te1_0.status,
        te1_0.updated_at 
    from
        tour_extension te1_0 
    where
        te1_0.status=? 
        and te1_0.deadline_at<?
2026-04-23 10:13:00.013 TRACE [] org.hibernate.orm.jdbc.bind - binding parameter (1:ENUM) <- [REQUESTED]
2026-04-23 10:13:00.013 TRACE [] org.hibernate.orm.jdbc.bind - binding parameter (2:TIMESTAMP) <- [2026-04-23T10:13:00.012361]
2026-04-23 10:14:00.007 DEBUG [] org.hibernate.SQL - 
    /* <criteria> */ select
        te1_0.id,
        te1_0.created_at,
        te1_0.deadline_at,
        te1_0.extended_date,
        te1_0.extended_price,
        te1_0.guest_id,
        te1_0.guide_approved_at,
        te1_0.match_request_id,
        te1_0.requested_at,
        te1_0.status,
        te1_0.updated_at 
    from
        tour_extension te1_0 
    where
        te1_0.status=? 
        and te1_0.deadline_at<?
2026-04-23 10:14:00.007 TRACE [] org.hibernate.orm.jdbc.bind - binding parameter (1:ENUM) <- [REQUESTED]
2026-04-23 10:14:00.007 TRACE [] org.hibernate.orm.jdbc.bind - binding parameter (2:TIMESTAMP) <- [2026-04-23T10:14:00.006814]
2026-04-23 10:15:00.004 DEBUG [] org.hibernate.SQL - 
    /* <criteria> */ select
        te1_0.id,
        te1_0.created_at,
        te1_0.deadline_at,
        te1_0.extended_date,
        te1_0.extended_price,
        te1_0.guest_id,
        te1_0.guide_approved_at,
        te1_0.match_request_id,
        te1_0.requested_at,
        te1_0.status,
        te1_0.updated_at 
    from
        tour_extension te1_0 
    where
        te1_0.status=? 
        and te1_0.deadline_at<?
2026-04-23 10:15:00.004 TRACE [] org.hibernate.orm.jdbc.bind - binding parameter (1:ENUM) <- [REQUESTED]
2026-04-23 10:15:00.004 TRACE [] org.hibernate.orm.jdbc.bind - binding parameter (2:TIMESTAMP) <- [2026-04-23T10:15:00.002613800]
2026-04-23 10:16:00.004 DEBUG [] org.hibernate.SQL - 
    /* <criteria> */ select
        te1_0.id,
        te1_0.created_at,
        te1_0.deadline_at,
        te1_0.extended_date,
        te1_0.extended_price,
        te1_0.guest_id,
        te1_0.guide_approved_at,
        te1_0.match_request_id,
        te1_0.requested_at,
        te1_0.status,
        te1_0.updated_at 
    from
        tour_extension te1_0 
    where
        te1_0.status=? 
        and te1_0.deadline_at<?
2026-04-23 10:16:00.005 TRACE [] org.hibernate.orm.jdbc.bind - binding parameter (1:ENUM) <- [REQUESTED]
2026-04-23 10:16:00.005 TRACE [] org.hibernate.orm.jdbc.bind - binding parameter (2:TIMESTAMP) <- [2026-04-23T10:16:00.003125900]
2026-04-23 10:17:00.016 DEBUG [] org.hibernate.SQL - 
    /* <criteria> */ select
        te1_0.id,
        te1_0.created_at,
        te1_0.deadline_at,
        te1_0.extended_date,
        te1_0.extended_price,
        te1_0.guest_id,
        te1_0.guide_approved_at,
        te1_0.match_request_id,
        te1_0.requested_at,
        te1_0.status,
        te1_0.updated_at 
    from
        tour_extension te1_0 
    where
        te1_0.status=? 
        and te1_0.deadline_at<?
2026-04-23 10:17:00.017 TRACE [] org.hibernate.orm.jdbc.bind - binding parameter (1:ENUM) <- [REQUESTED]
2026-04-23 10:17:00.017 TRACE [] org.hibernate.orm.jdbc.bind - binding parameter (2:TIMESTAMP) <- [2026-04-23T10:17:00.015066900]
2026-04-23 10:18:00.002 DEBUG [] org.hibernate.SQL - 
    /* <criteria> */ select
        te1_0.id,
        te1_0.created_at,
        te1_0.deadline_at,
        te1_0.extended_date,
        te1_0.extended_price,
        te1_0.guest_id,
        te1_0.guide_approved_at,
        te1_0.match_request_id,
        te1_0.requested_at,
        te1_0.status,
        te1_0.updated_at 
    from
        tour_extension te1_0 
    where
        te1_0.status=? 
        and te1_0.deadline_at<?
2026-04-23 10:18:00.002 TRACE [] org.hibernate.orm.jdbc.bind - binding parameter (1:ENUM) <- [REQUESTED]
2026-04-23 10:18:00.003 TRACE [] org.hibernate.orm.jdbc.bind - binding parameter (2:TIMESTAMP) <- [2026-04-23T10:18:00.001646400]
2026-04-23 15:14:29.170 INFO  [] o.h.validator.internal.util.Version - HV000001: Hibernate Validator 8.0.2.Final
2026-04-23 15:14:29.904 INFO  [] c.t.apiserver.ApiServerApplication - Starting ApiServerApplication using Java 17.0.18 with PID 49532 (C:\Users\dkwlr\IdeaProjects\LocalGuest\backend\api-server\build\classes\java\main started by dkwlr in C:\Users\dkwlr\IdeaProjects\LocalGuest)
2026-04-23 15:14:29.905 INFO  [] c.t.apiserver.ApiServerApplication - The following 1 profile is active: "local"
2026-04-23 15:14:44.233 INFO  [] o.s.d.r.c.RepositoryConfigurationDelegate - Multiple Spring Data modules found, entering strict repository configuration mode
2026-04-23 15:14:44.234 INFO  [] o.s.d.r.c.RepositoryConfigurationDelegate - Bootstrapping Spring Data JPA repositories in DEFAULT mode.
2026-04-23 15:14:45.432 INFO  [] o.s.d.r.c.RepositoryConfigurationDelegate - Finished Spring Data repository scanning in 1153 ms. Found 13 JPA repository interfaces.
2026-04-23 15:14:45.439 INFO  [] o.s.d.r.c.RepositoryConfigurationDelegate - Multiple Spring Data modules found, entering strict repository configuration mode
2026-04-23 15:14:45.440 INFO  [] o.s.d.r.c.RepositoryConfigurationDelegate - Bootstrapping Spring Data MongoDB repositories in DEFAULT mode.
2026-04-23 15:14:45.477 INFO  [] o.s.d.r.c.RepositoryConfigurationDelegate - Finished Spring Data repository scanning in 32 ms. Found 1 MongoDB repository interface.
2026-04-23 15:14:48.768 INFO  [] o.s.d.r.c.RepositoryConfigurationDelegate - Multiple Spring Data modules found, entering strict repository configuration mode
2026-04-23 15:14:48.773 INFO  [] o.s.d.r.c.RepositoryConfigurationDelegate - Bootstrapping Spring Data Redis repositories in DEFAULT mode.
2026-04-23 15:14:48.872 INFO  [] o.s.d.r.c.RepositoryConfigurationDelegate - Finished Spring Data repository scanning in 53 ms. Found 0 Redis repository interfaces.
2026-04-23 15:14:49.632 WARN  [] o.m.s.mapper.ClassPathMapperScanner - No MyBatis mapper was found in '[com.team6.apiserver]' package. Please check your configuration.
2026-04-23 15:14:53.081 INFO  [] o.s.b.w.e.tomcat.TomcatWebServer - Tomcat initialized with port 8080 (http)
2026-04-23 15:14:53.143 INFO  [] o.a.coyote.http11.Http11NioProtocol - Initializing ProtocolHandler ["http-nio-8080"]
2026-04-23 15:14:53.149 INFO  [] o.a.catalina.core.StandardService - Starting service [Tomcat]
2026-04-23 15:14:53.152 INFO  [] o.a.catalina.core.StandardEngine - Starting Servlet engine: [Apache Tomcat/10.1.40]
2026-04-23 15:14:53.530 INFO  [] o.a.c.c.C.[.[localhost].[/api] - Initializing Spring embedded WebApplicationContext
2026-04-23 15:14:53.532 INFO  [] o.s.b.w.s.c.ServletWebServerApplicationContext - Root WebApplicationContext: initialization completed in 23007 ms
2026-04-23 15:14:55.270 INFO  [] o.h.jpa.internal.util.LogHelper - HHH000204: Processing PersistenceUnitInfo [name: default]
2026-04-23 15:14:55.758 INFO  [] org.hibernate.Version - HHH000412: Hibernate ORM core version 6.6.13.Final
2026-04-23 15:14:56.020 INFO  [] o.h.c.i.RegionFactoryInitiator - HHH000026: Second-level cache disabled
2026-04-23 15:14:58.360 INFO  [] o.s.o.j.p.SpringPersistenceUnitInfo - No LoadTimeWeaver setup: ignoring JPA class transformer
2026-04-23 15:14:58.612 INFO  [] com.zaxxer.hikari.HikariDataSource - HikariPool-1 - Starting...
2026-04-23 15:15:00.095 INFO  [] com.zaxxer.hikari.pool.HikariPool - HikariPool-1 - Added connection com.mysql.cj.jdbc.ConnectionImpl@6d514259
2026-04-23 15:15:00.110 INFO  [] com.zaxxer.hikari.HikariDataSource - HikariPool-1 - Start completed.
2026-04-23 15:15:00.470 WARN  [] org.hibernate.orm.deprecation - HHH90000025: MySQLDialect does not need to be specified explicitly using 'hibernate.dialect' (remove the property setting and it will be selected by default)
2026-04-23 15:15:00.611 INFO  [] o.hibernate.orm.connections.pooling - HHH10001005: Database info:
	Database JDBC URL [Connecting through datasource 'HikariDataSource (HikariPool-1)']
	Database driver: undefined/unknown
	Database version: 8.0.34
	Autocommit mode: undefined/unknown
	Isolation level: undefined/unknown
	Minimum pool size: undefined/unknown
	Maximum pool size: undefined/unknown
2026-04-23 15:15:07.623 INFO  [] o.h.e.t.j.p.i.JtaPlatformInitiator - HHH000489: No JTA platform available (set 'hibernate.transaction.jta.platform' to enable JTA platform integration)
2026-04-23 15:15:07.730 DEBUG [] org.hibernate.SQL - 
    alter table chat_participants 
       drop 
       foreign key FKk0pkxdxk2whcy4j9lovmexvkq
2026-04-23 15:15:08.381 DEBUG [] org.hibernate.SQL - 
    alter table guide_careers 
       drop 
       foreign key fk_guide_careers_guide
2026-04-23 15:15:08.435 DEBUG [] org.hibernate.SQL - 
    alter table guide_feeds 
       drop 
       foreign key FKl5ncbecyap26kipe8hbrrv259
2026-04-23 15:15:08.475 DEBUG [] org.hibernate.SQL - 
    alter table guide_images 
       drop 
       foreign key fk_guide_images_guide
2026-04-23 15:15:08.504 DEBUG [] org.hibernate.SQL - 
    alter table guide_schedules 
       drop 
       foreign key FK9a3cimgvlpika296h0fkluqbl
2026-04-23 15:15:08.538 DEBUG [] org.hibernate.SQL - 
    alter table payment 
       drop 
       foreign key fk_payment_match_req
2026-04-23 15:15:08.762 DEBUG [] org.hibernate.SQL - 
    alter table refund 
       drop 
       foreign key fk_refund_payment
2026-04-23 15:15:08.801 DEBUG [] org.hibernate.SQL - 
    alter table review 
       drop 
       foreign key FKk0ccx5i4ci2wd70vegug074w1
2026-04-23 15:15:08.838 DEBUG [] org.hibernate.SQL - 
    alter table tour_extension 
       drop 
       foreign key fk_extension_match_req
2026-04-23 15:15:08.888 DEBUG [] org.hibernate.SQL - 
    drop table if exists chat_participants
2026-04-23 15:15:08.985 DEBUG [] org.hibernate.SQL - 
    drop table if exists chat_rooms
2026-04-23 15:15:09.082 DEBUG [] org.hibernate.SQL - 
    drop table if exists guide_careers
2026-04-23 15:15:09.138 DEBUG [] org.hibernate.SQL - 
    drop table if exists guide_feeds
2026-04-23 15:15:09.187 DEBUG [] org.hibernate.SQL - 
    drop table if exists guide_images
2026-04-23 15:15:09.259 DEBUG [] org.hibernate.SQL - 
    drop table if exists guide_profiles
2026-04-23 15:15:09.373 DEBUG [] org.hibernate.SQL - 
    drop table if exists guide_schedules
2026-04-23 15:15:09.396 DEBUG [] org.hibernate.SQL - 
    drop table if exists match_request
2026-04-23 15:15:09.424 DEBUG [] org.hibernate.SQL - 
    drop table if exists member
2026-04-23 15:15:09.502 DEBUG [] org.hibernate.SQL - 
    drop table if exists payment
2026-04-23 15:15:09.597 DEBUG [] org.hibernate.SQL - 
    drop table if exists refund
2026-04-23 15:15:09.685 DEBUG [] org.hibernate.SQL - 
    drop table if exists review
2026-04-23 15:15:09.713 DEBUG [] org.hibernate.SQL - 
    drop table if exists scrapbooks
2026-04-23 15:15:09.739 DEBUG [] org.hibernate.SQL - 
    drop table if exists tour_extension
2026-04-23 15:15:09.793 DEBUG [] org.hibernate.SQL - 
    create table chat_participants (
        is_alarm_on bit not null,
        chat_room_id bigint,
        created_at datetime(6) not null,
        id bigint not null auto_increment,
        last_read_at datetime(6),
        updated_at datetime(6) not null,
        user_id bigint,
        user_email varchar(255) not null,
        user_nickname varchar(255),
        primary key (id)
    ) engine=InnoDB
2026-04-23 15:15:09.838 DEBUG [] org.hibernate.SQL - 
    create table chat_rooms (
        participant_count integer,
        created_at datetime(6) not null,
        id bigint not null auto_increment,
        last_message_at datetime(6),
        updated_at datetime(6) not null,
        last_message varchar(255),
        owner_email varchar(255),
        room_id varchar(255) not null,
        title varchar(255) not null,
        primary key (id)
    ) engine=InnoDB
2026-04-23 15:15:09.883 DEBUG [] org.hibernate.SQL - 
    create table guide_careers (
        acquired_at date not null,
        created_at datetime(6) not null,
        guide_id bigint not null,
        id bigint not null auto_increment,
        updated_at datetime(6) not null,
        title varchar(100) not null,
        description TEXT,
        primary key (id)
    ) engine=InnoDB
2026-04-23 15:15:09.923 DEBUG [] org.hibernate.SQL - 
    create table guide_feeds (
        is_deleted bit not null,
        created_at datetime(6) not null,
        guide_id bigint not null,
        id bigint not null auto_increment,
        updated_at datetime(6) not null,
        content TEXT not null,
        image_url LONGTEXT,
        primary key (id)
    ) engine=InnoDB
2026-04-23 15:15:09.961 DEBUG [] org.hibernate.SQL - 
    create table guide_images (
        is_main bit not null,
        sort_order integer not null,
        created_at datetime(6) not null,
        guide_id bigint not null,
        id bigint not null auto_increment,
        updated_at datetime(6) not null,
        image_url varchar(500) not null,
        primary key (id)
    ) engine=InnoDB
2026-04-23 15:15:10.005 DEBUG [] org.hibernate.SQL - 
    create table guide_profiles (
        average_rating decimal(3,2),
        is_active bit not null,
        is_approved bit not null,
        price_per_hour decimal(10,2),
        residence_years integer,
        review_count integer not null,
        created_at datetime(6) not null,
        id bigint not null auto_increment,
        member_id bigint not null,
        updated_at datetime(6) not null,
        nickname varchar(50) not null,
        guide_style varchar(100),
        language varchar(100),
        region varchar(100) not null,
        profile_image varchar(500),
        bio TEXT,
        default_course TEXT,
        keywords TEXT,
        local_story TEXT,
        primary key (id)
    ) engine=InnoDB
2026-04-23 15:15:10.050 DEBUG [] org.hibernate.SQL - 
    create table guide_schedules (
        available_date date not null,
        end_time time(6) not null,
        is_paid bit not null,
        start_time time(6) not null,
        created_at datetime(6) not null,
        guide_id bigint not null,
        id bigint not null auto_increment,
        match_request_id bigint,
        updated_at datetime(6) not null,
        meeting_point varchar(200),
        course_detail TEXT,
        guide_message TEXT,
        status enum ('AVAILABLE','BLOCKED','BOOKED','PENDING') not null,
        primary key (id)
    ) engine=InnoDB
2026-04-23 15:15:10.089 DEBUG [] org.hibernate.SQL - 
    create table match_request (
        budget_max_won integer,
        budget_min_won integer,
        desired_budget integer,
        desired_date date not null,
        created_at DATETIME(6) not null,
        guest_id bigint not null,
        guide_id bigint not null,
        guide_schedule_id bigint not null,
        id bigint not null auto_increment,
        updated_at DATETIME(6) not null,
        cancelled_by varchar(20),
        cancel_reason TEXT,
        concept TEXT,
        concept_summary TEXT,
        destination varchar(255) not null,
        propose_message TEXT,
        proposed_schedule TEXT,
        status enum ('ACCEPTED','CANCELLED','COMPLETED','IN_PROGRESS','PAID','PENDING','REJECTED') not null,
        primary key (id),
        check (status IN ('PENDING','ACCEPTED','PAID','IN_PROGRESS','COMPLETED','CANCELLED','REJECTED'))
    ) engine=InnoDB
2026-04-23 15:15:10.132 DEBUG [] org.hibernate.SQL - 
    create table member (
        created_at DATETIME(6) DEFAULT CURRENT_TIMESTAMP(6) not null,
        id bigint not null auto_increment,
        updated_at DATETIME(6) DEFAULT CURRENT_TIMESTAMP(6) ON UPDATE CURRENT_TIMESTAMP(6) not null,
        name varchar(100) not null,
        nickname varchar(100),
        profile_image_url varchar(1000),
        email varchar(255) not null,
        password varchar(255) not null,
        role enum ('ADMIN','GUEST','GUIDE') not null,
        social_type enum ('GOOGLE','KAKAO'),
        status enum ('ACTIVE','WITHDRAWN') not null,
        primary key (id)
    ) engine=InnoDB
2026-04-23 15:15:10.176 DEBUG [] org.hibernate.SQL - 
    create table payment (
        amount integer not null,
        created_at DATETIME(6) not null,
        id bigint not null auto_increment,
        match_request_id bigint not null,
        paid_at DATETIME(6),
        payer_id bigint not null,
        refund_deadline DATETIME(6),
        updated_at DATETIME(6) not null,
        payment_type varchar(20) not null,
        pg_order_no varchar(100) not null,
        pg_transaction_id varchar(100),
        status enum ('CANCELLED','COMPLETED','FAILED','PENDING','REFUNDED') not null,
        primary key (id),
        check (status IN ('PENDING','COMPLETED','REFUNDED','FAILED','CANCELLED') AND payment_type IN ('CHAT','ACCOMPANY','EXTENSION'))
    ) engine=InnoDB
2026-04-23 15:15:10.219 DEBUG [] org.hibernate.SQL - 
    create table refund (
        ai_processed bit not null,
        created_at DATETIME(6) not null,
        id bigint not null auto_increment,
        payment_id bigint not null,
        processed_at DATETIME(6),
        requester_id bigint not null,
        updated_at DATETIME(6) not null,
        evidence_url varchar(500),
        reason TEXT,
        refund_type enum ('AUTO','CANCEL_GUEST','CANCEL_GUIDE','MANUAL') not null,
        status enum ('APPROVED','PENDING','REJECTED') not null,
        primary key (id),
        check (status IN ('PENDING','APPROVED','REJECTED') AND refund_type IN ('AUTO','MANUAL','CANCEL_GUEST','CANCEL_GUIDE'))
    ) engine=InnoDB
2026-04-23 15:15:10.262 DEBUG [] org.hibernate.SQL - 
    create table review (
        deleted bit not null,
        rating integer not null,
        created_at DATETIME(6) DEFAULT CURRENT_TIMESTAMP(6) not null,
        deleted_at datetime(6),
        guide_id bigint,
        id bigint not null auto_increment,
        match_request_id bigint not null,
        member_id bigint not null,
        updated_at DATETIME(6) DEFAULT CURRENT_TIMESTAMP(6) ON UPDATE CURRENT_TIMESTAMP(6) not null,
        content Text,
        primary key (id)
    ) engine=InnoDB
2026-04-23 15:15:10.296 DEBUG [] org.hibernate.SQL - 
    create table scrapbooks (
        created_at datetime(6) not null,
        guest_id bigint not null,
        id bigint not null auto_increment,
        match_request_id bigint not null,
        updated_at datetime(6) not null,
        title varchar(100) not null,
        tags varchar(200),
        main_image_url varchar(500),
        content TEXT not null,
        primary key (id)
    ) engine=InnoDB
2026-04-23 15:15:10.336 DEBUG [] org.hibernate.SQL - 
    create table tour_extension (
        extended_date date not null,
        extended_price integer,
        created_at DATETIME(6) not null,
        deadline_at DATETIME(6) not null,
        guest_id bigint not null,
        guide_approved_at DATETIME(6),
        id bigint not null auto_increment,
        match_request_id bigint not null,
        requested_at DATETIME(6) not null,
        updated_at DATETIME(6) not null,
        status enum ('AUTO_CANCELLED','GUIDE_APPROVED','PAID','REJECTED','REQUESTED') not null,
        primary key (id),
        check (status IN ('REQUESTED','GUIDE_APPROVED','PAID','REJECTED','AUTO_CANCELLED'))
    ) engine=InnoDB
2026-04-23 15:15:10.371 DEBUG [] org.hibernate.SQL - 
    alter table chat_rooms 
       add constraint UKtmf6ectlc88brf0myju8ry0yt unique (room_id)
2026-04-23 15:15:10.427 DEBUG [] org.hibernate.SQL - 
    alter table guide_profiles 
       add constraint UKkbxalarf03km5aurrcpmc99s unique (member_id)
2026-04-23 15:15:10.476 DEBUG [] org.hibernate.SQL - 
    alter table guide_schedules 
       add constraint uq_schedule_time unique (guide_id, available_date, start_time, end_time)
2026-04-23 15:15:10.516 DEBUG [] org.hibernate.SQL - 
    create index idx_match_guest 
       on match_request (guest_id)
2026-04-23 15:15:10.570 DEBUG [] org.hibernate.SQL - 
    create index idx_match_guide 
       on match_request (guide_id)
2026-04-23 15:15:10.604 DEBUG [] org.hibernate.SQL - 
    alter table member 
       add constraint UKeqr1gnwwfupeqo38ju3by7dbf unique (email, role)
2026-04-23 15:15:10.657 DEBUG [] org.hibernate.SQL - 
    alter table member 
       add constraint UKhh9kg6jti4n1eoiertn2k6qsc unique (nickname)
2026-04-23 15:15:10.692 DEBUG [] org.hibernate.SQL - 
    create index idx_payment_payer 
       on payment (payer_id)
2026-04-23 15:15:10.733 DEBUG [] org.hibernate.SQL - 
    alter table payment 
       add constraint uq_payment_unique unique (match_request_id, payment_type)
2026-04-23 15:15:10.769 DEBUG [] org.hibernate.SQL - 
    alter table payment 
       add constraint UKljlo9vyedeereqhpwyr9tknqc unique (pg_order_no)
2026-04-23 15:15:10.800 DEBUG [] org.hibernate.SQL - 
    alter table review 
       add constraint UKioc95svtshsmxvlxc8us5yelq unique (match_request_id)
2026-04-23 15:15:10.833 DEBUG [] org.hibernate.SQL - 
    alter table scrapbooks 
       add constraint uq_scrapbook_match unique (match_request_id)
2026-04-23 15:15:10.873 DEBUG [] org.hibernate.SQL - 
    alter table chat_participants 
       add constraint FKk0pkxdxk2whcy4j9lovmexvkq 
       foreign key (chat_room_id) 
       references chat_rooms (id)
2026-04-23 15:15:10.986 DEBUG [] org.hibernate.SQL - 
    alter table guide_careers 
       add constraint fk_guide_careers_guide 
       foreign key (guide_id) 
       references guide_profiles (id)
2026-04-23 15:15:11.087 DEBUG [] org.hibernate.SQL - 
    alter table guide_feeds 
       add constraint FKl5ncbecyap26kipe8hbrrv259 
       foreign key (guide_id) 
       references guide_profiles (id)
2026-04-23 15:15:11.175 DEBUG [] org.hibernate.SQL - 
    alter table guide_images 
       add constraint fk_guide_images_guide 
       foreign key (guide_id) 
       references guide_profiles (id)
2026-04-23 15:15:11.275 DEBUG [] org.hibernate.SQL - 
    alter table guide_schedules 
       add constraint FK9a3cimgvlpika296h0fkluqbl 
       foreign key (guide_id) 
       references guide_profiles (id)
2026-04-23 15:15:11.380 DEBUG [] org.hibernate.SQL - 
    alter table payment 
       add constraint fk_payment_match_req 
       foreign key (match_request_id) 
       references match_request (id)
2026-04-23 15:15:11.543 DEBUG [] org.hibernate.SQL - 
    alter table refund 
       add constraint fk_refund_payment 
       foreign key (payment_id) 
       references payment (id)
2026-04-23 15:15:11.662 DEBUG [] org.hibernate.SQL - 
    alter table review 
       add constraint FKk0ccx5i4ci2wd70vegug074w1 
       foreign key (member_id) 
       references member (id)
2026-04-23 15:15:12.096 DEBUG [] org.hibernate.SQL - 
    alter table tour_extension 
       add constraint fk_extension_match_req 
       foreign key (match_request_id) 
       references match_request (id)
2026-04-23 15:15:12.222 INFO  [] o.s.o.j.LocalContainerEntityManagerFactoryBean - Initialized JPA EntityManagerFactory for persistence unit 'default'
2026-04-23 15:15:18.063 INFO  [] o.s.d.j.r.query.QueryEnhancerFactory - Hibernate is in classpath; If applicable, HQL parser will be used.
2026-04-23 15:15:23.686 INFO  [] org.mongodb.driver.client - MongoClient with metadata {"driver": {"name": "mongo-java-driver|sync|spring-boot", "version": "5.2.1"}, "os": {"type": "Windows", "name": "Windows 11", "architecture": "amd64", "version": "10.0"}, "platform": "Java/Amazon.com Inc./17.0.18+9-LTS"} created with settings MongoClientSettings{readPreference=primary, writeConcern=WriteConcern{w=null, wTimeout=null ms, journal=null}, retryWrites=true, retryReads=true, readConcern=ReadConcern{level=null}, credential=null, transportSettings=null, commandListeners=[io.micrometer.core.instrument.binder.mongodb.MongoMetricsCommandListener@72ee36ab], codecRegistry=ProvidersCodecRegistry{codecProviders=[ValueCodecProvider{}, BsonValueCodecProvider{}, DBRefCodecProvider{}, DBObjectCodecProvider{}, DocumentCodecProvider{}, CollectionCodecProvider{}, IterableCodecProvider{}, MapCodecProvider{}, GeoJsonCodecProvider{}, GridFSFileCodecProvider{}, Jsr310CodecProvider{}, JsonObjectCodecProvider{}, BsonCodecProvider{}, EnumCodecProvider{}, com.mongodb.client.model.mql.ExpressionCodecProvider@1bd851b4, com.mongodb.Jep395RecordCodecProvider@6c6ea911, com.mongodb.KotlinCodecProvider@269a73d6]}, loggerSettings=LoggerSettings{maxDocumentLength=1000}, clusterSettings={hosts=[localhost:27017], srvServiceName=mongodb, mode=SINGLE, requiredClusterType=UNKNOWN, requiredReplicaSetName='null', serverSelector='null', clusterListeners='[]', serverSelectionTimeout='30000 ms', localThreshold='15 ms'}, socketSettings=SocketSettings{connectTimeoutMS=10000, readTimeoutMS=0, receiveBufferSize=0, proxySettings=ProxySettings{host=null, port=null, username=null, password=null}}, heartbeatSocketSettings=SocketSettings{connectTimeoutMS=10000, readTimeoutMS=10000, receiveBufferSize=0, proxySettings=ProxySettings{host=null, port=null, username=null, password=null}}, connectionPoolSettings=ConnectionPoolSettings{maxSize=100, minSize=0, maxWaitTimeMS=120000, maxConnectionLifeTimeMS=0, maxConnectionIdleTimeMS=0, maintenanceInitialDelayMS=0, maintenanceFrequencyMS=60000, connectionPoolListeners=[io.micrometer.core.instrument.binder.mongodb.MongoMetricsConnectionPoolListener@56984e92], maxConnecting=2}, serverSettings=ServerSettings{heartbeatFrequencyMS=10000, minHeartbeatFrequencyMS=500, serverMonitoringMode=AUTO, serverListeners='[]', serverMonitorListeners='[]'}, sslSettings=SslSettings{enabled=false, invalidHostNameAllowed=false, context=null}, applicationName='null', compressorList=[], uuidRepresentation=JAVA_LEGACY, serverApi=null, autoEncryptionSettings=null, dnsClient=null, inetAddressResolver=null, contextProvider=null, timeoutMS=null}
2026-04-23 15:15:23.810 INFO  [] org.mongodb.driver.cluster - Monitor thread successfully connected to server with description ServerDescription{address=localhost:27017, type=STANDALONE, cryptd=false, state=CONNECTED, ok=true, minWireVersion=0, maxWireVersion=27, maxDocumentSize=16777216, logicalSessionTimeoutMinutes=30, roundTripTimeNanos=190249200, minRoundTripTimeNanos=0}
2026-04-23 15:15:27.001 WARN  [] o.s.b.a.o.j.JpaBaseConfiguration$JpaWebConfiguration - spring.jpa.open-in-view is enabled by default. Therefore, database queries may be performed during view rendering. Explicitly configure spring.jpa.open-in-view to disable this warning
2026-04-23 15:15:29.771 INFO  [] o.s.b.a.e.web.EndpointLinksResolver - Exposing 1 endpoint beneath base path '/actuator'
2026-04-23 15:15:30.357 WARN  [] o.s.s.c.a.web.builders.WebSecurity - You are asking Spring Security to ignore Deferred [Mvc [pattern='/actuator/**'], Ant [pattern='/actuator/**']]. This is not recommended -- please use permitAll via HttpSecurity#authorizeHttpRequests instead.
2026-04-23 15:15:30.358 WARN  [] o.s.s.c.a.web.builders.WebSecurity - You are asking Spring Security to ignore Deferred [Mvc [pattern='/api/actuator/**'], Ant [pattern='/api/actuator/**']]. This is not recommended -- please use permitAll via HttpSecurity#authorizeHttpRequests instead.
2026-04-23 15:15:30.359 WARN  [] o.s.s.c.a.web.builders.WebSecurity - You are asking Spring Security to ignore Deferred [Mvc [pattern='/v3/api-docs/**'], Ant [pattern='/v3/api-docs/**']]. This is not recommended -- please use permitAll via HttpSecurity#authorizeHttpRequests instead.
2026-04-23 15:15:30.359 WARN  [] o.s.s.c.a.web.builders.WebSecurity - You are asking Spring Security to ignore Deferred [Mvc [pattern='/swagger-ui/**'], Ant [pattern='/swagger-ui/**']]. This is not recommended -- please use permitAll via HttpSecurity#authorizeHttpRequests instead.
2026-04-23 15:15:30.359 WARN  [] o.s.s.c.a.web.builders.WebSecurity - You are asking Spring Security to ignore Deferred [Mvc [pattern='/api/v3/api-docs/**'], Ant [pattern='/api/v3/api-docs/**']]. This is not recommended -- please use permitAll via HttpSecurity#authorizeHttpRequests instead.
2026-04-23 15:15:30.359 WARN  [] o.s.s.c.a.web.builders.WebSecurity - You are asking Spring Security to ignore Deferred [Mvc [pattern='/api/swagger-ui/**'], Ant [pattern='/api/swagger-ui/**']]. This is not recommended -- please use permitAll via HttpSecurity#authorizeHttpRequests instead.
2026-04-23 15:15:33.047 INFO  [] o.s.m.s.b.SimpleBrokerMessageHandler - Starting...
2026-04-23 15:15:33.048 INFO  [] o.s.m.s.b.SimpleBrokerMessageHandler - BrokerAvailabilityEvent[available=true, SimpleBrokerMessageHandler [org.springframework.messaging.simp.broker.DefaultSubscriptionRegistry@2796d7f7]]
2026-04-23 15:15:33.049 INFO  [] o.s.m.s.b.SimpleBrokerMessageHandler - Started.
2026-04-23 15:15:33.050 INFO  [] o.a.coyote.http11.Http11NioProtocol - Starting ProtocolHandler ["http-nio-8080"]
2026-04-23 15:15:33.116 INFO  [] o.s.b.w.e.tomcat.TomcatWebServer - Tomcat started on port 8080 (http) with context path '/api'
2026-04-23 15:15:34.841 INFO  [] c.t.apiserver.ApiServerApplication - Started ApiServerApplication in 73.405 seconds (process running for 94.013)
2026-04-23 15:15:34.866 INFO  [] c.t.m.a.c.LlmPromptExtractorStartupDiagnostics - [AI_LLM] startup llmPromptExtractionEnabled=false llmProviderCfg=openai llmPromptExtractorBean=none
2026-04-23 15:16:06.815 DEBUG [] org.hibernate.SQL - 
    /* <criteria> */ select
        te1_0.id,
        te1_0.created_at,
        te1_0.deadline_at,
        te1_0.extended_date,
        te1_0.extended_price,
        te1_0.guest_id,
        te1_0.guide_approved_at,
        te1_0.match_request_id,
        te1_0.requested_at,
        te1_0.status,
        te1_0.updated_at 
    from
        tour_extension te1_0 
    where
        te1_0.status=? 
        and te1_0.deadline_at<?
2026-04-23 15:16:07.020 TRACE [] org.hibernate.orm.jdbc.bind - binding parameter (1:ENUM) <- [REQUESTED]
2026-04-23 15:16:07.022 TRACE [] org.hibernate.orm.jdbc.bind - binding parameter (2:TIMESTAMP) <- [2026-04-23T15:16:02.105289800]
2026-04-23 15:16:32.970 INFO  [] o.s.w.s.c.WebSocketMessageBrokerStats - WebSocketSession[0 current WS(0)-HttpStream(0)-HttpPoll(0), 0 total, 0 closed abnormally (0 connect failure, 0 send limit, 0 transport error)], stompSubProtocol[processed CONNECT(0)-CONNECTED(0)-DISCONNECT(0)], stompBrokerRelay[null], inboundChannel[pool size = 0, active threads = 0, queued tasks = 0, completed tasks = 0], outboundChannel[pool size = 0, active threads = 0, queued tasks = 0, completed tasks = 0], sockJsScheduler[pool size = 5, active threads = 1, queued tasks = 2, completed tasks = 2]
2026-04-23 15:17:00.092 DEBUG [] org.hibernate.SQL - 
    /* <criteria> */ select
        te1_0.id,
        te1_0.created_at,
        te1_0.deadline_at,
        te1_0.extended_date,
        te1_0.extended_price,
        te1_0.guest_id,
        te1_0.guide_approved_at,
        te1_0.match_request_id,
        te1_0.requested_at,
        te1_0.status,
        te1_0.updated_at 
    from
        tour_extension te1_0 
    where
        te1_0.status=? 
        and te1_0.deadline_at<?
2026-04-23 15:17:00.104 TRACE [] org.hibernate.orm.jdbc.bind - binding parameter (1:ENUM) <- [REQUESTED]
2026-04-23 15:17:00.109 TRACE [] org.hibernate.orm.jdbc.bind - binding parameter (2:TIMESTAMP) <- [2026-04-23T15:17:00.051628900]
2026-04-23 15:18:00.026 DEBUG [] org.hibernate.SQL - 
    /* <criteria> */ select
        te1_0.id,
        te1_0.created_at,
        te1_0.deadline_at,
        te1_0.extended_date,
        te1_0.extended_price,
        te1_0.guest_id,
        te1_0.guide_approved_at,
        te1_0.match_request_id,
        te1_0.requested_at,
        te1_0.status,
        te1_0.updated_at 
    from
        tour_extension te1_0 
    where
        te1_0.status=? 
        and te1_0.deadline_at<?
2026-04-23 15:18:00.028 TRACE [] org.hibernate.orm.jdbc.bind - binding parameter (1:ENUM) <- [REQUESTED]
2026-04-23 15:18:00.028 TRACE [] org.hibernate.orm.jdbc.bind - binding parameter (2:TIMESTAMP) <- [2026-04-23T15:18:00.022137600]
2026-04-23 15:19:00.111 DEBUG [] org.hibernate.SQL - 
    /* <criteria> */ select
        te1_0.id,
        te1_0.created_at,
        te1_0.deadline_at,
        te1_0.extended_date,
        te1_0.extended_price,
        te1_0.guest_id,
        te1_0.guide_approved_at,
        te1_0.match_request_id,
        te1_0.requested_at,
        te1_0.status,
        te1_0.updated_at 
    from
        tour_extension te1_0 
    where
        te1_0.status=? 
        and te1_0.deadline_at<?
2026-04-23 15:19:00.113 TRACE [] org.hibernate.orm.jdbc.bind - binding parameter (1:ENUM) <- [REQUESTED]
2026-04-23 15:19:00.116 TRACE [] org.hibernate.orm.jdbc.bind - binding parameter (2:TIMESTAMP) <- [2026-04-23T15:19:00.077885400]
2026-04-23 15:20:00.025 DEBUG [] org.hibernate.SQL - 
    /* <criteria> */ select
        te1_0.id,
        te1_0.created_at,
        te1_0.deadline_at,
        te1_0.extended_date,
        te1_0.extended_price,
        te1_0.guest_id,
        te1_0.guide_approved_at,
        te1_0.match_request_id,
        te1_0.requested_at,
        te1_0.status,
        te1_0.updated_at 
    from
        tour_extension te1_0 
    where
        te1_0.status=? 
        and te1_0.deadline_at<?
2026-04-23 15:20:00.028 TRACE [] org.hibernate.orm.jdbc.bind - binding parameter (1:ENUM) <- [REQUESTED]
2026-04-23 15:20:00.030 TRACE [] org.hibernate.orm.jdbc.bind - binding parameter (2:TIMESTAMP) <- [2026-04-23T15:20:00.013858]
2026-04-23 15:21:00.102 DEBUG [] org.hibernate.SQL - 
    /* <criteria> */ select
        te1_0.id,
        te1_0.created_at,
        te1_0.deadline_at,
        te1_0.extended_date,
        te1_0.extended_price,
        te1_0.guest_id,
        te1_0.guide_approved_at,
        te1_0.match_request_id,
        te1_0.requested_at,
        te1_0.status,
        te1_0.updated_at 
    from
        tour_extension te1_0 
    where
        te1_0.status=? 
        and te1_0.deadline_at<?
2026-04-23 15:21:00.116 TRACE [] org.hibernate.orm.jdbc.bind - binding parameter (1:ENUM) <- [REQUESTED]
2026-04-23 15:21:00.117 TRACE [] org.hibernate.orm.jdbc.bind - binding parameter (2:TIMESTAMP) <- [2026-04-23T15:21:00.043082200]
2026-04-23 15:22:00.353 DEBUG [] org.hibernate.SQL - 
    /* <criteria> */ select
        te1_0.id,
        te1_0.created_at,
        te1_0.deadline_at,
        te1_0.extended_date,
        te1_0.extended_price,
        te1_0.guest_id,
        te1_0.guide_approved_at,
        te1_0.match_request_id,
        te1_0.requested_at,
        te1_0.status,
        te1_0.updated_at 
    from
        tour_extension te1_0 
    where
        te1_0.status=? 
        and te1_0.deadline_at<?
2026-04-23 15:22:00.371 TRACE [] org.hibernate.orm.jdbc.bind - binding parameter (1:ENUM) <- [REQUESTED]
2026-04-23 15:22:00.410 TRACE [] org.hibernate.orm.jdbc.bind - binding parameter (2:TIMESTAMP) <- [2026-04-23T15:22:00.145794800]
2026-04-23 15:23:00.192 DEBUG [] org.hibernate.SQL - 
    /* <criteria> */ select
        te1_0.id,
        te1_0.created_at,
        te1_0.deadline_at,
        te1_0.extended_date,
        te1_0.extended_price,
        te1_0.guest_id,
        te1_0.guide_approved_at,
        te1_0.match_request_id,
        te1_0.requested_at,
        te1_0.status,
        te1_0.updated_at 
    from
        tour_extension te1_0 
    where
        te1_0.status=? 
        and te1_0.deadline_at<?
2026-04-23 15:23:00.217 TRACE [] org.hibernate.orm.jdbc.bind - binding parameter (1:ENUM) <- [REQUESTED]
2026-04-23 15:23:00.220 TRACE [] org.hibernate.orm.jdbc.bind - binding parameter (2:TIMESTAMP) <- [2026-04-23T15:23:00.143069900]
2026-04-23 15:24:00.153 DEBUG [] org.hibernate.SQL - 
    /* <criteria> */ select
        te1_0.id,
        te1_0.created_at,
        te1_0.deadline_at,
        te1_0.extended_date,
        te1_0.extended_price,
        te1_0.guest_id,
        te1_0.guide_approved_at,
        te1_0.match_request_id,
        te1_0.requested_at,
        te1_0.status,
        te1_0.updated_at 
    from
        tour_extension te1_0 
    where
        te1_0.status=? 
        and te1_0.deadline_at<?
2026-04-23 15:24:00.200 TRACE [] org.hibernate.orm.jdbc.bind - binding parameter (1:ENUM) <- [REQUESTED]
2026-04-23 15:24:00.216 TRACE [] org.hibernate.orm.jdbc.bind - binding parameter (2:TIMESTAMP) <- [2026-04-23T15:24:00.051534500]
2026-04-23 15:25:00.923 DEBUG [] org.hibernate.SQL - 
    /* <criteria> */ select
        te1_0.id,
        te1_0.created_at,
        te1_0.deadline_at,
        te1_0.extended_date,
        te1_0.extended_price,
        te1_0.guest_id,
        te1_0.guide_approved_at,
        te1_0.match_request_id,
        te1_0.requested_at,
        te1_0.status,
        te1_0.updated_at 
    from
        tour_extension te1_0 
    where
        te1_0.status=? 
        and te1_0.deadline_at<?
2026-04-23 15:25:00.953 TRACE [] org.hibernate.orm.jdbc.bind - binding parameter (1:ENUM) <- [REQUESTED]
2026-04-23 15:25:01.144 TRACE [] org.hibernate.orm.jdbc.bind - binding parameter (2:TIMESTAMP) <- [2026-04-23T15:25:00.239882]
2026-04-23 15:26:00.143 DEBUG [] org.hibernate.SQL - 
    /* <criteria> */ select
        te1_0.id,
        te1_0.created_at,
        te1_0.deadline_at,
        te1_0.extended_date,
        te1_0.extended_price,
        te1_0.guest_id,
        te1_0.guide_approved_at,
        te1_0.match_request_id,
        te1_0.requested_at,
        te1_0.status,
        te1_0.updated_at 
    from
        tour_extension te1_0 
    where
        te1_0.status=? 
        and te1_0.deadline_at<?
2026-04-23 15:26:00.180 TRACE [] org.hibernate.orm.jdbc.bind - binding parameter (1:ENUM) <- [REQUESTED]
2026-04-23 15:26:00.196 TRACE [] org.hibernate.orm.jdbc.bind - binding parameter (2:TIMESTAMP) <- [2026-04-23T15:26:00.044928900]
2026-04-23 15:27:00.097 DEBUG [] org.hibernate.SQL - 
    /* <criteria> */ select
        te1_0.id,
        te1_0.created_at,
        te1_0.deadline_at,
        te1_0.extended_date,
        te1_0.extended_price,
        te1_0.guest_id,
        te1_0.guide_approved_at,
        te1_0.match_request_id,
        te1_0.requested_at,
        te1_0.status,
        te1_0.updated_at 
    from
        tour_extension te1_0 
    where
        te1_0.status=? 
        and te1_0.deadline_at<?
2026-04-23 15:27:00.107 TRACE [] org.hibernate.orm.jdbc.bind - binding parameter (1:ENUM) <- [REQUESTED]
2026-04-23 15:27:00.113 TRACE [] org.hibernate.orm.jdbc.bind - binding parameter (2:TIMESTAMP) <- [2026-04-23T15:27:00.049322600]
2026-04-23 15:28:00.013 DEBUG [] org.hibernate.SQL - 
    /* <criteria> */ select
        te1_0.id,
        te1_0.created_at,
        te1_0.deadline_at,
        te1_0.extended_date,
        te1_0.extended_price,
        te1_0.guest_id,
        te1_0.guide_approved_at,
        te1_0.match_request_id,
        te1_0.requested_at,
        te1_0.status,
        te1_0.updated_at 
    from
        tour_extension te1_0 
    where
        te1_0.status=? 
        and te1_0.deadline_at<?
2026-04-23 15:28:00.016 TRACE [] org.hibernate.orm.jdbc.bind - binding parameter (1:ENUM) <- [REQUESTED]
2026-04-23 15:28:00.018 TRACE [] org.hibernate.orm.jdbc.bind - binding parameter (2:TIMESTAMP) <- [2026-04-23T15:28:00.006106600]
2026-04-23 15:28:40.381 INFO  [] o.s.b.w.e.tomcat.GracefulShutdown - Commencing graceful shutdown. Waiting for active requests to complete
2026-04-23 15:28:41.349 INFO  [] o.s.b.w.e.tomcat.GracefulShutdown - Graceful shutdown complete
2026-04-23 15:28:41.738 INFO  [] o.s.m.s.b.SimpleBrokerMessageHandler - Stopping...
2026-04-23 15:28:41.742 INFO  [] o.s.m.s.b.SimpleBrokerMessageHandler - BrokerAvailabilityEvent[available=false, SimpleBrokerMessageHandler [org.springframework.messaging.simp.broker.DefaultSubscriptionRegistry@2796d7f7]]
2026-04-23 15:28:41.743 INFO  [] o.s.m.s.b.SimpleBrokerMessageHandler - Stopped.
2026-04-23 15:28:42.021 INFO  [] o.s.o.j.LocalContainerEntityManagerFactoryBean - Closing JPA EntityManagerFactory for persistence unit 'default'
2026-04-23 15:28:42.119 INFO  [] com.zaxxer.hikari.HikariDataSource - HikariPool-1 - Shutdown initiated...
2026-04-23 15:28:42.294 INFO  [] com.zaxxer.hikari.HikariDataSource - HikariPool-1 - Shutdown completed.
2026-04-23 15:29:14.707 INFO  [] o.h.validator.internal.util.Version - HV000001: Hibernate Validator 8.0.2.Final
2026-04-23 15:29:14.998 INFO  [] c.t.apiserver.ApiServerApplication - Starting ApiServerApplication using Java 17.0.18 with PID 70900 (C:\Users\dkwlr\IdeaProjects\LocalGuest\backend\api-server\build\classes\java\main started by dkwlr in C:\Users\dkwlr\IdeaProjects\LocalGuest)
2026-04-23 15:29:15.001 INFO  [] c.t.apiserver.ApiServerApplication - The following 1 profile is active: "local"
2026-04-23 15:29:20.161 INFO  [] o.s.d.r.c.RepositoryConfigurationDelegate - Multiple Spring Data modules found, entering strict repository configuration mode
2026-04-23 15:29:20.161 INFO  [] o.s.d.r.c.RepositoryConfigurationDelegate - Bootstrapping Spring Data JPA repositories in DEFAULT mode.
2026-04-23 15:29:21.038 INFO  [] o.s.d.r.c.RepositoryConfigurationDelegate - Finished Spring Data repository scanning in 841 ms. Found 13 JPA repository interfaces.
2026-04-23 15:29:21.044 INFO  [] o.s.d.r.c.RepositoryConfigurationDelegate - Multiple Spring Data modules found, entering strict repository configuration mode
2026-04-23 15:29:21.045 INFO  [] o.s.d.r.c.RepositoryConfigurationDelegate - Bootstrapping Spring Data MongoDB repositories in DEFAULT mode.
2026-04-23 15:29:21.072 INFO  [] o.s.d.r.c.RepositoryConfigurationDelegate - Finished Spring Data repository scanning in 24 ms. Found 1 MongoDB repository interface.
2026-04-23 15:29:23.234 INFO  [] o.s.d.r.c.RepositoryConfigurationDelegate - Multiple Spring Data modules found, entering strict repository configuration mode
2026-04-23 15:29:23.238 INFO  [] o.s.d.r.c.RepositoryConfigurationDelegate - Bootstrapping Spring Data Redis repositories in DEFAULT mode.
2026-04-23 15:29:23.296 INFO  [] o.s.d.r.c.RepositoryConfigurationDelegate - Finished Spring Data repository scanning in 25 ms. Found 0 Redis repository interfaces.
2026-04-23 15:29:23.855 WARN  [] o.m.s.mapper.ClassPathMapperScanner - No MyBatis mapper was found in '[com.team6.apiserver]' package. Please check your configuration.
2026-04-23 15:29:26.511 INFO  [] o.s.b.w.e.tomcat.TomcatWebServer - Tomcat initialized with port 8080 (http)
2026-04-23 15:29:26.579 INFO  [] o.a.coyote.http11.Http11NioProtocol - Initializing ProtocolHandler ["http-nio-8080"]
2026-04-23 15:29:26.585 INFO  [] o.a.catalina.core.StandardService - Starting service [Tomcat]
2026-04-23 15:29:26.586 INFO  [] o.a.catalina.core.StandardEngine - Starting Servlet engine: [Apache Tomcat/10.1.40]
2026-04-23 15:29:26.926 INFO  [] o.a.c.c.C.[.[localhost].[/api] - Initializing Spring embedded WebApplicationContext
2026-04-23 15:29:26.928 INFO  [] o.s.b.w.s.c.ServletWebServerApplicationContext - Root WebApplicationContext: initialization completed in 11670 ms
2026-04-23 15:29:28.196 INFO  [] o.h.jpa.internal.util.LogHelper - HHH000204: Processing PersistenceUnitInfo [name: default]
2026-04-23 15:29:28.543 INFO  [] org.hibernate.Version - HHH000412: Hibernate ORM core version 6.6.13.Final
2026-04-23 15:29:28.751 INFO  [] o.h.c.i.RegionFactoryInitiator - HHH000026: Second-level cache disabled
2026-04-23 15:29:30.379 INFO  [] o.s.o.j.p.SpringPersistenceUnitInfo - No LoadTimeWeaver setup: ignoring JPA class transformer
2026-04-23 15:29:30.558 INFO  [] com.zaxxer.hikari.HikariDataSource - HikariPool-1 - Starting...
2026-04-23 15:29:31.645 INFO  [] com.zaxxer.hikari.pool.HikariPool - HikariPool-1 - Added connection com.mysql.cj.jdbc.ConnectionImpl@7137cd14
2026-04-23 15:29:31.653 INFO  [] com.zaxxer.hikari.HikariDataSource - HikariPool-1 - Start completed.
2026-04-23 15:29:31.923 WARN  [] org.hibernate.orm.deprecation - HHH90000025: MySQLDialect does not need to be specified explicitly using 'hibernate.dialect' (remove the property setting and it will be selected by default)
2026-04-23 15:29:32.052 INFO  [] o.hibernate.orm.connections.pooling - HHH10001005: Database info:
	Database JDBC URL [Connecting through datasource 'HikariDataSource (HikariPool-1)']
	Database driver: undefined/unknown
	Database version: 8.0.34
	Autocommit mode: undefined/unknown
	Isolation level: undefined/unknown
	Minimum pool size: undefined/unknown
	Maximum pool size: undefined/unknown
2026-04-23 15:29:44.022 INFO  [] o.h.e.t.j.p.i.JtaPlatformInitiator - HHH000489: No JTA platform available (set 'hibernate.transaction.jta.platform' to enable JTA platform integration)
2026-04-23 15:29:44.710 DEBUG [] org.hibernate.SQL - 
    alter table chat_participants 
       drop 
       foreign key FKk0pkxdxk2whcy4j9lovmexvkq
2026-04-23 15:29:56.005 DEBUG [] org.hibernate.SQL - 
    alter table guide_careers 
       drop 
       foreign key fk_guide_careers_guide
2026-04-23 15:29:57.301 DEBUG [] org.hibernate.SQL - 
    alter table guide_feeds 
       drop 
       foreign key FKl5ncbecyap26kipe8hbrrv259
2026-04-23 15:29:58.100 DEBUG [] org.hibernate.SQL - 
    alter table guide_images 
       drop 
       foreign key fk_guide_images_guide
2026-04-23 15:29:58.798 DEBUG [] org.hibernate.SQL - 
    alter table guide_schedules 
       drop 
       foreign key FK9a3cimgvlpika296h0fkluqbl
2026-04-23 15:30:00.046 DEBUG [] org.hibernate.SQL - 
    alter table payment 
       drop 
       foreign key fk_payment_match_req
2026-04-23 15:30:04.755 DEBUG [] org.hibernate.SQL - 
    alter table refund 
       drop 
       foreign key fk_refund_payment
2026-04-23 15:30:05.296 DEBUG [] org.hibernate.SQL - 
    alter table review 
       drop 
       foreign key FKk0ccx5i4ci2wd70vegug074w1
2026-04-23 15:30:05.661 DEBUG [] org.hibernate.SQL - 
    alter table tour_extension 
       drop 
       foreign key fk_extension_match_req
2026-04-23 15:30:05.976 DEBUG [] org.hibernate.SQL - 
    drop table if exists chat_participants
2026-04-23 15:30:06.244 DEBUG [] org.hibernate.SQL - 
    drop table if exists chat_rooms
2026-04-23 15:30:06.400 DEBUG [] org.hibernate.SQL - 
    drop table if exists guide_careers
2026-04-23 15:30:06.545 DEBUG [] org.hibernate.SQL - 
    drop table if exists guide_feeds
2026-04-23 15:30:06.629 DEBUG [] org.hibernate.SQL - 
    drop table if exists guide_images
2026-04-23 15:30:06.808 DEBUG [] org.hibernate.SQL - 
    drop table if exists guide_profiles
2026-04-23 15:30:06.922 DEBUG [] org.hibernate.SQL - 
    drop table if exists guide_schedules
2026-04-23 15:30:07.037 DEBUG [] org.hibernate.SQL - 
    drop table if exists match_request
2026-04-23 15:30:07.105 DEBUG [] org.hibernate.SQL - 
    drop table if exists member
2026-04-23 15:30:07.177 DEBUG [] org.hibernate.SQL - 
    drop table if exists payment
2026-04-23 15:30:07.295 DEBUG [] org.hibernate.SQL - 
    drop table if exists refund
2026-04-23 15:30:07.435 DEBUG [] org.hibernate.SQL - 
    drop table if exists review
2026-04-23 15:30:07.479 DEBUG [] org.hibernate.SQL - 
    drop table if exists scrapbooks
2026-04-23 15:30:07.660 DEBUG [] org.hibernate.SQL - 
    drop table if exists tour_extension
2026-04-23 15:30:07.931 DEBUG [] org.hibernate.SQL - 
    create table chat_participants (
        is_alarm_on bit not null,
        chat_room_id bigint,
        created_at datetime(6) not null,
        id bigint not null auto_increment,
        last_read_at datetime(6),
        updated_at datetime(6) not null,
        user_id bigint,
        user_email varchar(255) not null,
        user_nickname varchar(255),
        primary key (id)
    ) engine=InnoDB
2026-04-23 15:30:08.044 DEBUG [] org.hibernate.SQL - 
    create table chat_rooms (
        participant_count integer,
        created_at datetime(6) not null,
        id bigint not null auto_increment,
        last_message_at datetime(6),
        updated_at datetime(6) not null,
        last_message varchar(255),
        owner_email varchar(255),
        room_id varchar(255) not null,
        title varchar(255) not null,
        primary key (id)
    ) engine=InnoDB
2026-04-23 15:30:08.122 DEBUG [] org.hibernate.SQL - 
    create table guide_careers (
        acquired_at date not null,
        created_at datetime(6) not null,
        guide_id bigint not null,
        id bigint not null auto_increment,
        updated_at datetime(6) not null,
        title varchar(100) not null,
        description TEXT,
        primary key (id)
    ) engine=InnoDB
2026-04-23 15:30:08.229 DEBUG [] org.hibernate.SQL - 
    create table guide_feeds (
        is_deleted bit not null,
        created_at datetime(6) not null,
        guide_id bigint not null,
        id bigint not null auto_increment,
        updated_at datetime(6) not null,
        content TEXT not null,
        image_url LONGTEXT,
        primary key (id)
    ) engine=InnoDB
2026-04-23 15:30:08.315 DEBUG [] org.hibernate.SQL - 
    create table guide_images (
        is_main bit not null,
        sort_order integer not null,
        created_at datetime(6) not null,
        guide_id bigint not null,
        id bigint not null auto_increment,
        updated_at datetime(6) not null,
        image_url varchar(500) not null,
        primary key (id)
    ) engine=InnoDB
2026-04-23 15:30:08.365 DEBUG [] org.hibernate.SQL - 
    create table guide_profiles (
        average_rating decimal(3,2),
        is_active bit not null,
        is_approved bit not null,
        price_per_hour decimal(10,2),
        residence_years integer,
        review_count integer not null,
        created_at datetime(6) not null,
        id bigint not null auto_increment,
        member_id bigint not null,
        updated_at datetime(6) not null,
        nickname varchar(50) not null,
        guide_style varchar(100),
        language varchar(100),
        region varchar(100) not null,
        profile_image varchar(500),
        bio TEXT,
        default_course TEXT,
        keywords TEXT,
        local_story TEXT,
        primary key (id)
    ) engine=InnoDB
2026-04-23 15:30:08.435 DEBUG [] org.hibernate.SQL - 
    create table guide_schedules (
        available_date date not null,
        end_time time(6) not null,
        is_paid bit not null,
        start_time time(6) not null,
        created_at datetime(6) not null,
        guide_id bigint not null,
        id bigint not null auto_increment,
        match_request_id bigint,
        updated_at datetime(6) not null,
        meeting_point varchar(200),
        course_detail TEXT,
        guide_message TEXT,
        status enum ('AVAILABLE','BLOCKED','BOOKED','PENDING') not null,
        primary key (id)
    ) engine=InnoDB
2026-04-23 15:30:08.513 DEBUG [] org.hibernate.SQL - 
    create table match_request (
        budget_max_won integer,
        budget_min_won integer,
        desired_budget integer,
        desired_date date not null,
        created_at DATETIME(6) not null,
        guest_id bigint not null,
        guide_id bigint not null,
        guide_schedule_id bigint not null,
        id bigint not null auto_increment,
        updated_at DATETIME(6) not null,
        cancelled_by varchar(20),
        cancel_reason TEXT,
        concept TEXT,
        concept_summary TEXT,
        destination varchar(255) not null,
        propose_message TEXT,
        proposed_schedule TEXT,
        status enum ('ACCEPTED','CANCELLED','COMPLETED','IN_PROGRESS','PAID','PENDING','REJECTED') not null,
        primary key (id),
        check (status IN ('PENDING','ACCEPTED','PAID','IN_PROGRESS','COMPLETED','CANCELLED','REJECTED'))
    ) engine=InnoDB
2026-04-23 15:30:08.589 DEBUG [] org.hibernate.SQL - 
    create table member (
        created_at DATETIME(6) DEFAULT CURRENT_TIMESTAMP(6) not null,
        id bigint not null auto_increment,
        updated_at DATETIME(6) DEFAULT CURRENT_TIMESTAMP(6) ON UPDATE CURRENT_TIMESTAMP(6) not null,
        name varchar(100) not null,
        nickname varchar(100),
        profile_image_url varchar(1000),
        email varchar(255) not null,
        password varchar(255) not null,
        role enum ('ADMIN','GUEST','GUIDE') not null,
        social_type enum ('GOOGLE','KAKAO'),
        status enum ('ACTIVE','WITHDRAWN') not null,
        primary key (id)
    ) engine=InnoDB
2026-04-23 15:30:08.671 DEBUG [] org.hibernate.SQL - 
    create table payment (
        amount integer not null,
        created_at DATETIME(6) not null,
        id bigint not null auto_increment,
        match_request_id bigint not null,
        paid_at DATETIME(6),
        payer_id bigint not null,
        refund_deadline DATETIME(6),
        updated_at DATETIME(6) not null,
        payment_type varchar(20) not null,
        pg_order_no varchar(100) not null,
        pg_transaction_id varchar(100),
        status enum ('CANCELLED','COMPLETED','FAILED','PENDING','REFUNDED') not null,
        primary key (id),
        check (status IN ('PENDING','COMPLETED','REFUNDED','FAILED','CANCELLED') AND payment_type IN ('CHAT','ACCOMPANY','EXTENSION'))
    ) engine=InnoDB
2026-04-23 15:30:08.742 DEBUG [] org.hibernate.SQL - 
    create table refund (
        ai_processed bit not null,
        created_at DATETIME(6) not null,
        id bigint not null auto_increment,
        payment_id bigint not null,
        processed_at DATETIME(6),
        requester_id bigint not null,
        updated_at DATETIME(6) not null,
        evidence_url varchar(500),
        reason TEXT,
        refund_type enum ('AUTO','CANCEL_GUEST','CANCEL_GUIDE','MANUAL') not null,
        status enum ('APPROVED','PENDING','REJECTED') not null,
        primary key (id),
        check (status IN ('PENDING','APPROVED','REJECTED') AND refund_type IN ('AUTO','MANUAL','CANCEL_GUEST','CANCEL_GUIDE'))
    ) engine=InnoDB
2026-04-23 15:30:08.792 DEBUG [] org.hibernate.SQL - 
    create table review (
        deleted bit not null,
        rating integer not null,
        created_at DATETIME(6) DEFAULT CURRENT_TIMESTAMP(6) not null,
        deleted_at datetime(6),
        guide_id bigint,
        id bigint not null auto_increment,
        match_request_id bigint not null,
        member_id bigint not null,
        updated_at DATETIME(6) DEFAULT CURRENT_TIMESTAMP(6) ON UPDATE CURRENT_TIMESTAMP(6) not null,
        content Text,
        primary key (id)
    ) engine=InnoDB
2026-04-23 15:30:08.854 DEBUG [] org.hibernate.SQL - 
    create table scrapbooks (
        created_at datetime(6) not null,
        guest_id bigint not null,
        id bigint not null auto_increment,
        match_request_id bigint not null,
        updated_at datetime(6) not null,
        title varchar(100) not null,
        tags varchar(200),
        main_image_url varchar(500),
        content TEXT not null,
        primary key (id)
    ) engine=InnoDB
2026-04-23 15:30:08.910 DEBUG [] org.hibernate.SQL - 
    create table tour_extension (
        extended_date date not null,
        extended_price integer,
        created_at DATETIME(6) not null,
        deadline_at DATETIME(6) not null,
        guest_id bigint not null,
        guide_approved_at DATETIME(6),
        id bigint not null auto_increment,
        match_request_id bigint not null,
        requested_at DATETIME(6) not null,
        updated_at DATETIME(6) not null,
        status enum ('AUTO_CANCELLED','GUIDE_APPROVED','PAID','REJECTED','REQUESTED') not null,
        primary key (id),
        check (status IN ('REQUESTED','GUIDE_APPROVED','PAID','REJECTED','AUTO_CANCELLED'))
    ) engine=InnoDB
2026-04-23 15:30:08.966 DEBUG [] org.hibernate.SQL - 
    alter table chat_rooms 
       add constraint UKtmf6ectlc88brf0myju8ry0yt unique (room_id)
2026-04-23 15:30:09.156 DEBUG [] org.hibernate.SQL - 
    alter table guide_profiles 
       add constraint UKkbxalarf03km5aurrcpmc99s unique (member_id)
2026-04-23 15:30:09.218 DEBUG [] org.hibernate.SQL - 
    alter table guide_schedules 
       add constraint uq_schedule_time unique (guide_id, available_date, start_time, end_time)
2026-04-23 15:30:09.412 DEBUG [] org.hibernate.SQL - 
    create index idx_match_guest 
       on match_request (guest_id)
2026-04-23 15:30:09.508 DEBUG [] org.hibernate.SQL - 
    create index idx_match_guide 
       on match_request (guide_id)
2026-04-23 15:30:09.709 DEBUG [] org.hibernate.SQL - 
    alter table member 
       add constraint UKeqr1gnwwfupeqo38ju3by7dbf unique (email, role)
2026-04-23 15:30:09.783 DEBUG [] org.hibernate.SQL - 
    alter table member 
       add constraint UKhh9kg6jti4n1eoiertn2k6qsc unique (nickname)
2026-04-23 15:30:09.845 DEBUG [] org.hibernate.SQL - 
    create index idx_payment_payer 
       on payment (payer_id)
2026-04-23 15:30:09.905 DEBUG [] org.hibernate.SQL - 
    alter table payment 
       add constraint uq_payment_unique unique (match_request_id, payment_type)
2026-04-23 15:30:09.955 DEBUG [] org.hibernate.SQL - 
    alter table payment 
       add constraint UKljlo9vyedeereqhpwyr9tknqc unique (pg_order_no)
2026-04-23 15:30:10.005 DEBUG [] org.hibernate.SQL - 
    alter table review 
       add constraint UKioc95svtshsmxvlxc8us5yelq unique (match_request_id)
2026-04-23 15:30:10.055 DEBUG [] org.hibernate.SQL - 
    alter table scrapbooks 
       add constraint uq_scrapbook_match unique (match_request_id)
2026-04-23 15:30:10.118 DEBUG [] org.hibernate.SQL - 
    alter table chat_participants 
       add constraint FKk0pkxdxk2whcy4j9lovmexvkq 
       foreign key (chat_room_id) 
       references chat_rooms (id)
2026-04-23 15:30:10.529 DEBUG [] org.hibernate.SQL - 
    alter table guide_careers 
       add constraint fk_guide_careers_guide 
       foreign key (guide_id) 
       references guide_profiles (id)
2026-04-23 15:30:10.963 DEBUG [] org.hibernate.SQL - 
    alter table guide_feeds 
       add constraint FKl5ncbecyap26kipe8hbrrv259 
       foreign key (guide_id) 
       references guide_profiles (id)
2026-04-23 15:30:11.408 DEBUG [] org.hibernate.SQL - 
    alter table guide_images 
       add constraint fk_guide_images_guide 
       foreign key (guide_id) 
       references guide_profiles (id)
2026-04-23 15:30:11.813 DEBUG [] org.hibernate.SQL - 
    alter table guide_schedules 
       add constraint FK9a3cimgvlpika296h0fkluqbl 
       foreign key (guide_id) 
       references guide_profiles (id)
2026-04-23 15:30:12.480 DEBUG [] org.hibernate.SQL - 
    alter table payment 
       add constraint fk_payment_match_req 
       foreign key (match_request_id) 
       references match_request (id)
2026-04-23 15:30:13.989 DEBUG [] org.hibernate.SQL - 
    alter table refund 
       add constraint fk_refund_payment 
       foreign key (payment_id) 
       references payment (id)
2026-04-23 15:30:15.221 DEBUG [] org.hibernate.SQL - 
    alter table review 
       add constraint FKk0ccx5i4ci2wd70vegug074w1 
       foreign key (member_id) 
       references member (id)
2026-04-23 15:30:15.844 DEBUG [] org.hibernate.SQL - 
    alter table tour_extension 
       add constraint fk_extension_match_req 
       foreign key (match_request_id) 
       references match_request (id)
2026-04-23 15:30:16.417 INFO  [] o.s.o.j.LocalContainerEntityManagerFactoryBean - Initialized JPA EntityManagerFactory for persistence unit 'default'
2026-04-23 15:30:22.623 INFO  [] o.s.d.j.r.query.QueryEnhancerFactory - Hibernate is in classpath; If applicable, HQL parser will be used.
2026-04-23 15:30:28.710 INFO  [] org.mongodb.driver.client - MongoClient with metadata {"driver": {"name": "mongo-java-driver|sync|spring-boot", "version": "5.2.1"}, "os": {"type": "Windows", "name": "Windows 11", "architecture": "amd64", "version": "10.0"}, "platform": "Java/Amazon.com Inc./17.0.18+9-LTS"} created with settings MongoClientSettings{readPreference=primary, writeConcern=WriteConcern{w=null, wTimeout=null ms, journal=null}, retryWrites=true, retryReads=true, readConcern=ReadConcern{level=null}, credential=null, transportSettings=null, commandListeners=[io.micrometer.core.instrument.binder.mongodb.MongoMetricsCommandListener@21302fe7], codecRegistry=ProvidersCodecRegistry{codecProviders=[ValueCodecProvider{}, BsonValueCodecProvider{}, DBRefCodecProvider{}, DBObjectCodecProvider{}, DocumentCodecProvider{}, CollectionCodecProvider{}, IterableCodecProvider{}, MapCodecProvider{}, GeoJsonCodecProvider{}, GridFSFileCodecProvider{}, Jsr310CodecProvider{}, JsonObjectCodecProvider{}, BsonCodecProvider{}, EnumCodecProvider{}, com.mongodb.client.model.mql.ExpressionCodecProvider@64ff7aaf, com.mongodb.Jep395RecordCodecProvider@54b70c50, com.mongodb.KotlinCodecProvider@778ebf6f]}, loggerSettings=LoggerSettings{maxDocumentLength=1000}, clusterSettings={hosts=[localhost:27017], srvServiceName=mongodb, mode=SINGLE, requiredClusterType=UNKNOWN, requiredReplicaSetName='null', serverSelector='null', clusterListeners='[]', serverSelectionTimeout='30000 ms', localThreshold='15 ms'}, socketSettings=SocketSettings{connectTimeoutMS=10000, readTimeoutMS=0, receiveBufferSize=0, proxySettings=ProxySettings{host=null, port=null, username=null, password=null}}, heartbeatSocketSettings=SocketSettings{connectTimeoutMS=10000, readTimeoutMS=10000, receiveBufferSize=0, proxySettings=ProxySettings{host=null, port=null, username=null, password=null}}, connectionPoolSettings=ConnectionPoolSettings{maxSize=100, minSize=0, maxWaitTimeMS=120000, maxConnectionLifeTimeMS=0, maxConnectionIdleTimeMS=0, maintenanceInitialDelayMS=0, maintenanceFrequencyMS=60000, connectionPoolListeners=[io.micrometer.core.instrument.binder.mongodb.MongoMetricsConnectionPoolListener@5f089575], maxConnecting=2}, serverSettings=ServerSettings{heartbeatFrequencyMS=10000, minHeartbeatFrequencyMS=500, serverMonitoringMode=AUTO, serverListeners='[]', serverMonitorListeners='[]'}, sslSettings=SslSettings{enabled=false, invalidHostNameAllowed=false, context=null}, applicationName='null', compressorList=[], uuidRepresentation=JAVA_LEGACY, serverApi=null, autoEncryptionSettings=null, dnsClient=null, inetAddressResolver=null, contextProvider=null, timeoutMS=null}
2026-04-23 15:30:28.771 INFO  [] org.mongodb.driver.cluster - Monitor thread successfully connected to server with description ServerDescription{address=localhost:27017, type=STANDALONE, cryptd=false, state=CONNECTED, ok=true, minWireVersion=0, maxWireVersion=27, maxDocumentSize=16777216, logicalSessionTimeoutMinutes=30, roundTripTimeNanos=145702500, minRoundTripTimeNanos=0}
2026-04-23 15:30:31.007 WARN  [] o.s.b.a.o.j.JpaBaseConfiguration$JpaWebConfiguration - spring.jpa.open-in-view is enabled by default. Therefore, database queries may be performed during view rendering. Explicitly configure spring.jpa.open-in-view to disable this warning
2026-04-23 15:30:33.108 INFO  [] o.s.b.a.e.web.EndpointLinksResolver - Exposing 1 endpoint beneath base path '/actuator'
2026-04-23 15:30:33.712 WARN  [] o.s.s.c.a.web.builders.WebSecurity - You are asking Spring Security to ignore Deferred [Mvc [pattern='/actuator/**'], Ant [pattern='/actuator/**']]. This is not recommended -- please use permitAll via HttpSecurity#authorizeHttpRequests instead.
2026-04-23 15:30:33.713 WARN  [] o.s.s.c.a.web.builders.WebSecurity - You are asking Spring Security to ignore Deferred [Mvc [pattern='/api/actuator/**'], Ant [pattern='/api/actuator/**']]. This is not recommended -- please use permitAll via HttpSecurity#authorizeHttpRequests instead.
2026-04-23 15:30:33.714 WARN  [] o.s.s.c.a.web.builders.WebSecurity - You are asking Spring Security to ignore Deferred [Mvc [pattern='/v3/api-docs/**'], Ant [pattern='/v3/api-docs/**']]. This is not recommended -- please use permitAll via HttpSecurity#authorizeHttpRequests instead.
2026-04-23 15:30:33.715 WARN  [] o.s.s.c.a.web.builders.WebSecurity - You are asking Spring Security to ignore Deferred [Mvc [pattern='/swagger-ui/**'], Ant [pattern='/swagger-ui/**']]. This is not recommended -- please use permitAll via HttpSecurity#authorizeHttpRequests instead.
2026-04-23 15:30:33.716 WARN  [] o.s.s.c.a.web.builders.WebSecurity - You are asking Spring Security to ignore Deferred [Mvc [pattern='/api/v3/api-docs/**'], Ant [pattern='/api/v3/api-docs/**']]. This is not recommended -- please use permitAll via HttpSecurity#authorizeHttpRequests instead.
2026-04-23 15:30:33.717 WARN  [] o.s.s.c.a.web.builders.WebSecurity - You are asking Spring Security to ignore Deferred [Mvc [pattern='/api/swagger-ui/**'], Ant [pattern='/api/swagger-ui/**']]. This is not recommended -- please use permitAll via HttpSecurity#authorizeHttpRequests instead.
2026-04-23 15:30:36.600 INFO  [] o.s.m.s.b.SimpleBrokerMessageHandler - Starting...
2026-04-23 15:30:36.604 INFO  [] o.s.m.s.b.SimpleBrokerMessageHandler - BrokerAvailabilityEvent[available=true, SimpleBrokerMessageHandler [org.springframework.messaging.simp.broker.DefaultSubscriptionRegistry@36f5468d]]
2026-04-23 15:30:36.605 INFO  [] o.s.m.s.b.SimpleBrokerMessageHandler - Started.
2026-04-23 15:30:36.606 INFO  [] o.a.coyote.http11.Http11NioProtocol - Starting ProtocolHandler ["http-nio-8080"]
2026-04-23 15:30:36.677 INFO  [] o.s.b.w.e.tomcat.TomcatWebServer - Tomcat started on port 8080 (http) with context path '/api'
2026-04-23 15:30:38.552 INFO  [] c.t.apiserver.ApiServerApplication - Started ApiServerApplication in 86.762 seconds (process running for 90.539)
2026-04-23 15:30:38.583 INFO  [] c.t.m.a.c.LlmPromptExtractorStartupDiagnostics - [AI_LLM] startup llmPromptExtractionEnabled=false llmProviderCfg=openai llmPromptExtractorBean=none
2026-04-23 15:31:00.565 DEBUG [] org.hibernate.SQL - 
    /* <criteria> */ select
        te1_0.id,
        te1_0.created_at,
        te1_0.deadline_at,
        te1_0.extended_date,
        te1_0.extended_price,
        te1_0.guest_id,
        te1_0.guide_approved_at,
        te1_0.match_request_id,
        te1_0.requested_at,
        te1_0.status,
        te1_0.updated_at 
    from
        tour_extension te1_0 
    where
        te1_0.status=? 
        and te1_0.deadline_at<?
2026-04-23 15:31:00.603 TRACE [] org.hibernate.orm.jdbc.bind - binding parameter (1:ENUM) <- [REQUESTED]
2026-04-23 15:31:00.604 TRACE [] org.hibernate.orm.jdbc.bind - binding parameter (2:TIMESTAMP) <- [2026-04-23T15:31:00.118421500]
2026-04-23 15:31:36.497 INFO  [] o.s.w.s.c.WebSocketMessageBrokerStats - WebSocketSession[0 current WS(0)-HttpStream(0)-HttpPoll(0), 0 total, 0 closed abnormally (0 connect failure, 0 send limit, 0 transport error)], stompSubProtocol[processed CONNECT(0)-CONNECTED(0)-DISCONNECT(0)], stompBrokerRelay[null], inboundChannel[pool size = 0, active threads = 0, queued tasks = 0, completed tasks = 0], outboundChannel[pool size = 0, active threads = 0, queued tasks = 0, completed tasks = 0], sockJsScheduler[pool size = 5, active threads = 1, queued tasks = 2, completed tasks = 2]
2026-04-23 15:32:00.011 DEBUG [] org.hibernate.SQL - 
    /* <criteria> */ select
        te1_0.id,
        te1_0.created_at,
        te1_0.deadline_at,
        te1_0.extended_date,
        te1_0.extended_price,
        te1_0.guest_id,
        te1_0.guide_approved_at,
        te1_0.match_request_id,
        te1_0.requested_at,
        te1_0.status,
        te1_0.updated_at 
    from
        tour_extension te1_0 
    where
        te1_0.status=? 
        and te1_0.deadline_at<?
2026-04-23 15:32:00.012 TRACE [] org.hibernate.orm.jdbc.bind - binding parameter (1:ENUM) <- [REQUESTED]
2026-04-23 15:32:00.013 TRACE [] org.hibernate.orm.jdbc.bind - binding parameter (2:TIMESTAMP) <- [2026-04-23T15:32:00.006461100]
2026-04-23 15:33:00.796 DEBUG [] org.hibernate.SQL - 
    /* <criteria> */ select
        te1_0.id,
        te1_0.created_at,
        te1_0.deadline_at,
        te1_0.extended_date,
        te1_0.extended_price,
        te1_0.guest_id,
        te1_0.guide_approved_at,
        te1_0.match_request_id,
        te1_0.requested_at,
        te1_0.status,
        te1_0.updated_at 
    from
        tour_extension te1_0 
    where
        te1_0.status=? 
        and te1_0.deadline_at<?
2026-04-23 15:33:00.834 TRACE [] org.hibernate.orm.jdbc.bind - binding parameter (1:ENUM) <- [REQUESTED]
2026-04-23 15:33:00.851 TRACE [] org.hibernate.orm.jdbc.bind - binding parameter (2:TIMESTAMP) <- [2026-04-23T15:33:00.569831]
2026-04-23 15:34:00.116 DEBUG [] org.hibernate.SQL - 
    /* <criteria> */ select
        te1_0.id,
        te1_0.created_at,
        te1_0.deadline_at,
        te1_0.extended_date,
        te1_0.extended_price,
        te1_0.guest_id,
        te1_0.guide_approved_at,
        te1_0.match_request_id,
        te1_0.requested_at,
        te1_0.status,
        te1_0.updated_at 
    from
        tour_extension te1_0 
    where
        te1_0.status=? 
        and te1_0.deadline_at<?
2026-04-23 15:34:00.138 TRACE [] org.hibernate.orm.jdbc.bind - binding parameter (1:ENUM) <- [REQUESTED]
2026-04-23 15:34:00.153 TRACE [] org.hibernate.orm.jdbc.bind - binding parameter (2:TIMESTAMP) <- [2026-04-23T15:34:00.038790100]
2026-04-23 15:35:00.245 DEBUG [] org.hibernate.SQL - 
    /* <criteria> */ select
        te1_0.id,
        te1_0.created_at,
        te1_0.deadline_at,
        te1_0.extended_date,
        te1_0.extended_price,
        te1_0.guest_id,
        te1_0.guide_approved_at,
        te1_0.match_request_id,
        te1_0.requested_at,
        te1_0.status,
        te1_0.updated_at 
    from
        tour_extension te1_0 
    where
        te1_0.status=? 
        and te1_0.deadline_at<?
2026-04-23 15:35:00.287 TRACE [] org.hibernate.orm.jdbc.bind - binding parameter (1:ENUM) <- [REQUESTED]
2026-04-23 15:35:00.301 TRACE [] org.hibernate.orm.jdbc.bind - binding parameter (2:TIMESTAMP) <- [2026-04-23T15:35:00.093795700]
2026-04-23 15:36:00.070 DEBUG [] org.hibernate.SQL - 
    /* <criteria> */ select
        te1_0.id,
        te1_0.created_at,
        te1_0.deadline_at,
        te1_0.extended_date,
        te1_0.extended_price,
        te1_0.guest_id,
        te1_0.guide_approved_at,
        te1_0.match_request_id,
        te1_0.requested_at,
        te1_0.status,
        te1_0.updated_at 
    from
        tour_extension te1_0 
    where
        te1_0.status=? 
        and te1_0.deadline_at<?
2026-04-23 15:36:00.084 TRACE [] org.hibernate.orm.jdbc.bind - binding parameter (1:ENUM) <- [REQUESTED]
2026-04-23 15:36:00.105 TRACE [] org.hibernate.orm.jdbc.bind - binding parameter (2:TIMESTAMP) <- [2026-04-23T15:36:00.034827]
2026-04-23 15:37:03.056 DEBUG [] org.hibernate.SQL - 
    /* <criteria> */ select
        te1_0.id,
        te1_0.created_at,
        te1_0.deadline_at,
        te1_0.extended_date,
        te1_0.extended_price,
        te1_0.guest_id,
        te1_0.guide_approved_at,
        te1_0.match_request_id,
        te1_0.requested_at,
        te1_0.status,
        te1_0.updated_at 
    from
        tour_extension te1_0 
    where
        te1_0.status=? 
        and te1_0.deadline_at<?
2026-04-23 15:37:03.235 TRACE [] org.hibernate.orm.jdbc.bind - binding parameter (1:ENUM) <- [REQUESTED]
2026-04-23 15:37:03.285 TRACE [] org.hibernate.orm.jdbc.bind - binding parameter (2:TIMESTAMP) <- [2026-04-23T15:37:02.823837400]
2026-04-23 15:38:00.250 DEBUG [] org.hibernate.SQL - 
    /* <criteria> */ select
        te1_0.id,
        te1_0.created_at,
        te1_0.deadline_at,
        te1_0.extended_date,
        te1_0.extended_price,
        te1_0.guest_id,
        te1_0.guide_approved_at,
        te1_0.match_request_id,
        te1_0.requested_at,
        te1_0.status,
        te1_0.updated_at 
    from
        tour_extension te1_0 
    where
        te1_0.status=? 
        and te1_0.deadline_at<?
2026-04-23 15:38:00.272 TRACE [] org.hibernate.orm.jdbc.bind - binding parameter (1:ENUM) <- [REQUESTED]
2026-04-23 15:38:00.281 TRACE [] org.hibernate.orm.jdbc.bind - binding parameter (2:TIMESTAMP) <- [2026-04-23T15:38:00.154017100]
2026-04-23 15:39:00.090 DEBUG [] org.hibernate.SQL - 
    /* <criteria> */ select
        te1_0.id,
        te1_0.created_at,
        te1_0.deadline_at,
        te1_0.extended_date,
        te1_0.extended_price,
        te1_0.guest_id,
        te1_0.guide_approved_at,
        te1_0.match_request_id,
        te1_0.requested_at,
        te1_0.status,
        te1_0.updated_at 
    from
        tour_extension te1_0 
    where
        te1_0.status=? 
        and te1_0.deadline_at<?
2026-04-23 15:39:00.105 TRACE [] org.hibernate.orm.jdbc.bind - binding parameter (1:ENUM) <- [REQUESTED]
2026-04-23 15:39:00.109 TRACE [] org.hibernate.orm.jdbc.bind - binding parameter (2:TIMESTAMP) <- [2026-04-23T15:39:00.028561600]
2026-04-23 15:40:02.444 DEBUG [] org.hibernate.SQL - 
    /* <criteria> */ select
        te1_0.id,
        te1_0.created_at,
        te1_0.deadline_at,
        te1_0.extended_date,
        te1_0.extended_price,
        te1_0.guest_id,
        te1_0.guide_approved_at,
        te1_0.match_request_id,
        te1_0.requested_at,
        te1_0.status,
        te1_0.updated_at 
    from
        tour_extension te1_0 
    where
        te1_0.status=? 
        and te1_0.deadline_at<?
2026-04-23 15:40:02.551 TRACE [] org.hibernate.orm.jdbc.bind - binding parameter (1:ENUM) <- [REQUESTED]
2026-04-23 15:40:02.563 TRACE [] org.hibernate.orm.jdbc.bind - binding parameter (2:TIMESTAMP) <- [2026-04-23T15:40:00.124707400]
2026-04-23 15:41:00.124 DEBUG [] org.hibernate.SQL - 
    /* <criteria> */ select
        te1_0.id,
        te1_0.created_at,
        te1_0.deadline_at,
        te1_0.extended_date,
        te1_0.extended_price,
        te1_0.guest_id,
        te1_0.guide_approved_at,
        te1_0.match_request_id,
        te1_0.requested_at,
        te1_0.status,
        te1_0.updated_at 
    from
        tour_extension te1_0 
    where
        te1_0.status=? 
        and te1_0.deadline_at<?
2026-04-23 15:41:00.130 TRACE [] org.hibernate.orm.jdbc.bind - binding parameter (1:ENUM) <- [REQUESTED]
2026-04-23 15:41:00.139 TRACE [] org.hibernate.orm.jdbc.bind - binding parameter (2:TIMESTAMP) <- [2026-04-23T15:41:00.047456]
2026-04-23 15:42:00.296 DEBUG [] org.hibernate.SQL - 
    /* <criteria> */ select
        te1_0.id,
        te1_0.created_at,
        te1_0.deadline_at,
        te1_0.extended_date,
        te1_0.extended_price,
        te1_0.guest_id,
        te1_0.guide_approved_at,
        te1_0.match_request_id,
        te1_0.requested_at,
        te1_0.status,
        te1_0.updated_at 
    from
        tour_extension te1_0 
    where
        te1_0.status=? 
        and te1_0.deadline_at<?
2026-04-23 15:42:00.335 TRACE [] org.hibernate.orm.jdbc.bind - binding parameter (1:ENUM) <- [REQUESTED]
2026-04-23 15:42:00.356 TRACE [] org.hibernate.orm.jdbc.bind - binding parameter (2:TIMESTAMP) <- [2026-04-23T15:42:00.150828100]
2026-04-23 15:43:00.084 DEBUG [] org.hibernate.SQL - 
    /* <criteria> */ select
        te1_0.id,
        te1_0.created_at,
        te1_0.deadline_at,
        te1_0.extended_date,
        te1_0.extended_price,
        te1_0.guest_id,
        te1_0.guide_approved_at,
        te1_0.match_request_id,
        te1_0.requested_at,
        te1_0.status,
        te1_0.updated_at 
    from
        tour_extension te1_0 
    where
        te1_0.status=? 
        and te1_0.deadline_at<?
2026-04-23 15:43:00.090 TRACE [] org.hibernate.orm.jdbc.bind - binding parameter (1:ENUM) <- [REQUESTED]
2026-04-23 15:43:00.092 TRACE [] org.hibernate.orm.jdbc.bind - binding parameter (2:TIMESTAMP) <- [2026-04-23T15:43:00.073432500]
2026-04-23 15:44:00.513 DEBUG [] org.hibernate.SQL - 
    /* <criteria> */ select
        te1_0.id,
        te1_0.created_at,
        te1_0.deadline_at,
        te1_0.extended_date,
        te1_0.extended_price,
        te1_0.guest_id,
        te1_0.guide_approved_at,
        te1_0.match_request_id,
        te1_0.requested_at,
        te1_0.status,
        te1_0.updated_at 
    from
        tour_extension te1_0 
    where
        te1_0.status=? 
        and te1_0.deadline_at<?
2026-04-23 15:44:00.515 TRACE [] org.hibernate.orm.jdbc.bind - binding parameter (1:ENUM) <- [REQUESTED]
2026-04-23 15:44:00.515 TRACE [] org.hibernate.orm.jdbc.bind - binding parameter (2:TIMESTAMP) <- [2026-04-23T15:44:00.262270]
2026-04-23 15:45:00.016 DEBUG [] org.hibernate.SQL - 
    /* <criteria> */ select
        te1_0.id,
        te1_0.created_at,
        te1_0.deadline_at,
        te1_0.extended_date,
        te1_0.extended_price,
        te1_0.guest_id,
        te1_0.guide_approved_at,
        te1_0.match_request_id,
        te1_0.requested_at,
        te1_0.status,
        te1_0.updated_at 
    from
        tour_extension te1_0 
    where
        te1_0.status=? 
        and te1_0.deadline_at<?
2026-04-23 15:45:00.018 TRACE [] org.hibernate.orm.jdbc.bind - binding parameter (1:ENUM) <- [REQUESTED]
2026-04-23 15:45:00.019 TRACE [] org.hibernate.orm.jdbc.bind - binding parameter (2:TIMESTAMP) <- [2026-04-23T15:45:00.013857800]
2026-04-23 15:46:00.083 DEBUG [] org.hibernate.SQL - 
    /* <criteria> */ select
        te1_0.id,
        te1_0.created_at,
        te1_0.deadline_at,
        te1_0.extended_date,
        te1_0.extended_price,
        te1_0.guest_id,
        te1_0.guide_approved_at,
        te1_0.match_request_id,
        te1_0.requested_at,
        te1_0.status,
        te1_0.updated_at 
    from
        tour_extension te1_0 
    where
        te1_0.status=? 
        and te1_0.deadline_at<?
2026-04-23 15:46:00.090 TRACE [] org.hibernate.orm.jdbc.bind - binding parameter (1:ENUM) <- [REQUESTED]
2026-04-23 15:46:00.095 TRACE [] org.hibernate.orm.jdbc.bind - binding parameter (2:TIMESTAMP) <- [2026-04-23T15:46:00.018132400]
2026-04-23 15:47:00.107 DEBUG [] org.hibernate.SQL - 
    /* <criteria> */ select
        te1_0.id,
        te1_0.created_at,
        te1_0.deadline_at,
        te1_0.extended_date,
        te1_0.extended_price,
        te1_0.guest_id,
        te1_0.guide_approved_at,
        te1_0.match_request_id,
        te1_0.requested_at,
        te1_0.status,
        te1_0.updated_at 
    from
        tour_extension te1_0 
    where
        te1_0.status=? 
        and te1_0.deadline_at<?
2026-04-23 15:47:00.219 TRACE [] org.hibernate.orm.jdbc.bind - binding parameter (1:ENUM) <- [REQUESTED]
2026-04-23 15:47:00.221 TRACE [] org.hibernate.orm.jdbc.bind - binding parameter (2:TIMESTAMP) <- [2026-04-23T15:47:00.038550100]
2026-04-23 15:48:00.005 DEBUG [] org.hibernate.SQL - 
    /* <criteria> */ select
        te1_0.id,
        te1_0.created_at,
        te1_0.deadline_at,
        te1_0.extended_date,
        te1_0.extended_price,
        te1_0.guest_id,
        te1_0.guide_approved_at,
        te1_0.match_request_id,
        te1_0.requested_at,
        te1_0.status,
        te1_0.updated_at 
    from
        tour_extension te1_0 
    where
        te1_0.status=? 
        and te1_0.deadline_at<?
2026-04-23 15:48:00.009 TRACE [] org.hibernate.orm.jdbc.bind - binding parameter (1:ENUM) <- [REQUESTED]
2026-04-23 15:48:00.009 TRACE [] org.hibernate.orm.jdbc.bind - binding parameter (2:TIMESTAMP) <- [2026-04-23T15:48:00.002582700]
2026-04-23 15:49:00.079 DEBUG [] org.hibernate.SQL - 
    /* <criteria> */ select
        te1_0.id,
        te1_0.created_at,
        te1_0.deadline_at,
        te1_0.extended_date,
        te1_0.extended_price,
        te1_0.guest_id,
        te1_0.guide_approved_at,
        te1_0.match_request_id,
        te1_0.requested_at,
        te1_0.status,
        te1_0.updated_at 
    from
        tour_extension te1_0 
    where
        te1_0.status=? 
        and te1_0.deadline_at<?
2026-04-23 15:49:00.084 TRACE [] org.hibernate.orm.jdbc.bind - binding parameter (1:ENUM) <- [REQUESTED]
2026-04-23 15:49:00.087 TRACE [] org.hibernate.orm.jdbc.bind - binding parameter (2:TIMESTAMP) <- [2026-04-23T15:49:00.022583200]
2026-04-23 15:50:00.057 DEBUG [] org.hibernate.SQL - 
    /* <criteria> */ select
        te1_0.id,
        te1_0.created_at,
        te1_0.deadline_at,
        te1_0.extended_date,
        te1_0.extended_price,
        te1_0.guest_id,
        te1_0.guide_approved_at,
        te1_0.match_request_id,
        te1_0.requested_at,
        te1_0.status,
        te1_0.updated_at 
    from
        tour_extension te1_0 
    where
        te1_0.status=? 
        and te1_0.deadline_at<?
2026-04-23 15:50:00.075 TRACE [] org.hibernate.orm.jdbc.bind - binding parameter (1:ENUM) <- [REQUESTED]
2026-04-23 15:50:00.081 TRACE [] org.hibernate.orm.jdbc.bind - binding parameter (2:TIMESTAMP) <- [2026-04-23T15:50:00.041191]
2026-04-23 15:51:00.244 DEBUG [] org.hibernate.SQL - 
    /* <criteria> */ select
        te1_0.id,
        te1_0.created_at,
        te1_0.deadline_at,
        te1_0.extended_date,
        te1_0.extended_price,
        te1_0.guest_id,
        te1_0.guide_approved_at,
        te1_0.match_request_id,
        te1_0.requested_at,
        te1_0.status,
        te1_0.updated_at 
    from
        tour_extension te1_0 
    where
        te1_0.status=? 
        and te1_0.deadline_at<?
2026-04-23 15:51:01.618 TRACE [] org.hibernate.orm.jdbc.bind - binding parameter (1:ENUM) <- [REQUESTED]
2026-04-23 15:51:01.631 TRACE [] org.hibernate.orm.jdbc.bind - binding parameter (2:TIMESTAMP) <- [2026-04-23T15:51:00.083487700]
2026-04-23 15:52:00.128 DEBUG [] org.hibernate.SQL - 
    /* <criteria> */ select
        te1_0.id,
        te1_0.created_at,
        te1_0.deadline_at,
        te1_0.extended_date,
        te1_0.extended_price,
        te1_0.guest_id,
        te1_0.guide_approved_at,
        te1_0.match_request_id,
        te1_0.requested_at,
        te1_0.status,
        te1_0.updated_at 
    from
        tour_extension te1_0 
    where
        te1_0.status=? 
        and te1_0.deadline_at<?
2026-04-23 15:52:00.141 TRACE [] org.hibernate.orm.jdbc.bind - binding parameter (1:ENUM) <- [REQUESTED]
2026-04-23 15:52:00.144 TRACE [] org.hibernate.orm.jdbc.bind - binding parameter (2:TIMESTAMP) <- [2026-04-23T15:52:00.043630100]
2026-04-23 15:53:00.082 DEBUG [] org.hibernate.SQL - 
    /* <criteria> */ select
        te1_0.id,
        te1_0.created_at,
        te1_0.deadline_at,
        te1_0.extended_date,
        te1_0.extended_price,
        te1_0.guest_id,
        te1_0.guide_approved_at,
        te1_0.match_request_id,
        te1_0.requested_at,
        te1_0.status,
        te1_0.updated_at 
    from
        tour_extension te1_0 
    where
        te1_0.status=? 
        and te1_0.deadline_at<?
2026-04-23 15:53:00.091 TRACE [] org.hibernate.orm.jdbc.bind - binding parameter (1:ENUM) <- [REQUESTED]
2026-04-23 15:53:00.097 TRACE [] org.hibernate.orm.jdbc.bind - binding parameter (2:TIMESTAMP) <- [2026-04-23T15:53:00.054231100]
2026-04-23 15:54:00.022 DEBUG [] org.hibernate.SQL - 
    /* <criteria> */ select
        te1_0.id,
        te1_0.created_at,
        te1_0.deadline_at,
        te1_0.extended_date,
        te1_0.extended_price,
        te1_0.guest_id,
        te1_0.guide_approved_at,
        te1_0.match_request_id,
        te1_0.requested_at,
        te1_0.status,
        te1_0.updated_at 
    from
        tour_extension te1_0 
    where
        te1_0.status=? 
        and te1_0.deadline_at<?
2026-04-23 15:54:00.029 TRACE [] org.hibernate.orm.jdbc.bind - binding parameter (1:ENUM) <- [REQUESTED]
2026-04-23 15:54:00.036 TRACE [] org.hibernate.orm.jdbc.bind - binding parameter (2:TIMESTAMP) <- [2026-04-23T15:54:00.013465]
2026-04-23 15:54:19.950 INFO  [] o.a.c.c.C.[.[localhost].[/api] - Initializing Spring DispatcherServlet 'dispatcherServlet'
2026-04-23 15:54:19.965 INFO  [] o.s.web.servlet.DispatcherServlet - Initializing Servlet 'dispatcherServlet'
2026-04-23 15:54:20.399 INFO  [] o.s.web.servlet.DispatcherServlet - Completed initialization in 422 ms
2026-04-23 15:54:30.153 DEBUG [76dbf4d1] org.hibernate.SQL - 
    /* <criteria> */ select
        m1_0.id,
        m1_0.created_at,
        m1_0.email,
        m1_0.name,
        m1_0.nickname,
        m1_0.password,
        m1_0.profile_image_url,
        m1_0.role,
        m1_0.social_type,
        m1_0.status,
        m1_0.updated_at 
    from
        member m1_0 
    where
        m1_0.email=? 
        and m1_0.role=?
2026-04-23 15:54:30.162 TRACE [76dbf4d1] org.hibernate.orm.jdbc.bind - binding parameter (1:VARCHAR) <- [guest04@localguest.com]
2026-04-23 15:54:30.172 TRACE [76dbf4d1] org.hibernate.orm.jdbc.bind - binding parameter (2:ENUM) <- [GUEST]
2026-04-23 15:54:36.885 INFO  [76dbf4d1] c.t.a.logging.MdcLoggingFilter - [HTTP] 요청 완료 - statusCode: 200, latencyMs: 16310, requestUri: /api/auth/login, method: POST
2026-04-23 15:54:39.131 DEBUG [fc57351a] org.hibernate.SQL - 
    /* <criteria> */ select
        m1_0.id,
        m1_0.created_at,
        m1_0.email,
        m1_0.name,
        m1_0.nickname,
        m1_0.password,
        m1_0.profile_image_url,
        m1_0.role,
        m1_0.social_type,
        m1_0.status,
        m1_0.updated_at 
    from
        member m1_0 
    where
        m1_0.email=? 
        and m1_0.role=?
2026-04-23 15:54:39.135 TRACE [fc57351a] org.hibernate.orm.jdbc.bind - binding parameter (1:VARCHAR) <- [guest04@localGuest.com]
2026-04-23 15:54:39.136 TRACE [fc57351a] org.hibernate.orm.jdbc.bind - binding parameter (2:ENUM) <- [GUEST]
2026-04-23 15:54:39.151 DEBUG [0cf49008] org.hibernate.SQL - 
    /* <criteria> */ select
        m1_0.id,
        m1_0.created_at,
        m1_0.email,
        m1_0.name,
        m1_0.nickname,
        m1_0.password,
        m1_0.profile_image_url,
        m1_0.role,
        m1_0.social_type,
        m1_0.status,
        m1_0.updated_at 
    from
        member m1_0 
    where
        m1_0.email=? 
        and m1_0.role=?
2026-04-23 15:54:39.154 TRACE [0cf49008] org.hibernate.orm.jdbc.bind - binding parameter (1:VARCHAR) <- [guest04@localGuest.com]
2026-04-23 15:54:39.155 TRACE [0cf49008] org.hibernate.orm.jdbc.bind - binding parameter (2:ENUM) <- [GUEST]
2026-04-23 15:54:39.214 DEBUG [fc57351a] org.hibernate.SQL - 
    /* <criteria> */ select
        mr1_0.id,
        mr1_0.budget_max_won,
        mr1_0.budget_min_won,
        mr1_0.cancel_reason,
        mr1_0.cancelled_by,
        mr1_0.concept,
        mr1_0.concept_summary,
        mr1_0.created_at,
        mr1_0.desired_budget,
        mr1_0.desired_date,
        mr1_0.destination,
        mr1_0.guest_id,
        mr1_0.guide_id,
        mr1_0.guide_schedule_id,
        mr1_0.propose_message,
        mr1_0.proposed_schedule,
        mr1_0.status,
        mr1_0.updated_at 
    from
        match_request mr1_0 
    where
        mr1_0.guest_id=?
2026-04-23 15:54:39.218 TRACE [fc57351a] org.hibernate.orm.jdbc.bind - binding parameter (1:BIGINT) <- [941004]
2026-04-23 15:54:39.261 INFO  [0cf49008] c.t.a.logging.MdcLoggingFilter - [HTTP] 요청 완료 - statusCode: 200, latencyMs: 1951, requestUri: /api/members/me/profile, method: GET
2026-04-23 15:54:39.421 DEBUG [45e0c2ed] org.hibernate.SQL - 
    /* <criteria> */ select
        m1_0.id,
        m1_0.created_at,
        m1_0.email,
        m1_0.name,
        m1_0.nickname,
        m1_0.password,
        m1_0.profile_image_url,
        m1_0.role,
        m1_0.social_type,
        m1_0.status,
        m1_0.updated_at 
    from
        member m1_0 
    where
        m1_0.email=? 
        and m1_0.role=?
2026-04-23 15:54:39.425 TRACE [45e0c2ed] org.hibernate.orm.jdbc.bind - binding parameter (1:VARCHAR) <- [guest04@localGuest.com]
2026-04-23 15:54:39.429 TRACE [45e0c2ed] org.hibernate.orm.jdbc.bind - binding parameter (2:ENUM) <- [GUEST]
2026-04-23 15:54:39.513 INFO  [45e0c2ed] c.t.a.logging.MdcLoggingFilter - [HTTP] 요청 완료 - statusCode: 200, latencyMs: 221, requestUri: /api/members/me/profile, method: GET
2026-04-23 15:54:39.986 INFO  [fc57351a] c.t.a.logging.MdcLoggingFilter - [HTTP] 요청 완료 - statusCode: 200, latencyMs: 2683, requestUri: /api/matching/requests/guest/list, method: GET
2026-04-23 15:54:40.344 DEBUG [dc823301] org.hibernate.SQL - 
    /* <criteria> */ select
        m1_0.id,
        m1_0.created_at,
        m1_0.email,
        m1_0.name,
        m1_0.nickname,
        m1_0.password,
        m1_0.profile_image_url,
        m1_0.role,
        m1_0.social_type,
        m1_0.status,
        m1_0.updated_at 
    from
        member m1_0 
    where
        m1_0.email=? 
        and m1_0.role=?
2026-04-23 15:54:40.363 TRACE [dc823301] org.hibernate.orm.jdbc.bind - binding parameter (1:VARCHAR) <- [guest04@localGuest.com]
2026-04-23 15:54:40.366 TRACE [dc823301] org.hibernate.orm.jdbc.bind - binding parameter (2:ENUM) <- [GUEST]
2026-04-23 15:54:40.520 DEBUG [dc823301] org.hibernate.SQL - 
    /* <criteria> */ select
        mr1_0.id,
        mr1_0.budget_max_won,
        mr1_0.budget_min_won,
        mr1_0.cancel_reason,
        mr1_0.cancelled_by,
        mr1_0.concept,
        mr1_0.concept_summary,
        mr1_0.created_at,
        mr1_0.desired_budget,
        mr1_0.desired_date,
        mr1_0.destination,
        mr1_0.guest_id,
        mr1_0.guide_id,
        mr1_0.guide_schedule_id,
        mr1_0.propose_message,
        mr1_0.proposed_schedule,
        mr1_0.status,
        mr1_0.updated_at 
    from
        match_request mr1_0 
    where
        mr1_0.guest_id=?
2026-04-23 15:54:40.529 TRACE [dc823301] org.hibernate.orm.jdbc.bind - binding parameter (1:BIGINT) <- [941004]
2026-04-23 15:54:40.709 INFO  [dc823301] c.t.a.logging.MdcLoggingFilter - [HTTP] 요청 완료 - statusCode: 200, latencyMs: 699, requestUri: /api/matching/requests/guest/list, method: GET
2026-04-23 15:54:41.004 DEBUG [817cd149] org.hibernate.SQL - 
    select
        gp1_0.id,
        gp1_0.average_rating,
        gp1_0.bio,
        gp1_0.created_at,
        gp1_0.default_course,
        gp1_0.guide_style,
        gp1_0.is_active,
        gp1_0.is_approved,
        gp1_0.keywords,
        gp1_0.language,
        gp1_0.local_story,
        gp1_0.member_id,
        gp1_0.nickname,
        gp1_0.price_per_hour,
        gp1_0.profile_image,
        gp1_0.region,
        gp1_0.residence_years,
        gp1_0.review_count,
        gp1_0.updated_at 
    from
        guide_profiles gp1_0 
    where
        gp1_0.id=?
2026-04-23 15:54:41.004 DEBUG [937fa7dd] org.hibernate.SQL - 
    select
        gp1_0.id,
        gp1_0.average_rating,
        gp1_0.bio,
        gp1_0.created_at,
        gp1_0.default_course,
        gp1_0.guide_style,
        gp1_0.is_active,
        gp1_0.is_approved,
        gp1_0.keywords,
        gp1_0.language,
        gp1_0.local_story,
        gp1_0.member_id,
        gp1_0.nickname,
        gp1_0.price_per_hour,
        gp1_0.profile_image,
        gp1_0.region,
        gp1_0.residence_years,
        gp1_0.review_count,
        gp1_0.updated_at 
    from
        guide_profiles gp1_0 
    where
        gp1_0.id=?
2026-04-23 15:54:41.006 TRACE [937fa7dd] org.hibernate.orm.jdbc.bind - binding parameter (1:BIGINT) <- [841004]
2026-04-23 15:54:41.006 TRACE [817cd149] org.hibernate.orm.jdbc.bind - binding parameter (1:BIGINT) <- [841049]
2026-04-23 15:54:41.269 INFO  [937fa7dd] c.t.a.logging.MdcLoggingFilter - [HTTP] 요청 완료 - statusCode: 200, latencyMs: 1194, requestUri: /api/guides/841004, method: GET
2026-04-23 15:54:41.270 INFO  [817cd149] c.t.a.logging.MdcLoggingFilter - [HTTP] 요청 완료 - statusCode: 200, latencyMs: 1141, requestUri: /api/guides/841049, method: GET
2026-04-23 15:54:41.372 DEBUG [9d79ad54] org.hibernate.SQL - 
    select
        gp1_0.id,
        gp1_0.average_rating,
        gp1_0.bio,
        gp1_0.created_at,
        gp1_0.default_course,
        gp1_0.guide_style,
        gp1_0.is_active,
        gp1_0.is_approved,
        gp1_0.keywords,
        gp1_0.language,
        gp1_0.local_story,
        gp1_0.member_id,
        gp1_0.nickname,
        gp1_0.price_per_hour,
        gp1_0.profile_image,
        gp1_0.region,
        gp1_0.residence_years,
        gp1_0.review_count,
        gp1_0.updated_at 
    from
        guide_profiles gp1_0 
    where
        gp1_0.id=?
2026-04-23 15:54:41.376 TRACE [9d79ad54] org.hibernate.orm.jdbc.bind - binding parameter (1:BIGINT) <- [841049]
2026-04-23 15:54:41.377 DEBUG [671ef59b] org.hibernate.SQL - 
    select
        gp1_0.id,
        gp1_0.average_rating,
        gp1_0.bio,
        gp1_0.created_at,
        gp1_0.default_course,
        gp1_0.guide_style,
        gp1_0.is_active,
        gp1_0.is_approved,
        gp1_0.keywords,
        gp1_0.language,
        gp1_0.local_story,
        gp1_0.member_id,
        gp1_0.nickname,
        gp1_0.price_per_hour,
        gp1_0.profile_image,
        gp1_0.region,
        gp1_0.residence_years,
        gp1_0.review_count,
        gp1_0.updated_at 
    from
        guide_profiles gp1_0 
    where
        gp1_0.id=?
2026-04-23 15:54:41.385 TRACE [671ef59b] org.hibernate.orm.jdbc.bind - binding parameter (1:BIGINT) <- [841004]
2026-04-23 15:54:41.422 INFO  [9d79ad54] c.t.a.logging.MdcLoggingFilter - [HTTP] 요청 완료 - statusCode: 200, latencyMs: 92, requestUri: /api/guides/841049, method: GET
2026-04-23 15:54:41.446 INFO  [671ef59b] c.t.a.logging.MdcLoggingFilter - [HTTP] 요청 완료 - statusCode: 200, latencyMs: 116, requestUri: /api/guides/841004, method: GET
2026-04-23 15:54:49.825 DEBUG [8841bce4] org.hibernate.SQL - 
    select
        gp1_0.id,
        gp1_0.average_rating,
        gp1_0.bio,
        gp1_0.created_at,
        gp1_0.default_course,
        gp1_0.guide_style,
        gp1_0.is_active,
        gp1_0.is_approved,
        gp1_0.keywords,
        gp1_0.language,
        gp1_0.local_story,
        gp1_0.member_id,
        gp1_0.nickname,
        gp1_0.price_per_hour,
        gp1_0.profile_image,
        gp1_0.region,
        gp1_0.residence_years,
        gp1_0.review_count,
        gp1_0.updated_at 
    from
        guide_profiles gp1_0 
    where
        gp1_0.id=?
2026-04-23 15:54:49.833 DEBUG [d119ad94] org.hibernate.SQL - 
    select
        gp1_0.id,
        gp1_0.average_rating,
        gp1_0.bio,
        gp1_0.created_at,
        gp1_0.default_course,
        gp1_0.guide_style,
        gp1_0.is_active,
        gp1_0.is_approved,
        gp1_0.keywords,
        gp1_0.language,
        gp1_0.local_story,
        gp1_0.member_id,
        gp1_0.nickname,
        gp1_0.price_per_hour,
        gp1_0.profile_image,
        gp1_0.region,
        gp1_0.residence_years,
        gp1_0.review_count,
        gp1_0.updated_at 
    from
        guide_profiles gp1_0 
    where
        gp1_0.id=?
2026-04-23 15:54:49.839 TRACE [8841bce4] org.hibernate.orm.jdbc.bind - binding parameter (1:BIGINT) <- [841054]
2026-04-23 15:54:49.840 DEBUG [beea677a] org.hibernate.SQL - 
    select
        gp1_0.id,
        gp1_0.average_rating,
        gp1_0.bio,
        gp1_0.created_at,
        gp1_0.default_course,
        gp1_0.guide_style,
        gp1_0.is_active,
        gp1_0.is_approved,
        gp1_0.keywords,
        gp1_0.language,
        gp1_0.local_story,
        gp1_0.member_id,
        gp1_0.nickname,
        gp1_0.price_per_hour,
        gp1_0.profile_image,
        gp1_0.region,
        gp1_0.residence_years,
        gp1_0.review_count,
        gp1_0.updated_at 
    from
        guide_profiles gp1_0 
    where
        gp1_0.id=?
2026-04-23 15:54:49.842 TRACE [d119ad94] org.hibernate.orm.jdbc.bind - binding parameter (1:BIGINT) <- [841004]
2026-04-23 15:54:49.863 TRACE [beea677a] org.hibernate.orm.jdbc.bind - binding parameter (1:BIGINT) <- [841029]
2026-04-23 15:54:49.955 INFO  [8841bce4] c.t.a.logging.MdcLoggingFilter - [HTTP] 요청 완료 - statusCode: 200, latencyMs: 243, requestUri: /api/guides/841054, method: GET
2026-04-23 15:54:49.962 INFO  [d119ad94] c.t.a.logging.MdcLoggingFilter - [HTTP] 요청 완료 - statusCode: 200, latencyMs: 248, requestUri: /api/guides/841004, method: GET
2026-04-23 15:54:49.965 INFO  [beea677a] c.t.a.logging.MdcLoggingFilter - [HTTP] 요청 완료 - statusCode: 200, latencyMs: 244, requestUri: /api/guides/841029, method: GET
2026-04-23 15:54:50.409 DEBUG [fff90325] org.hibernate.SQL - 
    /* <criteria> */ select
        gf1_0.id,
        gf1_0.content,
        gf1_0.created_at,
        gf1_0.guide_id,
        gf1_0.image_url,
        gf1_0.is_deleted,
        gf1_0.updated_at 
    from
        guide_feeds gf1_0 
    left join
        guide_profiles gp1_0 
            on gp1_0.id=gf1_0.guide_id 
    where
        gp1_0.id=? 
        and not(gf1_0.is_deleted) 
    order by
        gf1_0.created_at desc
2026-04-23 15:54:50.411 DEBUG [240d7757] org.hibernate.SQL - 
    /* <criteria> */ select
        gf1_0.id,
        gf1_0.content,
        gf1_0.created_at,
        gf1_0.guide_id,
        gf1_0.image_url,
        gf1_0.is_deleted,
        gf1_0.updated_at 
    from
        guide_feeds gf1_0 
    left join
        guide_profiles gp1_0 
            on gp1_0.id=gf1_0.guide_id 
    where
        gp1_0.id=? 
        and not(gf1_0.is_deleted) 
    order by
        gf1_0.created_at desc
2026-04-23 15:54:50.410 DEBUG [8e46293d] org.hibernate.SQL - 
    /* <criteria> */ select
        gf1_0.id,
        gf1_0.content,
        gf1_0.created_at,
        gf1_0.guide_id,
        gf1_0.image_url,
        gf1_0.is_deleted,
        gf1_0.updated_at 
    from
        guide_feeds gf1_0 
    left join
        guide_profiles gp1_0 
            on gp1_0.id=gf1_0.guide_id 
    where
        gp1_0.id=? 
        and not(gf1_0.is_deleted) 
    order by
        gf1_0.created_at desc
2026-04-23 15:54:50.414 TRACE [fff90325] org.hibernate.orm.jdbc.bind - binding parameter (1:BIGINT) <- [841004]
2026-04-23 15:54:50.420 TRACE [240d7757] org.hibernate.orm.jdbc.bind - binding parameter (1:BIGINT) <- [841029]
2026-04-23 15:54:50.425 TRACE [8e46293d] org.hibernate.orm.jdbc.bind - binding parameter (1:BIGINT) <- [841054]
2026-04-23 15:54:50.868 INFO  [fff90325] c.t.a.logging.MdcLoggingFilter - [HTTP] 요청 완료 - statusCode: 200, latencyMs: 1116, requestUri: /api/guides/841004/feeds, method: GET
2026-04-23 15:54:50.867 INFO  [8e46293d] c.t.a.logging.MdcLoggingFilter - [HTTP] 요청 완료 - statusCode: 200, latencyMs: 1105, requestUri: /api/guides/841054/feeds, method: GET
2026-04-23 15:54:50.872 INFO  [240d7757] c.t.a.logging.MdcLoggingFilter - [HTTP] 요청 완료 - statusCode: 200, latencyMs: 1111, requestUri: /api/guides/841029/feeds, method: GET
2026-04-23 15:55:00.018 DEBUG [] org.hibernate.SQL - 
    /* <criteria> */ select
        te1_0.id,
        te1_0.created_at,
        te1_0.deadline_at,
        te1_0.extended_date,
        te1_0.extended_price,
        te1_0.guest_id,
        te1_0.guide_approved_at,
        te1_0.match_request_id,
        te1_0.requested_at,
        te1_0.status,
        te1_0.updated_at 
    from
        tour_extension te1_0 
    where
        te1_0.status=? 
        and te1_0.deadline_at<?
2026-04-23 15:55:00.021 TRACE [] org.hibernate.orm.jdbc.bind - binding parameter (1:ENUM) <- [REQUESTED]
2026-04-23 15:55:00.021 TRACE [] org.hibernate.orm.jdbc.bind - binding parameter (2:TIMESTAMP) <- [2026-04-23T15:55:00.012607600]
2026-04-23 15:56:00.100 DEBUG [] org.hibernate.SQL - 
    /* <criteria> */ select
        te1_0.id,
        te1_0.created_at,
        te1_0.deadline_at,
        te1_0.extended_date,
        te1_0.extended_price,
        te1_0.guest_id,
        te1_0.guide_approved_at,
        te1_0.match_request_id,
        te1_0.requested_at,
        te1_0.status,
        te1_0.updated_at 
    from
        tour_extension te1_0 
    where
        te1_0.status=? 
        and te1_0.deadline_at<?
2026-04-23 15:56:00.103 TRACE [] org.hibernate.orm.jdbc.bind - binding parameter (1:ENUM) <- [REQUESTED]
2026-04-23 15:56:00.165 TRACE [] org.hibernate.orm.jdbc.bind - binding parameter (2:TIMESTAMP) <- [2026-04-23T15:56:00.080607700]
2026-04-23 15:56:28.898 DEBUG [1542f229] org.hibernate.SQL - 
    /* <criteria> */ select
        gp1_0.id,
        gp1_0.average_rating,
        gp1_0.bio,
        gp1_0.created_at,
        gp1_0.default_course,
        gp1_0.guide_style,
        gp1_0.is_active,
        gp1_0.is_approved,
        gp1_0.keywords,
        gp1_0.language,
        gp1_0.local_story,
        gp1_0.member_id,
        gp1_0.nickname,
        gp1_0.price_per_hour,
        gp1_0.profile_image,
        gp1_0.region,
        gp1_0.residence_years,
        gp1_0.review_count,
        gp1_0.updated_at 
    from
        guide_profiles gp1_0 
    where
        gp1_0.is_approved 
        and gp1_0.is_active 
        and upper(gp1_0.region)=upper(?) 
    order by
        gp1_0.id desc 
    limit
        ?
2026-04-23 15:56:28.903 TRACE [1542f229] org.hibernate.orm.jdbc.bind - binding parameter (1:VARCHAR) <- [부산]
2026-04-23 15:56:28.908 TRACE [1542f229] org.hibernate.orm.jdbc.bind - binding parameter (2:INTEGER) <- [200]
2026-04-23 15:56:29.063 DEBUG [1542f229] org.hibernate.SQL - 
    /* <criteria> */ select
        gp1_0.id,
        gp1_0.average_rating,
        gp1_0.bio,
        gp1_0.created_at,
        gp1_0.default_course,
        gp1_0.guide_style,
        gp1_0.is_active,
        gp1_0.is_approved,
        gp1_0.keywords,
        gp1_0.language,
        gp1_0.local_story,
        gp1_0.member_id,
        gp1_0.nickname,
        gp1_0.price_per_hour,
        gp1_0.profile_image,
        gp1_0.region,
        gp1_0.residence_years,
        gp1_0.review_count,
        gp1_0.updated_at 
    from
        guide_profiles gp1_0 
    where
        gp1_0.is_approved 
        and gp1_0.is_active 
        and upper(gp1_0.region) like upper(?) escape '\\' 
    order by
        gp1_0.id desc 
    limit
        ?
2026-04-23 15:56:29.066 TRACE [1542f229] org.hibernate.orm.jdbc.bind - binding parameter (1:VARCHAR) <- [%부산%]
2026-04-23 15:56:29.066 TRACE [1542f229] org.hibernate.orm.jdbc.bind - binding parameter (2:INTEGER) <- [197]
2026-04-23 15:56:29.112 DEBUG [1542f229] org.hibernate.SQL - 
    /* <criteria> */ select
        gf1_0.id,
        gf1_0.content,
        gf1_0.created_at,
        gf1_0.guide_id,
        gf1_0.image_url,
        gf1_0.is_deleted,
        gf1_0.updated_at 
    from
        guide_feeds gf1_0 
    left join
        guide_profiles gp1_0 
            on gp1_0.id=gf1_0.guide_id 
    where
        gp1_0.id in (?, ?, ?) 
        and not(gf1_0.is_deleted)
2026-04-23 15:56:29.115 TRACE [1542f229] org.hibernate.orm.jdbc.bind - binding parameter (1:BIGINT) <- [841052]
2026-04-23 15:56:29.116 TRACE [1542f229] org.hibernate.orm.jdbc.bind - binding parameter (2:BIGINT) <- [841027]
2026-04-23 15:56:29.117 TRACE [1542f229] org.hibernate.orm.jdbc.bind - binding parameter (3:BIGINT) <- [841002]
2026-04-23 15:56:29.162 DEBUG [1542f229] org.hibernate.SQL - 
    /* <criteria> */ select
        gc1_0.id,
        gc1_0.acquired_at,
        gc1_0.created_at,
        gc1_0.description,
        gc1_0.guide_id,
        gc1_0.title,
        gc1_0.updated_at 
    from
        guide_careers gc1_0 
    left join
        guide_profiles gp1_0 
            on gp1_0.id=gc1_0.guide_id 
    where
        gp1_0.id in (?, ?, ?)
2026-04-23 15:56:29.163 TRACE [1542f229] org.hibernate.orm.jdbc.bind - binding parameter (1:BIGINT) <- [841052]
2026-04-23 15:56:29.163 TRACE [1542f229] org.hibernate.orm.jdbc.bind - binding parameter (2:BIGINT) <- [841027]
2026-04-23 15:56:29.164 TRACE [1542f229] org.hibernate.orm.jdbc.bind - binding parameter (3:BIGINT) <- [841002]
2026-04-23 15:56:30.043 DEBUG [1542f229] org.hibernate.SQL - 
    /* SELECT
        mr.guideId,
        COUNT(r) 
    FROM
        Refund r 
    JOIN
        r.payment p 
    JOIN
        p.matchRequest mr 
    WHERE
        mr.guideId IN :guideIds   
        AND r.status = :status 
    GROUP BY
        mr.guideId  */ select
            mr1_0.guide_id,
            count(r1_0.id) 
        from
            refund r1_0 
        join
            payment p1_0 
                on p1_0.id=r1_0.payment_id 
        join
            match_request mr1_0 
                on mr1_0.id=p1_0.match_request_id 
        where
            mr1_0.guide_id in (?, ?, ?) 
            and r1_0.status=? 
        group by
            mr1_0.guide_id
2026-04-23 15:56:30.048 TRACE [1542f229] org.hibernate.orm.jdbc.bind - binding parameter (1:BIGINT) <- [841052]
2026-04-23 15:56:30.050 TRACE [1542f229] org.hibernate.orm.jdbc.bind - binding parameter (2:BIGINT) <- [841027]
2026-04-23 15:56:30.053 TRACE [1542f229] org.hibernate.orm.jdbc.bind - binding parameter (3:BIGINT) <- [841002]
2026-04-23 15:56:30.055 TRACE [1542f229] org.hibernate.orm.jdbc.bind - binding parameter (4:ENUM) <- [APPROVED]
2026-04-23 15:56:30.118 DEBUG [1542f229] org.hibernate.SQL - 
    /* SELECT
        mr.guideId,
        COUNT(mr) 
    FROM
        MatchRequest mr 
    WHERE
        mr.guideId IN :guideIds 
    GROUP BY
        mr.guideId  */ select
            mr1_0.guide_id,
            count(mr1_0.id) 
        from
            match_request mr1_0 
        where
            mr1_0.guide_id in (?, ?, ?) 
        group by
            mr1_0.guide_id
2026-04-23 15:56:30.123 TRACE [1542f229] org.hibernate.orm.jdbc.bind - binding parameter (1:BIGINT) <- [841052]
2026-04-23 15:56:30.128 TRACE [1542f229] org.hibernate.orm.jdbc.bind - binding parameter (2:BIGINT) <- [841027]
2026-04-23 15:56:30.130 TRACE [1542f229] org.hibernate.orm.jdbc.bind - binding parameter (3:BIGINT) <- [841002]
2026-04-23 15:56:30.167 DEBUG [1542f229] org.hibernate.SQL - 
    /* SELECT
        mr.guideId,
        COUNT(mr) 
    FROM
        MatchRequest mr 
    WHERE
        mr.guideId IN :guideIds   
        AND mr.status IN :statuses 
    GROUP BY
        mr.guideId  */ select
            mr1_0.guide_id,
            count(mr1_0.id) 
        from
            match_request mr1_0 
        where
            mr1_0.guide_id in (?, ?, ?) 
            and mr1_0.status in (?, ?, ?, ?) 
        group by
            mr1_0.guide_id
2026-04-23 15:56:30.173 TRACE [1542f229] org.hibernate.orm.jdbc.bind - binding parameter (1:BIGINT) <- [841052]
2026-04-23 15:56:30.174 TRACE [1542f229] org.hibernate.orm.jdbc.bind - binding parameter (2:BIGINT) <- [841027]
2026-04-23 15:56:30.174 TRACE [1542f229] org.hibernate.orm.jdbc.bind - binding parameter (3:BIGINT) <- [841002]
2026-04-23 15:56:30.175 TRACE [1542f229] org.hibernate.orm.jdbc.bind - binding parameter (4:ENUM) <- [ACCEPTED]
2026-04-23 15:56:30.175 TRACE [1542f229] org.hibernate.orm.jdbc.bind - binding parameter (5:ENUM) <- [PAID]
2026-04-23 15:56:30.176 TRACE [1542f229] org.hibernate.orm.jdbc.bind - binding parameter (6:ENUM) <- [IN_PROGRESS]
2026-04-23 15:56:30.176 TRACE [1542f229] org.hibernate.orm.jdbc.bind - binding parameter (7:ENUM) <- [COMPLETED]
2026-04-23 15:56:30.250 DEBUG [1542f229] org.hibernate.SQL - 
    /* SELECT
        p.userId,
        COUNT(r.id) 
    FROM
        ChatRoom r 
    JOIN
        r.participants p 
    WHERE
        p.userId IN :userIds 
    GROUP BY
        p.userId */ select
            p1_0.user_id,
            count(cr1_0.id) 
        from
            chat_rooms cr1_0 
        join
            chat_participants p1_0 
                on cr1_0.id=p1_0.chat_room_id 
        where
            p1_0.user_id in (?, ?, ?) 
        group by
            p1_0.user_id
2026-04-23 15:56:30.253 TRACE [1542f229] org.hibernate.orm.jdbc.bind - binding parameter (1:BIGINT) <- [940052]
2026-04-23 15:56:30.253 TRACE [1542f229] org.hibernate.orm.jdbc.bind - binding parameter (2:BIGINT) <- [940002]
2026-04-23 15:56:30.253 TRACE [1542f229] org.hibernate.orm.jdbc.bind - binding parameter (3:BIGINT) <- [940027]
2026-04-23 15:56:31.852 INFO  [1542f229] c.t.m.a.s.PromptRecommendationService - [AI_PARSER_TUNE] policyVer=2026.05.02 promptHash=1553200 parseConfidence=LOW ambiguityCodes=[] parserHints=[] signals={{exclusionIntents=[],budgetHint=false,durationHint=false}} extracted={{region=부산,style=null,budget=null,durationDays=null,tags=[],excluded=[],langs=[],headcount=null}}
2026-04-23 15:56:31.932 INFO  [1542f229] c.t.m.a.s.PromptRecommendationService - [AI_RECOMMEND] policyVer=2026.05.02 promptHash=1553200 topN=20 candidates=3 policy={{noRegionShortCircuit=false,regionExpansion=false,effectivePool=3,expansionExact=3}} keywords={{region=부산,style=null,budget=null,companion=null,headcount=null,durationDays=null,tags=[],excluded=[],softPenalty=[],langs=[]}} base={{count=3,topScore=52}} final={{count=3,topScore=52,top1GuideId=841002,top1ReasonCodes=REGION_MATCH}} fallback={{used=false,stage=NONE}} llmParse={{cfgProvider=openai,extractorBean=none,outcome=SKIP_DISABLED}}
2026-04-23 15:56:32.530 INFO  [1542f229] c.t.m.a.s.PromptRecommendationService - [AI_PARSER_TUNE] policyVer=2026.05.02 promptHash=1553200 parseConfidence=LOW ambiguityCodes=[] parserHints=[] signals={{exclusionIntents=[],budgetHint=false,durationHint=false}} extracted={{region=부산,style=null,budget=null,durationDays=null,tags=[],excluded=[],langs=[],headcount=null}}
2026-04-23 15:56:32.532 INFO  [1542f229] c.t.m.a.s.PromptRecommendationService - [AI_RECOMMEND] policyVer=2026.05.02 promptHash=1553200 topN=1 candidates=3 policy={{noRegionShortCircuit=false,regionExpansion=false,effectivePool=3,expansionExact=3}} keywords={{region=부산,style=null,budget=null,companion=null,headcount=null,durationDays=null,tags=[],excluded=[],softPenalty=[],langs=[]}} base={{count=1,topScore=52}} final={{count=1,topScore=52,top1GuideId=841002,top1ReasonCodes=REGION_MATCH}} fallback={{used=false,stage=NONE}} llmParse={{cfgProvider=openai,extractorBean=none,outcome=SKIP_DISABLED}}
2026-04-23 15:56:32.873 INFO  [1542f229] c.t.a.logging.MdcLoggingFilter - [HTTP] 요청 완료 - statusCode: 200, latencyMs: 6914, requestUri: /api/ai/recommend, method: POST
2026-04-23 15:56:33.456 DEBUG [6f717909] org.hibernate.SQL - 
    select
        gp1_0.id,
        gp1_0.average_rating,
        gp1_0.bio,
        gp1_0.created_at,
        gp1_0.default_course,
        gp1_0.guide_style,
        gp1_0.is_active,
        gp1_0.is_approved,
        gp1_0.keywords,
        gp1_0.language,
        gp1_0.local_story,
        gp1_0.member_id,
        gp1_0.nickname,
        gp1_0.price_per_hour,
        gp1_0.profile_image,
        gp1_0.region,
        gp1_0.residence_years,
        gp1_0.review_count,
        gp1_0.updated_at 
    from
        guide_profiles gp1_0 
    where
        gp1_0.id=?
2026-04-23 15:56:33.454 DEBUG [c60a17e9] org.hibernate.SQL - 
    select
        gp1_0.id,
        gp1_0.average_rating,
        gp1_0.bio,
        gp1_0.created_at,
        gp1_0.default_course,
        gp1_0.guide_style,
        gp1_0.is_active,
        gp1_0.is_approved,
        gp1_0.keywords,
        gp1_0.language,
        gp1_0.local_story,
        gp1_0.member_id,
        gp1_0.nickname,
        gp1_0.price_per_hour,
        gp1_0.profile_image,
        gp1_0.region,
        gp1_0.residence_years,
        gp1_0.review_count,
        gp1_0.updated_at 
    from
        guide_profiles gp1_0 
    where
        gp1_0.id=?
2026-04-23 15:56:33.456 DEBUG [501a3620] org.hibernate.SQL - 
    select
        gp1_0.id,
        gp1_0.average_rating,
        gp1_0.bio,
        gp1_0.created_at,
        gp1_0.default_course,
        gp1_0.guide_style,
        gp1_0.is_active,
        gp1_0.is_approved,
        gp1_0.keywords,
        gp1_0.language,
        gp1_0.local_story,
        gp1_0.member_id,
        gp1_0.nickname,
        gp1_0.price_per_hour,
        gp1_0.profile_image,
        gp1_0.region,
        gp1_0.residence_years,
        gp1_0.review_count,
        gp1_0.updated_at 
    from
        guide_profiles gp1_0 
    where
        gp1_0.id=?
2026-04-23 15:56:33.460 DEBUG [c7fbc9d7] org.hibernate.SQL - 
    /* <criteria> */ select
        gf1_0.id,
        gf1_0.content,
        gf1_0.created_at,
        gf1_0.guide_id,
        gf1_0.image_url,
        gf1_0.is_deleted,
        gf1_0.updated_at 
    from
        guide_feeds gf1_0 
    left join
        guide_profiles gp1_0 
            on gp1_0.id=gf1_0.guide_id 
    where
        gp1_0.id=? 
        and not(gf1_0.is_deleted) 
    order by
        gf1_0.created_at desc
2026-04-23 15:56:33.462 DEBUG [5309df64] org.hibernate.SQL - 
    /* <criteria> */ select
        gf1_0.id,
        gf1_0.content,
        gf1_0.created_at,
        gf1_0.guide_id,
        gf1_0.image_url,
        gf1_0.is_deleted,
        gf1_0.updated_at 
    from
        guide_feeds gf1_0 
    left join
        guide_profiles gp1_0 
            on gp1_0.id=gf1_0.guide_id 
    where
        gp1_0.id=? 
        and not(gf1_0.is_deleted) 
    order by
        gf1_0.created_at desc
2026-04-23 15:56:33.468 TRACE [c7fbc9d7] org.hibernate.orm.jdbc.bind - binding parameter (1:BIGINT) <- [841002]
2026-04-23 15:56:33.462 DEBUG [aae01537] org.hibernate.SQL - 
    /* <criteria> */ select
        gf1_0.id,
        gf1_0.content,
        gf1_0.created_at,
        gf1_0.guide_id,
        gf1_0.image_url,
        gf1_0.is_deleted,
        gf1_0.updated_at 
    from
        guide_feeds gf1_0 
    left join
        guide_profiles gp1_0 
            on gp1_0.id=gf1_0.guide_id 
    where
        gp1_0.id=? 
        and not(gf1_0.is_deleted) 
    order by
        gf1_0.created_at desc
2026-04-23 15:56:33.469 TRACE [5309df64] org.hibernate.orm.jdbc.bind - binding parameter (1:BIGINT) <- [841052]
2026-04-23 15:56:33.472 TRACE [c60a17e9] org.hibernate.orm.jdbc.bind - binding parameter (1:BIGINT) <- [841052]
2026-04-23 15:56:33.471 TRACE [501a3620] org.hibernate.orm.jdbc.bind - binding parameter (1:BIGINT) <- [841002]
2026-04-23 15:56:33.472 TRACE [6f717909] org.hibernate.orm.jdbc.bind - binding parameter (1:BIGINT) <- [841027]
2026-04-23 15:56:33.478 TRACE [aae01537] org.hibernate.orm.jdbc.bind - binding parameter (1:BIGINT) <- [841027]
2026-04-23 15:56:33.553 INFO  [6f717909] c.t.a.logging.MdcLoggingFilter - [HTTP] 요청 완료 - statusCode: 200, latencyMs: 215, requestUri: /api/guides/841027, method: GET
2026-04-23 15:56:33.546 INFO  [c60a17e9] c.t.a.logging.MdcLoggingFilter - [HTTP] 요청 완료 - statusCode: 200, latencyMs: 217, requestUri: /api/guides/841052, method: GET
2026-04-23 15:56:33.561 INFO  [c7fbc9d7] c.t.a.logging.MdcLoggingFilter - [HTTP] 요청 완료 - statusCode: 200, latencyMs: 220, requestUri: /api/guides/841002/feeds, method: GET
2026-04-23 15:56:33.570 INFO  [5309df64] c.t.a.logging.MdcLoggingFilter - [HTTP] 요청 완료 - statusCode: 200, latencyMs: 222, requestUri: /api/guides/841052/feeds, method: GET
2026-04-23 15:56:33.564 INFO  [501a3620] c.t.a.logging.MdcLoggingFilter - [HTTP] 요청 완료 - statusCode: 200, latencyMs: 239, requestUri: /api/guides/841002, method: GET
2026-04-23 15:56:33.588 INFO  [aae01537] c.t.a.logging.MdcLoggingFilter - [HTTP] 요청 완료 - statusCode: 200, latencyMs: 235, requestUri: /api/guides/841027/feeds, method: GET
2026-04-23 15:56:42.494 DEBUG [ab1ec77a] org.hibernate.SQL - 
    select
        gp1_0.id,
        gp1_0.average_rating,
        gp1_0.bio,
        gp1_0.created_at,
        gp1_0.default_course,
        gp1_0.guide_style,
        gp1_0.is_active,
        gp1_0.is_approved,
        gp1_0.keywords,
        gp1_0.language,
        gp1_0.local_story,
        gp1_0.member_id,
        gp1_0.nickname,
        gp1_0.price_per_hour,
        gp1_0.profile_image,
        gp1_0.region,
        gp1_0.residence_years,
        gp1_0.review_count,
        gp1_0.updated_at 
    from
        guide_profiles gp1_0 
    where
        gp1_0.id=?
2026-04-23 15:56:42.499 TRACE [ab1ec77a] org.hibernate.orm.jdbc.bind - binding parameter (1:BIGINT) <- [841052]
2026-04-23 15:56:42.502 INFO  [3640fbed] c.t.m.ai.controller.AiController - [AI_RECOMMEND_CLICK] policyVer=2026.05.02 guideId=841052 rank=2 promptHash=null clientReqId=null
2026-04-23 15:56:42.516 INFO  [3640fbed] c.t.a.logging.MdcLoggingFilter - [HTTP] 요청 완료 - statusCode: 204, latencyMs: 268, requestUri: /api/ai/recommend/click, method: POST
2026-04-23 15:56:42.590 DEBUG [ab1ec77a] org.hibernate.SQL - 
    /* <criteria> */ select
        gf1_0.id,
        gf1_0.content,
        gf1_0.created_at,
        gf1_0.guide_id,
        gf1_0.image_url,
        gf1_0.is_deleted,
        gf1_0.updated_at 
    from
        guide_feeds gf1_0 
    left join
        guide_profiles gp1_0 
            on gp1_0.id=gf1_0.guide_id 
    where
        gp1_0.id=? 
        and not(gf1_0.is_deleted) 
    order by
        gf1_0.created_at desc
2026-04-23 15:56:42.593 TRACE [ab1ec77a] org.hibernate.orm.jdbc.bind - binding parameter (1:BIGINT) <- [841052]
2026-04-23 15:56:42.636 DEBUG [ab1ec77a] org.hibernate.SQL - 
    /* <criteria> */ select
        gc1_0.id,
        gc1_0.acquired_at,
        gc1_0.created_at,
        gc1_0.description,
        gc1_0.guide_id,
        gc1_0.title,
        gc1_0.updated_at 
    from
        guide_careers gc1_0 
    left join
        guide_profiles gp1_0 
            on gp1_0.id=gc1_0.guide_id 
    where
        gp1_0.id=?
2026-04-23 15:56:42.640 TRACE [ab1ec77a] org.hibernate.orm.jdbc.bind - binding parameter (1:BIGINT) <- [841052]
2026-04-23 15:56:42.756 DEBUG [ab1ec77a] org.hibernate.SQL - 
    /* <criteria> */ select
        gi1_0.id,
        gi1_0.created_at,
        gi1_0.guide_id,
        gi1_0.image_url,
        gi1_0.is_main,
        gi1_0.sort_order,
        gi1_0.updated_at 
    from
        guide_images gi1_0 
    left join
        guide_profiles gp1_0 
            on gp1_0.id=gi1_0.guide_id 
    where
        gp1_0.id=? 
    order by
        gi1_0.sort_order
2026-04-23 15:56:42.760 TRACE [ab1ec77a] org.hibernate.orm.jdbc.bind - binding parameter (1:BIGINT) <- [841052]
2026-04-23 15:56:42.886 DEBUG [e877a130] org.hibernate.SQL - 
    /* <criteria> */ select
        r1_0.id,
        r1_0.content,
        r1_0.created_at,
        r1_0.deleted,
        r1_0.deleted_at,
        r1_0.guide_id,
        r1_0.match_request_id,
        r1_0.member_id,
        r1_0.rating,
        r1_0.updated_at 
    from
        review r1_0 
    where
        r1_0.guide_id=? 
        and not(r1_0.deleted) 
    order by
        r1_0.id desc 
    limit
        ?
2026-04-23 15:56:42.890 TRACE [e877a130] org.hibernate.orm.jdbc.bind - binding parameter (1:BIGINT) <- [841052]
2026-04-23 15:56:42.891 TRACE [e877a130] org.hibernate.orm.jdbc.bind - binding parameter (2:INTEGER) <- [30]
2026-04-23 15:56:42.940 INFO  [ab1ec77a] c.t.a.logging.MdcLoggingFilter - [HTTP] 요청 완료 - statusCode: 200, latencyMs: 496, requestUri: /api/guides/841052/detail, method: GET
2026-04-23 15:56:42.998 DEBUG [e877a130] org.hibernate.SQL - 
    select
        m1_0.id,
        m1_0.created_at,
        m1_0.email,
        m1_0.name,
        m1_0.nickname,
        m1_0.password,
        m1_0.profile_image_url,
        m1_0.role,
        m1_0.social_type,
        m1_0.status,
        m1_0.updated_at 
    from
        member m1_0 
    where
        m1_0.id=?
2026-04-23 15:56:43.001 TRACE [e877a130] org.hibernate.orm.jdbc.bind - binding parameter (1:BIGINT) <- [941012]
2026-04-23 15:56:43.025 DEBUG [1037bcdb] org.hibernate.SQL - 
    select
        gp1_0.id,
        gp1_0.average_rating,
        gp1_0.bio,
        gp1_0.created_at,
        gp1_0.default_course,
        gp1_0.guide_style,
        gp1_0.is_active,
        gp1_0.is_approved,
        gp1_0.keywords,
        gp1_0.language,
        gp1_0.local_story,
        gp1_0.member_id,
        gp1_0.nickname,
        gp1_0.price_per_hour,
        gp1_0.profile_image,
        gp1_0.region,
        gp1_0.residence_years,
        gp1_0.review_count,
        gp1_0.updated_at 
    from
        guide_profiles gp1_0 
    where
        gp1_0.id=?
2026-04-23 15:56:43.032 TRACE [1037bcdb] org.hibernate.orm.jdbc.bind - binding parameter (1:BIGINT) <- [841052]
2026-04-23 15:56:43.063 DEBUG [1037bcdb] org.hibernate.SQL - 
    /* <criteria> */ select
        gf1_0.id,
        gf1_0.content,
        gf1_0.created_at,
        gf1_0.guide_id,
        gf1_0.image_url,
        gf1_0.is_deleted,
        gf1_0.updated_at 
    from
        guide_feeds gf1_0 
    left join
        guide_profiles gp1_0 
            on gp1_0.id=gf1_0.guide_id 
    where
        gp1_0.id=? 
        and not(gf1_0.is_deleted) 
    order by
        gf1_0.created_at desc
2026-04-23 15:56:43.066 TRACE [1037bcdb] org.hibernate.orm.jdbc.bind - binding parameter (1:BIGINT) <- [841052]
2026-04-23 15:56:43.094 DEBUG [1037bcdb] org.hibernate.SQL - 
    /* <criteria> */ select
        gc1_0.id,
        gc1_0.acquired_at,
        gc1_0.created_at,
        gc1_0.description,
        gc1_0.guide_id,
        gc1_0.title,
        gc1_0.updated_at 
    from
        guide_careers gc1_0 
    left join
        guide_profiles gp1_0 
            on gp1_0.id=gc1_0.guide_id 
    where
        gp1_0.id=?
2026-04-23 15:56:43.097 TRACE [1037bcdb] org.hibernate.orm.jdbc.bind - binding parameter (1:BIGINT) <- [841052]
2026-04-23 15:56:43.117 DEBUG [1037bcdb] org.hibernate.SQL - 
    /* <criteria> */ select
        gi1_0.id,
        gi1_0.created_at,
        gi1_0.guide_id,
        gi1_0.image_url,
        gi1_0.is_main,
        gi1_0.sort_order,
        gi1_0.updated_at 
    from
        guide_images gi1_0 
    left join
        guide_profiles gp1_0 
            on gp1_0.id=gi1_0.guide_id 
    where
        gp1_0.id=? 
    order by
        gi1_0.sort_order
2026-04-23 15:56:43.121 TRACE [1037bcdb] org.hibernate.orm.jdbc.bind - binding parameter (1:BIGINT) <- [841052]
2026-04-23 15:56:43.140 WARN  [e877a130] o.s.d.w.c.SpringDataJacksonConfiguration$PageModule$WarningLoggingModifier - Serializing PageImpl instances as-is is not supported, meaning that there is no guarantee about the stability of the resulting JSON structure!
	For a stable JSON structure, please use Spring Data's PagedModel (globally via @EnableSpringDataWebSupport(pageSerializationMode = VIA_DTO))
	or Spring HATEOAS and Spring Data's PagedResourcesAssembler as documented in https://docs.spring.io/spring-data/commons/reference/repositories/core-extensions.html#core.web.pageables.

2026-04-23 15:56:43.167 INFO  [1037bcdb] c.t.a.logging.MdcLoggingFilter - [HTTP] 요청 완료 - statusCode: 200, latencyMs: 190, requestUri: /api/guides/841052/detail, method: GET
2026-04-23 15:56:43.376 INFO  [e877a130] c.t.a.logging.MdcLoggingFilter - [HTTP] 요청 완료 - statusCode: 200, latencyMs: 871, requestUri: /api/reviews/guide/841052, method: GET
2026-04-23 15:56:43.380 DEBUG [be8183eb] org.hibernate.SQL - 
    /* <criteria> */ select
        gs1_0.id,
        gs1_0.available_date,
        gs1_0.course_detail,
        gs1_0.created_at,
        gs1_0.end_time,
        gs1_0.guide_message,
        gs1_0.guide_id,
        gs1_0.is_paid,
        gs1_0.match_request_id,
        gs1_0.meeting_point,
        gs1_0.start_time,
        gs1_0.status,
        gs1_0.updated_at 
    from
        guide_schedules gs1_0 
    left join
        guide_profiles gp1_0 
            on gp1_0.id=gs1_0.guide_id 
    where
        gp1_0.id=? 
    order by
        gs1_0.available_date
2026-04-23 15:56:43.382 TRACE [be8183eb] org.hibernate.orm.jdbc.bind - binding parameter (1:BIGINT) <- [841052]
2026-04-23 15:56:43.438 DEBUG [370c2aaa] org.hibernate.SQL - 
    /* <criteria> */ select
        r1_0.id,
        r1_0.content,
        r1_0.created_at,
        r1_0.deleted,
        r1_0.deleted_at,
        r1_0.guide_id,
        r1_0.match_request_id,
        r1_0.member_id,
        r1_0.rating,
        r1_0.updated_at 
    from
        review r1_0 
    where
        r1_0.guide_id=? 
        and not(r1_0.deleted) 
    order by
        r1_0.id desc 
    limit
        ?
2026-04-23 15:56:43.440 TRACE [370c2aaa] org.hibernate.orm.jdbc.bind - binding parameter (1:BIGINT) <- [841052]
2026-04-23 15:56:43.444 TRACE [370c2aaa] org.hibernate.orm.jdbc.bind - binding parameter (2:INTEGER) <- [30]
2026-04-23 15:56:43.452 DEBUG [370c2aaa] org.hibernate.SQL - 
    select
        m1_0.id,
        m1_0.created_at,
        m1_0.email,
        m1_0.name,
        m1_0.nickname,
        m1_0.password,
        m1_0.profile_image_url,
        m1_0.role,
        m1_0.social_type,
        m1_0.status,
        m1_0.updated_at 
    from
        member m1_0 
    where
        m1_0.id=?
2026-04-23 15:56:43.456 TRACE [370c2aaa] org.hibernate.orm.jdbc.bind - binding parameter (1:BIGINT) <- [941012]
2026-04-23 15:56:43.509 INFO  [370c2aaa] c.t.a.logging.MdcLoggingFilter - [HTTP] 요청 완료 - statusCode: 200, latencyMs: 114, requestUri: /api/reviews/guide/841052, method: GET
2026-04-23 15:56:43.701 INFO  [be8183eb] c.t.a.logging.MdcLoggingFilter - [HTTP] 요청 완료 - statusCode: 200, latencyMs: 485, requestUri: /api/guides/841052/schedules, method: GET
2026-04-23 15:56:47.846 DEBUG [2ee5b7df] org.hibernate.SQL - 
    select
        gp1_0.id,
        gp1_0.average_rating,
        gp1_0.bio,
        gp1_0.created_at,
        gp1_0.default_course,
        gp1_0.guide_style,
        gp1_0.is_active,
        gp1_0.is_approved,
        gp1_0.keywords,
        gp1_0.language,
        gp1_0.local_story,
        gp1_0.member_id,
        gp1_0.nickname,
        gp1_0.price_per_hour,
        gp1_0.profile_image,
        gp1_0.region,
        gp1_0.residence_years,
        gp1_0.review_count,
        gp1_0.updated_at 
    from
        guide_profiles gp1_0 
    where
        gp1_0.id=?
2026-04-23 15:56:47.853 TRACE [2ee5b7df] org.hibernate.orm.jdbc.bind - binding parameter (1:BIGINT) <- [841052]
2026-04-23 15:56:47.872 DEBUG [b2c9bb80] org.hibernate.SQL - 
    /* <criteria> */ select
        r1_0.id,
        r1_0.content,
        r1_0.created_at,
        r1_0.deleted,
        r1_0.deleted_at,
        r1_0.guide_id,
        r1_0.match_request_id,
        r1_0.member_id,
        r1_0.rating,
        r1_0.updated_at 
    from
        review r1_0 
    where
        r1_0.guide_id=? 
        and not(r1_0.deleted) 
    order by
        r1_0.id desc 
    limit
        ?
2026-04-23 15:56:47.880 TRACE [b2c9bb80] org.hibernate.orm.jdbc.bind - binding parameter (1:BIGINT) <- [841052]
2026-04-23 15:56:47.882 TRACE [b2c9bb80] org.hibernate.orm.jdbc.bind - binding parameter (2:INTEGER) <- [50]
2026-04-23 15:56:47.884 DEBUG [2ee5b7df] org.hibernate.SQL - 
    /* <criteria> */ select
        gf1_0.id,
        gf1_0.content,
        gf1_0.created_at,
        gf1_0.guide_id,
        gf1_0.image_url,
        gf1_0.is_deleted,
        gf1_0.updated_at 
    from
        guide_feeds gf1_0 
    left join
        guide_profiles gp1_0 
            on gp1_0.id=gf1_0.guide_id 
    where
        gp1_0.id=? 
        and not(gf1_0.is_deleted) 
    order by
        gf1_0.created_at desc
2026-04-23 15:56:47.892 TRACE [2ee5b7df] org.hibernate.orm.jdbc.bind - binding parameter (1:BIGINT) <- [841052]
2026-04-23 15:56:47.903 DEBUG [b2c9bb80] org.hibernate.SQL - 
    select
        m1_0.id,
        m1_0.created_at,
        m1_0.email,
        m1_0.name,
        m1_0.nickname,
        m1_0.password,
        m1_0.profile_image_url,
        m1_0.role,
        m1_0.social_type,
        m1_0.status,
        m1_0.updated_at 
    from
        member m1_0 
    where
        m1_0.id=?
2026-04-23 15:56:47.905 TRACE [b2c9bb80] org.hibernate.orm.jdbc.bind - binding parameter (1:BIGINT) <- [941012]
2026-04-23 15:56:47.918 DEBUG [2ee5b7df] org.hibernate.SQL - 
    /* <criteria> */ select
        gc1_0.id,
        gc1_0.acquired_at,
        gc1_0.created_at,
        gc1_0.description,
        gc1_0.guide_id,
        gc1_0.title,
        gc1_0.updated_at 
    from
        guide_careers gc1_0 
    left join
        guide_profiles gp1_0 
            on gp1_0.id=gc1_0.guide_id 
    where
        gp1_0.id=?
2026-04-23 15:56:47.921 TRACE [2ee5b7df] org.hibernate.orm.jdbc.bind - binding parameter (1:BIGINT) <- [841052]
2026-04-23 15:56:47.941 INFO  [b2c9bb80] c.t.a.logging.MdcLoggingFilter - [HTTP] 요청 완료 - statusCode: 200, latencyMs: 138, requestUri: /api/reviews/guide/841052, method: GET
2026-04-23 15:56:47.950 DEBUG [2ee5b7df] org.hibernate.SQL - 
    /* <criteria> */ select
        gi1_0.id,
        gi1_0.created_at,
        gi1_0.guide_id,
        gi1_0.image_url,
        gi1_0.is_main,
        gi1_0.sort_order,
        gi1_0.updated_at 
    from
        guide_images gi1_0 
    left join
        guide_profiles gp1_0 
            on gp1_0.id=gi1_0.guide_id 
    where
        gp1_0.id=? 
    order by
        gi1_0.sort_order
2026-04-23 15:56:47.955 TRACE [2ee5b7df] org.hibernate.orm.jdbc.bind - binding parameter (1:BIGINT) <- [841052]
2026-04-23 15:56:48.017 INFO  [2ee5b7df] c.t.a.logging.MdcLoggingFilter - [HTTP] 요청 완료 - statusCode: 200, latencyMs: 207, requestUri: /api/guides/841052/detail, method: GET
2026-04-23 15:56:48.067 DEBUG [db15de36] org.hibernate.SQL - 
    /* <criteria> */ select
        r1_0.id,
        r1_0.content,
        r1_0.created_at,
        r1_0.deleted,
        r1_0.deleted_at,
        r1_0.guide_id,
        r1_0.match_request_id,
        r1_0.member_id,
        r1_0.rating,
        r1_0.updated_at 
    from
        review r1_0 
    where
        r1_0.guide_id=? 
        and not(r1_0.deleted) 
    order by
        r1_0.id desc 
    limit
        ?
2026-04-23 15:56:48.073 TRACE [db15de36] org.hibernate.orm.jdbc.bind - binding parameter (1:BIGINT) <- [841052]
2026-04-23 15:56:48.076 TRACE [db15de36] org.hibernate.orm.jdbc.bind - binding parameter (2:INTEGER) <- [50]
2026-04-23 15:56:48.103 DEBUG [db15de36] org.hibernate.SQL - 
    select
        m1_0.id,
        m1_0.created_at,
        m1_0.email,
        m1_0.name,
        m1_0.nickname,
        m1_0.password,
        m1_0.profile_image_url,
        m1_0.role,
        m1_0.social_type,
        m1_0.status,
        m1_0.updated_at 
    from
        member m1_0 
    where
        m1_0.id=?
2026-04-23 15:56:48.114 TRACE [db15de36] org.hibernate.orm.jdbc.bind - binding parameter (1:BIGINT) <- [941012]
2026-04-23 15:56:48.119 DEBUG [193e62f3] org.hibernate.SQL - 
    select
        gp1_0.id,
        gp1_0.average_rating,
        gp1_0.bio,
        gp1_0.created_at,
        gp1_0.default_course,
        gp1_0.guide_style,
        gp1_0.is_active,
        gp1_0.is_approved,
        gp1_0.keywords,
        gp1_0.language,
        gp1_0.local_story,
        gp1_0.member_id,
        gp1_0.nickname,
        gp1_0.price_per_hour,
        gp1_0.profile_image,
        gp1_0.region,
        gp1_0.residence_years,
        gp1_0.review_count,
        gp1_0.updated_at 
    from
        guide_profiles gp1_0 
    where
        gp1_0.id=?
2026-04-23 15:56:48.122 TRACE [193e62f3] org.hibernate.orm.jdbc.bind - binding parameter (1:BIGINT) <- [841052]
2026-04-23 15:56:48.151 INFO  [db15de36] c.t.a.logging.MdcLoggingFilter - [HTTP] 요청 완료 - statusCode: 200, latencyMs: 177, requestUri: /api/reviews/guide/841052, method: GET
2026-04-23 15:56:48.153 DEBUG [193e62f3] org.hibernate.SQL - 
    /* <criteria> */ select
        gf1_0.id,
        gf1_0.content,
        gf1_0.created_at,
        gf1_0.guide_id,
        gf1_0.image_url,
        gf1_0.is_deleted,
        gf1_0.updated_at 
    from
        guide_feeds gf1_0 
    left join
        guide_profiles gp1_0 
            on gp1_0.id=gf1_0.guide_id 
    where
        gp1_0.id=? 
        and not(gf1_0.is_deleted) 
    order by
        gf1_0.created_at desc
2026-04-23 15:56:48.158 TRACE [193e62f3] org.hibernate.orm.jdbc.bind - binding parameter (1:BIGINT) <- [841052]
2026-04-23 15:56:48.185 DEBUG [193e62f3] org.hibernate.SQL - 
    /* <criteria> */ select
        gc1_0.id,
        gc1_0.acquired_at,
        gc1_0.created_at,
        gc1_0.description,
        gc1_0.guide_id,
        gc1_0.title,
        gc1_0.updated_at 
    from
        guide_careers gc1_0 
    left join
        guide_profiles gp1_0 
            on gp1_0.id=gc1_0.guide_id 
    where
        gp1_0.id=?
2026-04-23 15:56:48.188 TRACE [193e62f3] org.hibernate.orm.jdbc.bind - binding parameter (1:BIGINT) <- [841052]
2026-04-23 15:56:48.215 DEBUG [193e62f3] org.hibernate.SQL - 
    /* <criteria> */ select
        gi1_0.id,
        gi1_0.created_at,
        gi1_0.guide_id,
        gi1_0.image_url,
        gi1_0.is_main,
        gi1_0.sort_order,
        gi1_0.updated_at 
    from
        guide_images gi1_0 
    left join
        guide_profiles gp1_0 
            on gp1_0.id=gi1_0.guide_id 
    where
        gp1_0.id=? 
    order by
        gi1_0.sort_order
2026-04-23 15:56:48.218 TRACE [193e62f3] org.hibernate.orm.jdbc.bind - binding parameter (1:BIGINT) <- [841052]
2026-04-23 15:56:48.251 INFO  [193e62f3] c.t.a.logging.MdcLoggingFilter - [HTTP] 요청 완료 - statusCode: 200, latencyMs: 201, requestUri: /api/guides/841052/detail, method: GET
2026-04-23 15:56:53.788 DEBUG [c4f9fb4a] org.hibernate.SQL - 
    select
        gp1_0.id,
        gp1_0.average_rating,
        gp1_0.bio,
        gp1_0.created_at,
        gp1_0.default_course,
        gp1_0.guide_style,
        gp1_0.is_active,
        gp1_0.is_approved,
        gp1_0.keywords,
        gp1_0.language,
        gp1_0.local_story,
        gp1_0.member_id,
        gp1_0.nickname,
        gp1_0.price_per_hour,
        gp1_0.profile_image,
        gp1_0.region,
        gp1_0.residence_years,
        gp1_0.review_count,
        gp1_0.updated_at 
    from
        guide_profiles gp1_0 
    where
        gp1_0.id=?
2026-04-23 15:56:53.800 TRACE [c4f9fb4a] org.hibernate.orm.jdbc.bind - binding parameter (1:BIGINT) <- [841052]
2026-04-23 15:56:53.833 DEBUG [c4f9fb4a] org.hibernate.SQL - 
    /* <criteria> */ select
        gf1_0.id,
        gf1_0.content,
        gf1_0.created_at,
        gf1_0.guide_id,
        gf1_0.image_url,
        gf1_0.is_deleted,
        gf1_0.updated_at 
    from
        guide_feeds gf1_0 
    left join
        guide_profiles gp1_0 
            on gp1_0.id=gf1_0.guide_id 
    where
        gp1_0.id=? 
        and not(gf1_0.is_deleted) 
    order by
        gf1_0.created_at desc
2026-04-23 15:56:53.839 TRACE [c4f9fb4a] org.hibernate.orm.jdbc.bind - binding parameter (1:BIGINT) <- [841052]
2026-04-23 15:56:53.857 DEBUG [c4f9fb4a] org.hibernate.SQL - 
    /* <criteria> */ select
        gc1_0.id,
        gc1_0.acquired_at,
        gc1_0.created_at,
        gc1_0.description,
        gc1_0.guide_id,
        gc1_0.title,
        gc1_0.updated_at 
    from
        guide_careers gc1_0 
    left join
        guide_profiles gp1_0 
            on gp1_0.id=gc1_0.guide_id 
    where
        gp1_0.id=?
2026-04-23 15:56:53.857 DEBUG [10976b35] org.hibernate.SQL - 
    /* <criteria> */ select
        r1_0.id,
        r1_0.content,
        r1_0.created_at,
        r1_0.deleted,
        r1_0.deleted_at,
        r1_0.guide_id,
        r1_0.match_request_id,
        r1_0.member_id,
        r1_0.rating,
        r1_0.updated_at 
    from
        review r1_0 
    where
        r1_0.guide_id=? 
        and not(r1_0.deleted) 
    order by
        r1_0.id desc 
    limit
        ?
2026-04-23 15:56:53.861 TRACE [c4f9fb4a] org.hibernate.orm.jdbc.bind - binding parameter (1:BIGINT) <- [841052]
2026-04-23 15:56:53.863 TRACE [10976b35] org.hibernate.orm.jdbc.bind - binding parameter (1:BIGINT) <- [841052]
2026-04-23 15:56:53.865 TRACE [10976b35] org.hibernate.orm.jdbc.bind - binding parameter (2:INTEGER) <- [30]
2026-04-23 15:56:53.875 DEBUG [10976b35] org.hibernate.SQL - 
    select
        m1_0.id,
        m1_0.created_at,
        m1_0.email,
        m1_0.name,
        m1_0.nickname,
        m1_0.password,
        m1_0.profile_image_url,
        m1_0.role,
        m1_0.social_type,
        m1_0.status,
        m1_0.updated_at 
    from
        member m1_0 
    where
        m1_0.id=?
2026-04-23 15:56:53.880 TRACE [10976b35] org.hibernate.orm.jdbc.bind - binding parameter (1:BIGINT) <- [941012]
2026-04-23 15:56:53.884 DEBUG [c4f9fb4a] org.hibernate.SQL - 
    /* <criteria> */ select
        gi1_0.id,
        gi1_0.created_at,
        gi1_0.guide_id,
        gi1_0.image_url,
        gi1_0.is_main,
        gi1_0.sort_order,
        gi1_0.updated_at 
    from
        guide_images gi1_0 
    left join
        guide_profiles gp1_0 
            on gp1_0.id=gi1_0.guide_id 
    where
        gp1_0.id=? 
    order by
        gi1_0.sort_order
2026-04-23 15:56:53.888 TRACE [c4f9fb4a] org.hibernate.orm.jdbc.bind - binding parameter (1:BIGINT) <- [841052]
2026-04-23 15:56:53.917 INFO  [10976b35] c.t.a.logging.MdcLoggingFilter - [HTTP] 요청 완료 - statusCode: 200, latencyMs: 130, requestUri: /api/reviews/guide/841052, method: GET
2026-04-23 15:56:53.931 INFO  [c4f9fb4a] c.t.a.logging.MdcLoggingFilter - [HTTP] 요청 완료 - statusCode: 200, latencyMs: 186, requestUri: /api/guides/841052/detail, method: GET
2026-04-23 15:56:53.999 DEBUG [eca34823] org.hibernate.SQL - 
    /* <criteria> */ select
        r1_0.id,
        r1_0.content,
        r1_0.created_at,
        r1_0.deleted,
        r1_0.deleted_at,
        r1_0.guide_id,
        r1_0.match_request_id,
        r1_0.member_id,
        r1_0.rating,
        r1_0.updated_at 
    from
        review r1_0 
    where
        r1_0.guide_id=? 
        and not(r1_0.deleted) 
    order by
        r1_0.id desc 
    limit
        ?
2026-04-23 15:56:54.013 TRACE [eca34823] org.hibernate.orm.jdbc.bind - binding parameter (1:BIGINT) <- [841052]
2026-04-23 15:56:54.020 TRACE [eca34823] org.hibernate.orm.jdbc.bind - binding parameter (2:INTEGER) <- [30]
2026-04-23 15:56:54.049 DEBUG [4d9aa2b7] org.hibernate.SQL - 
    select
        gp1_0.id,
        gp1_0.average_rating,
        gp1_0.bio,
        gp1_0.created_at,
        gp1_0.default_course,
        gp1_0.guide_style,
        gp1_0.is_active,
        gp1_0.is_approved,
        gp1_0.keywords,
        gp1_0.language,
        gp1_0.local_story,
        gp1_0.member_id,
        gp1_0.nickname,
        gp1_0.price_per_hour,
        gp1_0.profile_image,
        gp1_0.region,
        gp1_0.residence_years,
        gp1_0.review_count,
        gp1_0.updated_at 
    from
        guide_profiles gp1_0 
    where
        gp1_0.id=?
2026-04-23 15:56:54.052 DEBUG [eca34823] org.hibernate.SQL - 
    select
        m1_0.id,
        m1_0.created_at,
        m1_0.email,
        m1_0.name,
        m1_0.nickname,
        m1_0.password,
        m1_0.profile_image_url,
        m1_0.role,
        m1_0.social_type,
        m1_0.status,
        m1_0.updated_at 
    from
        member m1_0 
    where
        m1_0.id=?
2026-04-23 15:56:54.056 TRACE [eca34823] org.hibernate.orm.jdbc.bind - binding parameter (1:BIGINT) <- [941012]
2026-04-23 15:56:54.058 TRACE [4d9aa2b7] org.hibernate.orm.jdbc.bind - binding parameter (1:BIGINT) <- [841052]
2026-04-23 15:56:54.087 INFO  [eca34823] c.t.a.logging.MdcLoggingFilter - [HTTP] 요청 완료 - statusCode: 200, latencyMs: 128, requestUri: /api/reviews/guide/841052, method: GET
2026-04-23 15:56:54.089 DEBUG [4d9aa2b7] org.hibernate.SQL - 
    /* <criteria> */ select
        gf1_0.id,
        gf1_0.content,
        gf1_0.created_at,
        gf1_0.guide_id,
        gf1_0.image_url,
        gf1_0.is_deleted,
        gf1_0.updated_at 
    from
        guide_feeds gf1_0 
    left join
        guide_profiles gp1_0 
            on gp1_0.id=gf1_0.guide_id 
    where
        gp1_0.id=? 
        and not(gf1_0.is_deleted) 
    order by
        gf1_0.created_at desc
2026-04-23 15:56:54.093 TRACE [4d9aa2b7] org.hibernate.orm.jdbc.bind - binding parameter (1:BIGINT) <- [841052]
2026-04-23 15:56:54.120 DEBUG [4d9aa2b7] org.hibernate.SQL - 
    /* <criteria> */ select
        gc1_0.id,
        gc1_0.acquired_at,
        gc1_0.created_at,
        gc1_0.description,
        gc1_0.guide_id,
        gc1_0.title,
        gc1_0.updated_at 
    from
        guide_careers gc1_0 
    left join
        guide_profiles gp1_0 
            on gp1_0.id=gc1_0.guide_id 
    where
        gp1_0.id=?
2026-04-23 15:56:54.124 TRACE [4d9aa2b7] org.hibernate.orm.jdbc.bind - binding parameter (1:BIGINT) <- [841052]
2026-04-23 15:56:54.149 DEBUG [4d9aa2b7] org.hibernate.SQL - 
    /* <criteria> */ select
        gi1_0.id,
        gi1_0.created_at,
        gi1_0.guide_id,
        gi1_0.image_url,
        gi1_0.is_main,
        gi1_0.sort_order,
        gi1_0.updated_at 
    from
        guide_images gi1_0 
    left join
        guide_profiles gp1_0 
            on gp1_0.id=gi1_0.guide_id 
    where
        gp1_0.id=? 
    order by
        gi1_0.sort_order
2026-04-23 15:56:54.152 TRACE [4d9aa2b7] org.hibernate.orm.jdbc.bind - binding parameter (1:BIGINT) <- [841052]
2026-04-23 15:56:54.320 INFO  [4d9aa2b7] c.t.a.logging.MdcLoggingFilter - [HTTP] 요청 완료 - statusCode: 200, latencyMs: 340, requestUri: /api/guides/841052/detail, method: GET
2026-04-23 15:56:54.425 DEBUG [c11ed0f7] org.hibernate.SQL - 
    /* <criteria> */ select
        gs1_0.id,
        gs1_0.available_date,
        gs1_0.course_detail,
        gs1_0.created_at,
        gs1_0.end_time,
        gs1_0.guide_message,
        gs1_0.guide_id,
        gs1_0.is_paid,
        gs1_0.match_request_id,
        gs1_0.meeting_point,
        gs1_0.start_time,
        gs1_0.status,
        gs1_0.updated_at 
    from
        guide_schedules gs1_0 
    left join
        guide_profiles gp1_0 
            on gp1_0.id=gs1_0.guide_id 
    where
        gp1_0.id=? 
    order by
        gs1_0.available_date
2026-04-23 15:56:54.430 TRACE [c11ed0f7] org.hibernate.orm.jdbc.bind - binding parameter (1:BIGINT) <- [841052]
2026-04-23 15:56:54.466 INFO  [c11ed0f7] c.t.a.logging.MdcLoggingFilter - [HTTP] 요청 완료 - statusCode: 200, latencyMs: 83, requestUri: /api/guides/841052/schedules, method: GET
2026-04-23 15:57:00.079 DEBUG [] org.hibernate.SQL - 
    /* <criteria> */ select
        te1_0.id,
        te1_0.created_at,
        te1_0.deadline_at,
        te1_0.extended_date,
        te1_0.extended_price,
        te1_0.guest_id,
        te1_0.guide_approved_at,
        te1_0.match_request_id,
        te1_0.requested_at,
        te1_0.status,
        te1_0.updated_at 
    from
        tour_extension te1_0 
    where
        te1_0.status=? 
        and te1_0.deadline_at<?
2026-04-23 15:57:00.084 TRACE [] org.hibernate.orm.jdbc.bind - binding parameter (1:ENUM) <- [REQUESTED]
2026-04-23 15:57:00.088 TRACE [] org.hibernate.orm.jdbc.bind - binding parameter (2:TIMESTAMP) <- [2026-04-23T15:57:00.045570400]
2026-04-23 15:58:00.018 DEBUG [] org.hibernate.SQL - 
    /* <criteria> */ select
        te1_0.id,
        te1_0.created_at,
        te1_0.deadline_at,
        te1_0.extended_date,
        te1_0.extended_price,
        te1_0.guest_id,
        te1_0.guide_approved_at,
        te1_0.match_request_id,
        te1_0.requested_at,
        te1_0.status,
        te1_0.updated_at 
    from
        tour_extension te1_0 
    where
        te1_0.status=? 
        and te1_0.deadline_at<?
2026-04-23 15:58:00.020 TRACE [] org.hibernate.orm.jdbc.bind - binding parameter (1:ENUM) <- [REQUESTED]
2026-04-23 15:58:00.021 TRACE [] org.hibernate.orm.jdbc.bind - binding parameter (2:TIMESTAMP) <- [2026-04-23T15:58:00.014837900]
2026-04-23 15:59:00.031 DEBUG [] org.hibernate.SQL - 
    /* <criteria> */ select
        te1_0.id,
        te1_0.created_at,
        te1_0.deadline_at,
        te1_0.extended_date,
        te1_0.extended_price,
        te1_0.guest_id,
        te1_0.guide_approved_at,
        te1_0.match_request_id,
        te1_0.requested_at,
        te1_0.status,
        te1_0.updated_at 
    from
        tour_extension te1_0 
    where
        te1_0.status=? 
        and te1_0.deadline_at<?
2026-04-23 15:59:00.035 TRACE [] org.hibernate.orm.jdbc.bind - binding parameter (1:ENUM) <- [REQUESTED]
2026-04-23 15:59:00.035 TRACE [] org.hibernate.orm.jdbc.bind - binding parameter (2:TIMESTAMP) <- [2026-04-23T15:59:00.017369300]
2026-04-23 16:00:00.014 DEBUG [] org.hibernate.SQL - 
    /* <criteria> */ select
        te1_0.id,
        te1_0.created_at,
        te1_0.deadline_at,
        te1_0.extended_date,
        te1_0.extended_price,
        te1_0.guest_id,
        te1_0.guide_approved_at,
        te1_0.match_request_id,
        te1_0.requested_at,
        te1_0.status,
        te1_0.updated_at 
    from
        tour_extension te1_0 
    where
        te1_0.status=? 
        and te1_0.deadline_at<?
2026-04-23 16:00:00.017 TRACE [] org.hibernate.orm.jdbc.bind - binding parameter (1:ENUM) <- [REQUESTED]
2026-04-23 16:00:00.017 TRACE [] org.hibernate.orm.jdbc.bind - binding parameter (2:TIMESTAMP) <- [2026-04-23T16:00:00.009644600]
2026-04-23 16:01:00.133 DEBUG [] org.hibernate.SQL - 
    /* <criteria> */ select
        te1_0.id,
        te1_0.created_at,
        te1_0.deadline_at,
        te1_0.extended_date,
        te1_0.extended_price,
        te1_0.guest_id,
        te1_0.guide_approved_at,
        te1_0.match_request_id,
        te1_0.requested_at,
        te1_0.status,
        te1_0.updated_at 
    from
        tour_extension te1_0 
    where
        te1_0.status=? 
        and te1_0.deadline_at<?
2026-04-23 16:01:00.137 TRACE [] org.hibernate.orm.jdbc.bind - binding parameter (1:ENUM) <- [REQUESTED]
2026-04-23 16:01:00.164 TRACE [] org.hibernate.orm.jdbc.bind - binding parameter (2:TIMESTAMP) <- [2026-04-23T16:01:00.053540]
2026-04-23 16:01:36.911 INFO  [] o.s.w.s.c.WebSocketMessageBrokerStats - WebSocketSession[0 current WS(0)-HttpStream(0)-HttpPoll(0), 0 total, 0 closed abnormally (0 connect failure, 0 send limit, 0 transport error)], stompSubProtocol[processed CONNECT(0)-CONNECTED(0)-DISCONNECT(0)], stompBrokerRelay[null], inboundChannel[pool size = 0, active threads = 0, queued tasks = 0, completed tasks = 0], outboundChannel[pool size = 0, active threads = 0, queued tasks = 0, completed tasks = 0], sockJsScheduler[pool size = 16, active threads = 1, queued tasks = 2, completed tasks = 63]
2026-04-23 16:02:00.090 DEBUG [] org.hibernate.SQL - 
    /* <criteria> */ select
        te1_0.id,
        te1_0.created_at,
        te1_0.deadline_at,
        te1_0.extended_date,
        te1_0.extended_price,
        te1_0.guest_id,
        te1_0.guide_approved_at,
        te1_0.match_request_id,
        te1_0.requested_at,
        te1_0.status,
        te1_0.updated_at 
    from
        tour_extension te1_0 
    where
        te1_0.status=? 
        and te1_0.deadline_at<?
2026-04-23 16:02:00.105 TRACE [] org.hibernate.orm.jdbc.bind - binding parameter (1:ENUM) <- [REQUESTED]
2026-04-23 16:02:00.107 TRACE [] org.hibernate.orm.jdbc.bind - binding parameter (2:TIMESTAMP) <- [2026-04-23T16:02:00.028359300]
2026-04-23 16:03:00.072 DEBUG [] org.hibernate.SQL - 
    /* <criteria> */ select
        te1_0.id,
        te1_0.created_at,
        te1_0.deadline_at,
        te1_0.extended_date,
        te1_0.extended_price,
        te1_0.guest_id,
        te1_0.guide_approved_at,
        te1_0.match_request_id,
        te1_0.requested_at,
        te1_0.status,
        te1_0.updated_at 
    from
        tour_extension te1_0 
    where
        te1_0.status=? 
        and te1_0.deadline_at<?
2026-04-23 16:03:00.085 TRACE [] org.hibernate.orm.jdbc.bind - binding parameter (1:ENUM) <- [REQUESTED]
2026-04-23 16:03:00.093 TRACE [] org.hibernate.orm.jdbc.bind - binding parameter (2:TIMESTAMP) <- [2026-04-23T16:03:00.022749800]
2026-04-23 16:04:00.345 DEBUG [] org.hibernate.SQL - 
    /* <criteria> */ select
        te1_0.id,
        te1_0.created_at,
        te1_0.deadline_at,
        te1_0.extended_date,
        te1_0.extended_price,
        te1_0.guest_id,
        te1_0.guide_approved_at,
        te1_0.match_request_id,
        te1_0.requested_at,
        te1_0.status,
        te1_0.updated_at 
    from
        tour_extension te1_0 
    where
        te1_0.status=? 
        and te1_0.deadline_at<?
2026-04-23 16:04:00.403 TRACE [] org.hibernate.orm.jdbc.bind - binding parameter (1:ENUM) <- [REQUESTED]
2026-04-23 16:04:00.410 TRACE [] org.hibernate.orm.jdbc.bind - binding parameter (2:TIMESTAMP) <- [2026-04-23T16:04:00.169553]
2026-04-23 16:05:00.044 DEBUG [] org.hibernate.SQL - 
    /* <criteria> */ select
        te1_0.id,
        te1_0.created_at,
        te1_0.deadline_at,
        te1_0.extended_date,
        te1_0.extended_price,
        te1_0.guest_id,
        te1_0.guide_approved_at,
        te1_0.match_request_id,
        te1_0.requested_at,
        te1_0.status,
        te1_0.updated_at 
    from
        tour_extension te1_0 
    where
        te1_0.status=? 
        and te1_0.deadline_at<?
2026-04-23 16:05:00.049 TRACE [] org.hibernate.orm.jdbc.bind - binding parameter (1:ENUM) <- [REQUESTED]
2026-04-23 16:05:00.050 TRACE [] org.hibernate.orm.jdbc.bind - binding parameter (2:TIMESTAMP) <- [2026-04-23T16:05:00.021515400]
2026-04-23 16:05:32.906 DEBUG [f6c64926] org.hibernate.SQL - 
    /* <criteria> */ select
        m1_0.id,
        m1_0.created_at,
        m1_0.email,
        m1_0.name,
        m1_0.nickname,
        m1_0.password,
        m1_0.profile_image_url,
        m1_0.role,
        m1_0.social_type,
        m1_0.status,
        m1_0.updated_at 
    from
        member m1_0 
    where
        m1_0.email=? 
        and m1_0.role=?
2026-04-23 16:05:32.917 DEBUG [26f8d097] org.hibernate.SQL - 
    /* <criteria> */ select
        m1_0.id,
        m1_0.created_at,
        m1_0.email,
        m1_0.name,
        m1_0.nickname,
        m1_0.password,
        m1_0.profile_image_url,
        m1_0.role,
        m1_0.social_type,
        m1_0.status,
        m1_0.updated_at 
    from
        member m1_0 
    where
        m1_0.email=? 
        and m1_0.role=?
2026-04-23 16:05:32.929 TRACE [26f8d097] org.hibernate.orm.jdbc.bind - binding parameter (1:VARCHAR) <- [guest04@localGuest.com]
2026-04-23 16:05:32.931 TRACE [26f8d097] org.hibernate.orm.jdbc.bind - binding parameter (2:ENUM) <- [GUEST]
2026-04-23 16:05:32.939 TRACE [f6c64926] org.hibernate.orm.jdbc.bind - binding parameter (1:VARCHAR) <- [guest04@localGuest.com]
2026-04-23 16:05:32.943 TRACE [f6c64926] org.hibernate.orm.jdbc.bind - binding parameter (2:ENUM) <- [GUEST]
2026-04-23 16:05:33.065 DEBUG [f6c64926] org.hibernate.SQL - 
    /* <criteria> */ select
        mr1_0.id,
        mr1_0.budget_max_won,
        mr1_0.budget_min_won,
        mr1_0.cancel_reason,
        mr1_0.cancelled_by,
        mr1_0.concept,
        mr1_0.concept_summary,
        mr1_0.created_at,
        mr1_0.desired_budget,
        mr1_0.desired_date,
        mr1_0.destination,
        mr1_0.guest_id,
        mr1_0.guide_id,
        mr1_0.guide_schedule_id,
        mr1_0.propose_message,
        mr1_0.proposed_schedule,
        mr1_0.status,
        mr1_0.updated_at 
    from
        match_request mr1_0 
    where
        mr1_0.guest_id=?
2026-04-23 16:05:33.068 TRACE [f6c64926] org.hibernate.orm.jdbc.bind - binding parameter (1:BIGINT) <- [941004]
2026-04-23 16:05:33.127 INFO  [26f8d097] c.t.a.logging.MdcLoggingFilter - [HTTP] 요청 완료 - statusCode: 200, latencyMs: 824, requestUri: /api/members/me/profile, method: GET
2026-04-23 16:05:33.272 INFO  [f6c64926] c.t.a.logging.MdcLoggingFilter - [HTTP] 요청 완료 - statusCode: 200, latencyMs: 968, requestUri: /api/matching/requests/guest/list, method: GET
2026-04-23 16:05:33.309 DEBUG [cb597158] org.hibernate.SQL - 
    /* <criteria> */ select
        m1_0.id,
        m1_0.created_at,
        m1_0.email,
        m1_0.name,
        m1_0.nickname,
        m1_0.password,
        m1_0.profile_image_url,
        m1_0.role,
        m1_0.social_type,
        m1_0.status,
        m1_0.updated_at 
    from
        member m1_0 
    where
        m1_0.email=? 
        and m1_0.role=?
2026-04-23 16:05:33.312 TRACE [cb597158] org.hibernate.orm.jdbc.bind - binding parameter (1:VARCHAR) <- [guest04@localGuest.com]
2026-04-23 16:05:33.314 TRACE [cb597158] org.hibernate.orm.jdbc.bind - binding parameter (2:ENUM) <- [GUEST]
2026-04-23 16:05:33.340 INFO  [cb597158] c.t.a.logging.MdcLoggingFilter - [HTTP] 요청 완료 - statusCode: 200, latencyMs: 139, requestUri: /api/members/me/profile, method: GET
2026-04-23 16:05:33.610 DEBUG [b1fe147d] org.hibernate.SQL - 
    /* <criteria> */ select
        m1_0.id,
        m1_0.created_at,
        m1_0.email,
        m1_0.name,
        m1_0.nickname,
        m1_0.password,
        m1_0.profile_image_url,
        m1_0.role,
        m1_0.social_type,
        m1_0.status,
        m1_0.updated_at 
    from
        member m1_0 
    where
        m1_0.email=? 
        and m1_0.role=?
2026-04-23 16:05:33.614 TRACE [b1fe147d] org.hibernate.orm.jdbc.bind - binding parameter (1:VARCHAR) <- [guest04@localGuest.com]
2026-04-23 16:05:33.618 TRACE [b1fe147d] org.hibernate.orm.jdbc.bind - binding parameter (2:ENUM) <- [GUEST]
2026-04-23 16:05:33.625 DEBUG [dd33c9c7] org.hibernate.SQL - 
    /* <criteria> */ select
        m1_0.id,
        m1_0.created_at,
        m1_0.email,
        m1_0.name,
        m1_0.nickname,
        m1_0.password,
        m1_0.profile_image_url,
        m1_0.role,
        m1_0.social_type,
        m1_0.status,
        m1_0.updated_at 
    from
        member m1_0 
    where
        m1_0.email=? 
        and m1_0.role=?
2026-04-23 16:05:33.627 TRACE [dd33c9c7] org.hibernate.orm.jdbc.bind - binding parameter (1:VARCHAR) <- [guest04@localGuest.com]
2026-04-23 16:05:33.633 TRACE [dd33c9c7] org.hibernate.orm.jdbc.bind - binding parameter (2:ENUM) <- [GUEST]
2026-04-23 16:05:33.654 DEBUG [b1fe147d] org.hibernate.SQL - 
    /* <criteria> */ select
        mr1_0.id,
        mr1_0.budget_max_won,
        mr1_0.budget_min_won,
        mr1_0.cancel_reason,
        mr1_0.cancelled_by,
        mr1_0.concept,
        mr1_0.concept_summary,
        mr1_0.created_at,
        mr1_0.desired_budget,
        mr1_0.desired_date,
        mr1_0.destination,
        mr1_0.guest_id,
        mr1_0.guide_id,
        mr1_0.guide_schedule_id,
        mr1_0.propose_message,
        mr1_0.proposed_schedule,
        mr1_0.status,
        mr1_0.updated_at 
    from
        match_request mr1_0 
    where
        mr1_0.guest_id=?
2026-04-23 16:05:33.657 TRACE [b1fe147d] org.hibernate.orm.jdbc.bind - binding parameter (1:BIGINT) <- [941004]
2026-04-23 16:05:33.668 INFO  [dd33c9c7] c.t.a.logging.MdcLoggingFilter - [HTTP] 요청 완료 - statusCode: 200, latencyMs: 134, requestUri: /api/members/me/profile, method: GET
2026-04-23 16:05:33.684 DEBUG [370537ff] org.hibernate.SQL - 
    select
        gp1_0.id,
        gp1_0.average_rating,
        gp1_0.bio,
        gp1_0.created_at,
        gp1_0.default_course,
        gp1_0.guide_style,
        gp1_0.is_active,
        gp1_0.is_approved,
        gp1_0.keywords,
        gp1_0.language,
        gp1_0.local_story,
        gp1_0.member_id,
        gp1_0.nickname,
        gp1_0.price_per_hour,
        gp1_0.profile_image,
        gp1_0.region,
        gp1_0.residence_years,
        gp1_0.review_count,
        gp1_0.updated_at 
    from
        guide_profiles gp1_0 
    where
        gp1_0.id=?
2026-04-23 16:05:33.688 TRACE [370537ff] org.hibernate.orm.jdbc.bind - binding parameter (1:BIGINT) <- [841049]
2026-04-23 16:05:33.686 DEBUG [f5c6bd06] org.hibernate.SQL - 
    select
        gp1_0.id,
        gp1_0.average_rating,
        gp1_0.bio,
        gp1_0.created_at,
        gp1_0.default_course,
        gp1_0.guide_style,
        gp1_0.is_active,
        gp1_0.is_approved,
        gp1_0.keywords,
        gp1_0.language,
        gp1_0.local_story,
        gp1_0.member_id,
        gp1_0.nickname,
        gp1_0.price_per_hour,
        gp1_0.profile_image,
        gp1_0.region,
        gp1_0.residence_years,
        gp1_0.review_count,
        gp1_0.updated_at 
    from
        guide_profiles gp1_0 
    where
        gp1_0.id=?
2026-04-23 16:05:33.692 TRACE [f5c6bd06] org.hibernate.orm.jdbc.bind - binding parameter (1:BIGINT) <- [841004]
2026-04-23 16:05:33.769 INFO  [370537ff] c.t.a.logging.MdcLoggingFilter - [HTTP] 요청 완료 - statusCode: 200, latencyMs: 227, requestUri: /api/guides/841049, method: GET
2026-04-23 16:05:33.782 INFO  [f5c6bd06] c.t.a.logging.MdcLoggingFilter - [HTTP] 요청 완료 - statusCode: 200, latencyMs: 240, requestUri: /api/guides/841004, method: GET
2026-04-23 16:05:33.812 DEBUG [9bf2801b] org.hibernate.SQL - 
    /* <criteria> */ select
        m1_0.id,
        m1_0.created_at,
        m1_0.email,
        m1_0.name,
        m1_0.nickname,
        m1_0.password,
        m1_0.profile_image_url,
        m1_0.role,
        m1_0.social_type,
        m1_0.status,
        m1_0.updated_at 
    from
        member m1_0 
    where
        m1_0.email=? 
        and m1_0.role=?
2026-04-23 16:05:33.814 TRACE [9bf2801b] org.hibernate.orm.jdbc.bind - binding parameter (1:VARCHAR) <- [guest04@localGuest.com]
2026-04-23 16:05:33.815 TRACE [9bf2801b] org.hibernate.orm.jdbc.bind - binding parameter (2:ENUM) <- [GUEST]
2026-04-23 16:05:33.845 INFO  [9bf2801b] c.t.a.logging.MdcLoggingFilter - [HTTP] 요청 완료 - statusCode: 200, latencyMs: 138, requestUri: /api/members/me/profile, method: GET
2026-04-23 16:05:33.875 INFO  [b1fe147d] c.t.a.logging.MdcLoggingFilter - [HTTP] 요청 완료 - statusCode: 200, latencyMs: 346, requestUri: /api/matching/requests/guest/list, method: GET
2026-04-23 16:05:33.984 DEBUG [81e66276] org.hibernate.SQL - 
    select
        gp1_0.id,
        gp1_0.average_rating,
        gp1_0.bio,
        gp1_0.created_at,
        gp1_0.default_course,
        gp1_0.guide_style,
        gp1_0.is_active,
        gp1_0.is_approved,
        gp1_0.keywords,
        gp1_0.language,
        gp1_0.local_story,
        gp1_0.member_id,
        gp1_0.nickname,
        gp1_0.price_per_hour,
        gp1_0.profile_image,
        gp1_0.region,
        gp1_0.residence_years,
        gp1_0.review_count,
        gp1_0.updated_at 
    from
        guide_profiles gp1_0 
    where
        gp1_0.id=?
2026-04-23 16:05:33.987 DEBUG [932a4554] org.hibernate.SQL - 
    select
        gp1_0.id,
        gp1_0.average_rating,
        gp1_0.bio,
        gp1_0.created_at,
        gp1_0.default_course,
        gp1_0.guide_style,
        gp1_0.is_active,
        gp1_0.is_approved,
        gp1_0.keywords,
        gp1_0.language,
        gp1_0.local_story,
        gp1_0.member_id,
        gp1_0.nickname,
        gp1_0.price_per_hour,
        gp1_0.profile_image,
        gp1_0.region,
        gp1_0.residence_years,
        gp1_0.review_count,
        gp1_0.updated_at 
    from
        guide_profiles gp1_0 
    where
        gp1_0.id=?
2026-04-23 16:05:33.989 TRACE [81e66276] org.hibernate.orm.jdbc.bind - binding parameter (1:BIGINT) <- [841004]
2026-04-23 16:05:33.992 TRACE [932a4554] org.hibernate.orm.jdbc.bind - binding parameter (1:BIGINT) <- [841049]
2026-04-23 16:05:34.023 INFO  [81e66276] c.t.a.logging.MdcLoggingFilter - [HTTP] 요청 완료 - statusCode: 200, latencyMs: 74, requestUri: /api/guides/841004, method: GET
2026-04-23 16:05:34.025 INFO  [932a4554] c.t.a.logging.MdcLoggingFilter - [HTTP] 요청 완료 - statusCode: 200, latencyMs: 77, requestUri: /api/guides/841049, method: GET
2026-04-23 16:05:38.317 DEBUG [92889ff1] org.hibernate.SQL - 
    /* <criteria> */ select
        m1_0.id,
        m1_0.created_at,
        m1_0.email,
        m1_0.name,
        m1_0.nickname,
        m1_0.password,
        m1_0.profile_image_url,
        m1_0.role,
        m1_0.social_type,
        m1_0.status,
        m1_0.updated_at 
    from
        member m1_0 
    where
        m1_0.email=? 
        and m1_0.role=?
2026-04-23 16:05:38.324 TRACE [92889ff1] org.hibernate.orm.jdbc.bind - binding parameter (1:VARCHAR) <- [guest04@localGuest.com]
2026-04-23 16:05:38.324 DEBUG [c4267bb8] org.hibernate.SQL - 
    /* <criteria> */ select
        m1_0.id,
        m1_0.created_at,
        m1_0.email,
        m1_0.name,
        m1_0.nickname,
        m1_0.password,
        m1_0.profile_image_url,
        m1_0.role,
        m1_0.social_type,
        m1_0.status,
        m1_0.updated_at 
    from
        member m1_0 
    where
        m1_0.email=? 
        and m1_0.role=?
2026-04-23 16:05:38.327 TRACE [92889ff1] org.hibernate.orm.jdbc.bind - binding parameter (2:ENUM) <- [GUEST]
2026-04-23 16:05:38.336 TRACE [c4267bb8] org.hibernate.orm.jdbc.bind - binding parameter (1:VARCHAR) <- [guest04@localGuest.com]
2026-04-23 16:05:38.339 TRACE [c4267bb8] org.hibernate.orm.jdbc.bind - binding parameter (2:ENUM) <- [GUEST]
2026-04-23 16:05:38.367 DEBUG [92889ff1] org.hibernate.SQL - 
    /* <criteria> */ select
        mr1_0.id,
        mr1_0.budget_max_won,
        mr1_0.budget_min_won,
        mr1_0.cancel_reason,
        mr1_0.cancelled_by,
        mr1_0.concept,
        mr1_0.concept_summary,
        mr1_0.created_at,
        mr1_0.desired_budget,
        mr1_0.desired_date,
        mr1_0.destination,
        mr1_0.guest_id,
        mr1_0.guide_id,
        mr1_0.guide_schedule_id,
        mr1_0.propose_message,
        mr1_0.proposed_schedule,
        mr1_0.status,
        mr1_0.updated_at 
    from
        match_request mr1_0 
    where
        mr1_0.guest_id=?
2026-04-23 16:05:38.369 TRACE [92889ff1] org.hibernate.orm.jdbc.bind - binding parameter (1:BIGINT) <- [941004]
2026-04-23 16:05:38.372 INFO  [c4267bb8] c.t.a.logging.MdcLoggingFilter - [HTTP] 요청 완료 - statusCode: 200, latencyMs: 137, requestUri: /api/members/me/profile, method: GET
2026-04-23 16:05:38.406 DEBUG [95fd3597] org.hibernate.SQL - 
    /* <criteria> */ select
        m1_0.id,
        m1_0.created_at,
        m1_0.email,
        m1_0.name,
        m1_0.nickname,
        m1_0.password,
        m1_0.profile_image_url,
        m1_0.role,
        m1_0.social_type,
        m1_0.status,
        m1_0.updated_at 
    from
        member m1_0 
    where
        m1_0.email=? 
        and m1_0.role=?
2026-04-23 16:05:38.420 TRACE [95fd3597] org.hibernate.orm.jdbc.bind - binding parameter (1:VARCHAR) <- [guest04@localGuest.com]
2026-04-23 16:05:38.421 TRACE [95fd3597] org.hibernate.orm.jdbc.bind - binding parameter (2:ENUM) <- [GUEST]
2026-04-23 16:05:38.433 INFO  [92889ff1] c.t.a.logging.MdcLoggingFilter - [HTTP] 요청 완료 - statusCode: 200, latencyMs: 205, requestUri: /api/matching/requests/guest/list, method: GET
2026-04-23 16:05:38.538 DEBUG [ede8c218] org.hibernate.SQL - 
    /* <criteria> */ select
        m1_0.id,
        m1_0.created_at,
        m1_0.email,
        m1_0.name,
        m1_0.nickname,
        m1_0.password,
        m1_0.profile_image_url,
        m1_0.role,
        m1_0.social_type,
        m1_0.status,
        m1_0.updated_at 
    from
        member m1_0 
    where
        m1_0.email=? 
        and m1_0.role=?
2026-04-23 16:05:38.547 TRACE [ede8c218] org.hibernate.orm.jdbc.bind - binding parameter (1:VARCHAR) <- [guest04@localGuest.com]
2026-04-23 16:05:38.554 TRACE [ede8c218] org.hibernate.orm.jdbc.bind - binding parameter (2:ENUM) <- [GUEST]
2026-04-23 16:05:38.564 DEBUG [500b6d0d] org.hibernate.SQL - 
    /* <criteria> */ select
        m1_0.id,
        m1_0.created_at,
        m1_0.email,
        m1_0.name,
        m1_0.nickname,
        m1_0.password,
        m1_0.profile_image_url,
        m1_0.role,
        m1_0.social_type,
        m1_0.status,
        m1_0.updated_at 
    from
        member m1_0 
    where
        m1_0.email=? 
        and m1_0.role=?
2026-04-23 16:05:38.569 TRACE [500b6d0d] org.hibernate.orm.jdbc.bind - binding parameter (1:VARCHAR) <- [guest04@localGuest.com]
2026-04-23 16:05:38.572 TRACE [500b6d0d] org.hibernate.orm.jdbc.bind - binding parameter (2:ENUM) <- [GUEST]
2026-04-23 16:05:38.595 INFO  [ede8c218] c.t.a.logging.MdcLoggingFilter - [HTTP] 요청 완료 - statusCode: 200, latencyMs: 132, requestUri: /api/members/me/profile, method: GET
2026-04-23 16:05:38.611 DEBUG [500b6d0d] org.hibernate.SQL - 
    /* <criteria> */ select
        mr1_0.id,
        mr1_0.budget_max_won,
        mr1_0.budget_min_won,
        mr1_0.cancel_reason,
        mr1_0.cancelled_by,
        mr1_0.concept,
        mr1_0.concept_summary,
        mr1_0.created_at,
        mr1_0.desired_budget,
        mr1_0.desired_date,
        mr1_0.destination,
        mr1_0.guest_id,
        mr1_0.guide_id,
        mr1_0.guide_schedule_id,
        mr1_0.propose_message,
        mr1_0.proposed_schedule,
        mr1_0.status,
        mr1_0.updated_at 
    from
        match_request mr1_0 
    where
        mr1_0.guest_id=?
2026-04-23 16:05:38.615 TRACE [500b6d0d] org.hibernate.orm.jdbc.bind - binding parameter (1:BIGINT) <- [941004]
2026-04-23 16:05:38.662 INFO  [500b6d0d] c.t.a.logging.MdcLoggingFilter - [HTTP] 요청 완료 - statusCode: 200, latencyMs: 169, requestUri: /api/matching/requests/guest/list, method: GET
2026-04-23 16:05:40.150 DEBUG [95fd3597] org.hibernate.SQL - 
    /* <criteria> */ select
        r1_0.id,
        r1_0.content,
        r1_0.created_at,
        r1_0.deleted,
        r1_0.deleted_at,
        r1_0.guide_id,
        r1_0.match_request_id,
        r1_0.member_id,
        m1_0.id,
        m1_0.created_at,
        m1_0.email,
        m1_0.name,
        m1_0.nickname,
        m1_0.password,
        m1_0.profile_image_url,
        m1_0.role,
        m1_0.social_type,
        m1_0.status,
        m1_0.updated_at,
        r1_0.rating,
        r1_0.updated_at 
    from
        review r1_0 
    join
        member m1_0 
            on m1_0.id=r1_0.member_id 
    where
        r1_0.member_id=? 
        and not(r1_0.deleted) 
    order by
        r1_0.created_at desc 
    limit
        ?
2026-04-23 16:05:40.157 TRACE [95fd3597] org.hibernate.orm.jdbc.bind - binding parameter (1:BIGINT) <- [941004]
2026-04-23 16:05:40.159 TRACE [95fd3597] org.hibernate.orm.jdbc.bind - binding parameter (2:INTEGER) <- [50]
2026-04-23 16:05:40.239 INFO  [95fd3597] c.t.a.logging.MdcLoggingFilter - [HTTP] 요청 완료 - statusCode: 200, latencyMs: 2009, requestUri: /api/reviews/me, method: GET
2026-04-23 16:05:40.309 DEBUG [a635c52e] org.hibernate.SQL - 
    select
        gp1_0.id,
        gp1_0.average_rating,
        gp1_0.bio,
        gp1_0.created_at,
        gp1_0.default_course,
        gp1_0.guide_style,
        gp1_0.is_active,
        gp1_0.is_approved,
        gp1_0.keywords,
        gp1_0.language,
        gp1_0.local_story,
        gp1_0.member_id,
        gp1_0.nickname,
        gp1_0.price_per_hour,
        gp1_0.profile_image,
        gp1_0.region,
        gp1_0.residence_years,
        gp1_0.review_count,
        gp1_0.updated_at 
    from
        guide_profiles gp1_0 
    where
        gp1_0.id=?
2026-04-23 16:05:40.312 TRACE [a635c52e] org.hibernate.orm.jdbc.bind - binding parameter (1:BIGINT) <- [841004]
2026-04-23 16:05:40.313 DEBUG [da082564] org.hibernate.SQL - 
    /* <criteria> */ select
        m1_0.id,
        m1_0.created_at,
        m1_0.email,
        m1_0.name,
        m1_0.nickname,
        m1_0.password,
        m1_0.profile_image_url,
        m1_0.role,
        m1_0.social_type,
        m1_0.status,
        m1_0.updated_at 
    from
        member m1_0 
    where
        m1_0.email=? 
        and m1_0.role=?
2026-04-23 16:05:40.314 TRACE [da082564] org.hibernate.orm.jdbc.bind - binding parameter (1:VARCHAR) <- [guest04@localGuest.com]
2026-04-23 16:05:40.315 TRACE [da082564] org.hibernate.orm.jdbc.bind - binding parameter (2:ENUM) <- [GUEST]
2026-04-23 16:05:40.320 DEBUG [a635c52e] org.hibernate.SQL - 
    /* <criteria> */ select
        gf1_0.id,
        gf1_0.content,
        gf1_0.created_at,
        gf1_0.guide_id,
        gf1_0.image_url,
        gf1_0.is_deleted,
        gf1_0.updated_at 
    from
        guide_feeds gf1_0 
    left join
        guide_profiles gp1_0 
            on gp1_0.id=gf1_0.guide_id 
    where
        gp1_0.id=? 
        and not(gf1_0.is_deleted) 
    order by
        gf1_0.created_at desc
2026-04-23 16:05:40.322 TRACE [a635c52e] org.hibernate.orm.jdbc.bind - binding parameter (1:BIGINT) <- [841004]
2026-04-23 16:05:40.329 DEBUG [da082564] org.hibernate.SQL - 
    /* <criteria> */ select
        r1_0.id,
        r1_0.content,
        r1_0.created_at,
        r1_0.deleted,
        r1_0.deleted_at,
        r1_0.guide_id,
        r1_0.match_request_id,
        r1_0.member_id,
        m1_0.id,
        m1_0.created_at,
        m1_0.email,
        m1_0.name,
        m1_0.nickname,
        m1_0.password,
        m1_0.profile_image_url,
        m1_0.role,
        m1_0.social_type,
        m1_0.status,
        m1_0.updated_at,
        r1_0.rating,
        r1_0.updated_at 
    from
        review r1_0 
    join
        member m1_0 
            on m1_0.id=r1_0.member_id 
    where
        r1_0.member_id=? 
        and not(r1_0.deleted) 
    order by
        r1_0.created_at desc 
    limit
        ?
2026-04-23 16:05:40.332 TRACE [da082564] org.hibernate.orm.jdbc.bind - binding parameter (1:BIGINT) <- [941004]
2026-04-23 16:05:40.332 TRACE [da082564] org.hibernate.orm.jdbc.bind - binding parameter (2:INTEGER) <- [50]
2026-04-23 16:05:40.335 DEBUG [a635c52e] org.hibernate.SQL - 
    /* <criteria> */ select
        gc1_0.id,
        gc1_0.acquired_at,
        gc1_0.created_at,
        gc1_0.description,
        gc1_0.guide_id,
        gc1_0.title,
        gc1_0.updated_at 
    from
        guide_careers gc1_0 
    left join
        guide_profiles gp1_0 
            on gp1_0.id=gc1_0.guide_id 
    where
        gp1_0.id=?
2026-04-23 16:05:40.337 TRACE [a635c52e] org.hibernate.orm.jdbc.bind - binding parameter (1:BIGINT) <- [841004]
2026-04-23 16:05:40.380 DEBUG [a635c52e] org.hibernate.SQL - 
    /* <criteria> */ select
        gi1_0.id,
        gi1_0.created_at,
        gi1_0.guide_id,
        gi1_0.image_url,
        gi1_0.is_main,
        gi1_0.sort_order,
        gi1_0.updated_at 
    from
        guide_images gi1_0 
    left join
        guide_profiles gp1_0 
            on gp1_0.id=gi1_0.guide_id 
    where
        gp1_0.id=? 
    order by
        gi1_0.sort_order
2026-04-23 16:05:40.384 TRACE [a635c52e] org.hibernate.orm.jdbc.bind - binding parameter (1:BIGINT) <- [841004]
2026-04-23 16:05:40.408 INFO  [da082564] c.t.a.logging.MdcLoggingFilter - [HTTP] 요청 완료 - statusCode: 200, latencyMs: 135, requestUri: /api/reviews/me, method: GET
2026-04-23 16:05:40.430 INFO  [a635c52e] c.t.a.logging.MdcLoggingFilter - [HTTP] 요청 완료 - statusCode: 200, latencyMs: 128, requestUri: /api/guides/841004/detail, method: GET
2026-04-23 16:05:40.490 DEBUG [153d6e25] org.hibernate.SQL - 
    /* <criteria> */ select
        m1_0.id,
        m1_0.created_at,
        m1_0.email,
        m1_0.name,
        m1_0.nickname,
        m1_0.password,
        m1_0.profile_image_url,
        m1_0.role,
        m1_0.social_type,
        m1_0.status,
        m1_0.updated_at 
    from
        member m1_0 
    where
        m1_0.email=? 
        and m1_0.role=?
2026-04-23 16:05:40.495 TRACE [153d6e25] org.hibernate.orm.jdbc.bind - binding parameter (1:VARCHAR) <- [guest04@localGuest.com]
2026-04-23 16:05:40.499 TRACE [153d6e25] org.hibernate.orm.jdbc.bind - binding parameter (2:ENUM) <- [GUEST]
2026-04-23 16:05:40.539 DEBUG [e8e6d7df] org.hibernate.SQL - 
    /* <criteria> */ select
        m1_0.id,
        m1_0.created_at,
        m1_0.email,
        m1_0.name,
        m1_0.nickname,
        m1_0.password,
        m1_0.profile_image_url,
        m1_0.role,
        m1_0.social_type,
        m1_0.status,
        m1_0.updated_at 
    from
        member m1_0 
    where
        m1_0.email=? 
        and m1_0.role=?
2026-04-23 16:05:40.546 TRACE [e8e6d7df] org.hibernate.orm.jdbc.bind - binding parameter (1:VARCHAR) <- [guest04@localGuest.com]
2026-04-23 16:05:40.556 TRACE [e8e6d7df] org.hibernate.orm.jdbc.bind - binding parameter (2:ENUM) <- [GUEST]
2026-04-23 16:05:40.552 DEBUG [153d6e25] org.hibernate.SQL - 
    /* <criteria> */ select
        mr1_0.id,
        mr1_0.budget_max_won,
        mr1_0.budget_min_won,
        mr1_0.cancel_reason,
        mr1_0.cancelled_by,
        mr1_0.concept,
        mr1_0.concept_summary,
        mr1_0.created_at,
        mr1_0.desired_budget,
        mr1_0.desired_date,
        mr1_0.destination,
        mr1_0.guest_id,
        mr1_0.guide_id,
        mr1_0.guide_schedule_id,
        mr1_0.propose_message,
        mr1_0.proposed_schedule,
        mr1_0.status,
        mr1_0.updated_at 
    from
        match_request mr1_0 
    where
        mr1_0.guest_id=?
2026-04-23 16:05:40.553 DEBUG [c54dd2cd] org.hibernate.SQL - 
    /* <criteria> */ select
        m1_0.id,
        m1_0.created_at,
        m1_0.email,
        m1_0.name,
        m1_0.nickname,
        m1_0.password,
        m1_0.profile_image_url,
        m1_0.role,
        m1_0.social_type,
        m1_0.status,
        m1_0.updated_at 
    from
        member m1_0 
    where
        m1_0.email=? 
        and m1_0.role=?
2026-04-23 16:05:40.576 TRACE [153d6e25] org.hibernate.orm.jdbc.bind - binding parameter (1:BIGINT) <- [941004]
2026-04-23 16:05:40.584 TRACE [c54dd2cd] org.hibernate.orm.jdbc.bind - binding parameter (1:VARCHAR) <- [guest04@localGuest.com]
2026-04-23 16:05:40.588 TRACE [c54dd2cd] org.hibernate.orm.jdbc.bind - binding parameter (2:ENUM) <- [GUEST]
2026-04-23 16:05:40.592 DEBUG [5d594460] org.hibernate.SQL - 
    select
        gp1_0.id,
        gp1_0.average_rating,
        gp1_0.bio,
        gp1_0.created_at,
        gp1_0.default_course,
        gp1_0.guide_style,
        gp1_0.is_active,
        gp1_0.is_approved,
        gp1_0.keywords,
        gp1_0.language,
        gp1_0.local_story,
        gp1_0.member_id,
        gp1_0.nickname,
        gp1_0.price_per_hour,
        gp1_0.profile_image,
        gp1_0.region,
        gp1_0.residence_years,
        gp1_0.review_count,
        gp1_0.updated_at 
    from
        guide_profiles gp1_0 
    where
        gp1_0.id=?
2026-04-23 16:05:40.600 TRACE [5d594460] org.hibernate.orm.jdbc.bind - binding parameter (1:BIGINT) <- [841004]
2026-04-23 16:05:40.660 INFO  [e8e6d7df] c.t.a.logging.MdcLoggingFilter - [HTTP] 요청 완료 - statusCode: 200, latencyMs: 232, requestUri: /api/members/me/profile, method: GET
2026-04-23 16:05:40.664 DEBUG [5d594460] org.hibernate.SQL - 
    /* <criteria> */ select
        gf1_0.id,
        gf1_0.content,
        gf1_0.created_at,
        gf1_0.guide_id,
        gf1_0.image_url,
        gf1_0.is_deleted,
        gf1_0.updated_at 
    from
        guide_feeds gf1_0 
    left join
        guide_profiles gp1_0 
            on gp1_0.id=gf1_0.guide_id 
    where
        gp1_0.id=? 
        and not(gf1_0.is_deleted) 
    order by
        gf1_0.created_at desc
2026-04-23 16:05:40.685 TRACE [5d594460] org.hibernate.orm.jdbc.bind - binding parameter (1:BIGINT) <- [841004]
2026-04-23 16:05:40.733 DEBUG [5d594460] org.hibernate.SQL - 
    /* <criteria> */ select
        gc1_0.id,
        gc1_0.acquired_at,
        gc1_0.created_at,
        gc1_0.description,
        gc1_0.guide_id,
        gc1_0.title,
        gc1_0.updated_at 
    from
        guide_careers gc1_0 
    left join
        guide_profiles gp1_0 
            on gp1_0.id=gc1_0.guide_id 
    where
        gp1_0.id=?
2026-04-23 16:05:40.739 TRACE [5d594460] org.hibernate.orm.jdbc.bind - binding parameter (1:BIGINT) <- [841004]
2026-04-23 16:05:40.743 INFO  [153d6e25] c.t.a.logging.MdcLoggingFilter - [HTTP] 요청 완료 - statusCode: 200, latencyMs: 329, requestUri: /api/matching/requests/guest/list, method: GET
2026-04-23 16:05:40.833 DEBUG [5d594460] org.hibernate.SQL - 
    /* <criteria> */ select
        gi1_0.id,
        gi1_0.created_at,
        gi1_0.guide_id,
        gi1_0.image_url,
        gi1_0.is_main,
        gi1_0.sort_order,
        gi1_0.updated_at 
    from
        guide_images gi1_0 
    left join
        guide_profiles gp1_0 
            on gp1_0.id=gi1_0.guide_id 
    where
        gp1_0.id=? 
    order by
        gi1_0.sort_order
2026-04-23 16:05:40.840 TRACE [5d594460] org.hibernate.orm.jdbc.bind - binding parameter (1:BIGINT) <- [841004]
2026-04-23 16:05:40.891 DEBUG [c54dd2cd] org.hibernate.SQL - 
    /* <criteria> */ select
        p1_0.id,
        p1_0.amount,
        p1_0.created_at,
        p1_0.match_request_id,
        p1_0.paid_at,
        p1_0.payer_id,
        p1_0.payment_type,
        p1_0.pg_order_no,
        p1_0.pg_transaction_id,
        p1_0.refund_deadline,
        p1_0.status,
        p1_0.updated_at 
    from
        payment p1_0 
    where
        p1_0.payer_id=?
2026-04-23 16:05:40.897 TRACE [c54dd2cd] org.hibernate.orm.jdbc.bind - binding parameter (1:BIGINT) <- [941004]
2026-04-23 16:05:40.949 DEBUG [2752e430] org.hibernate.SQL - 
    /* <criteria> */ select
        m1_0.id,
        m1_0.created_at,
        m1_0.email,
        m1_0.name,
        m1_0.nickname,
        m1_0.password,
        m1_0.profile_image_url,
        m1_0.role,
        m1_0.social_type,
        m1_0.status,
        m1_0.updated_at 
    from
        member m1_0 
    where
        m1_0.email=? 
        and m1_0.role=?
2026-04-23 16:05:40.976 DEBUG [9f7eb13e] org.hibernate.SQL - 
    /* <criteria> */ select
        m1_0.id,
        m1_0.created_at,
        m1_0.email,
        m1_0.name,
        m1_0.nickname,
        m1_0.password,
        m1_0.profile_image_url,
        m1_0.role,
        m1_0.social_type,
        m1_0.status,
        m1_0.updated_at 
    from
        member m1_0 
    where
        m1_0.email=? 
        and m1_0.role=?
2026-04-23 16:05:40.984 TRACE [2752e430] org.hibernate.orm.jdbc.bind - binding parameter (1:VARCHAR) <- [guest04@localGuest.com]
2026-04-23 16:05:40.990 TRACE [2752e430] org.hibernate.orm.jdbc.bind - binding parameter (2:ENUM) <- [GUEST]
2026-04-23 16:05:40.985 TRACE [9f7eb13e] org.hibernate.orm.jdbc.bind - binding parameter (1:VARCHAR) <- [guest04@localGuest.com]
2026-04-23 16:05:41.006 TRACE [9f7eb13e] org.hibernate.orm.jdbc.bind - binding parameter (2:ENUM) <- [GUEST]
2026-04-23 16:05:41.075 INFO  [5d594460] c.t.a.logging.MdcLoggingFilter - [HTTP] 요청 완료 - statusCode: 200, latencyMs: 550, requestUri: /api/guides/841004/detail, method: GET
2026-04-23 16:05:41.087 INFO  [2752e430] c.t.a.logging.MdcLoggingFilter - [HTTP] 요청 완료 - statusCode: 200, latencyMs: 339, requestUri: /api/members/me/profile, method: GET
2026-04-23 16:05:41.101 DEBUG [9f7eb13e] org.hibernate.SQL - 
    /* <criteria> */ select
        mr1_0.id,
        mr1_0.budget_max_won,
        mr1_0.budget_min_won,
        mr1_0.cancel_reason,
        mr1_0.cancelled_by,
        mr1_0.concept,
        mr1_0.concept_summary,
        mr1_0.created_at,
        mr1_0.desired_budget,
        mr1_0.desired_date,
        mr1_0.destination,
        mr1_0.guest_id,
        mr1_0.guide_id,
        mr1_0.guide_schedule_id,
        mr1_0.propose_message,
        mr1_0.proposed_schedule,
        mr1_0.status,
        mr1_0.updated_at 
    from
        match_request mr1_0 
    where
        mr1_0.guest_id=?
2026-04-23 16:05:41.109 TRACE [9f7eb13e] org.hibernate.orm.jdbc.bind - binding parameter (1:BIGINT) <- [941004]
2026-04-23 16:05:41.208 INFO  [9f7eb13e] c.t.a.logging.MdcLoggingFilter - [HTTP] 요청 완료 - statusCode: 200, latencyMs: 367, requestUri: /api/matching/requests/guest/list, method: GET
2026-04-23 16:05:41.231 DEBUG [330023af] org.hibernate.SQL - 
    select
        gs1_0.id,
        gs1_0.available_date,
        gs1_0.course_detail,
        gs1_0.created_at,
        gs1_0.end_time,
        gs1_0.guide_message,
        gs1_0.guide_id,
        gs1_0.is_paid,
        gs1_0.match_request_id,
        gs1_0.meeting_point,
        gs1_0.start_time,
        gs1_0.status,
        gs1_0.updated_at 
    from
        guide_schedules gs1_0 
    where
        gs1_0.id=?
2026-04-23 16:05:41.235 TRACE [330023af] org.hibernate.orm.jdbc.bind - binding parameter (1:BIGINT) <- [851054]
2026-04-23 16:05:41.582 INFO  [c54dd2cd] c.t.a.logging.MdcLoggingFilter - [HTTP] 요청 완료 - statusCode: 200, latencyMs: 1142, requestUri: /api/matching/payments/guest/list, method: GET
2026-04-23 16:05:41.616 WARN  [330023af] c.t.d.g.e.GuideExceptionHandler - [GuideException] status=403, message=본인의 프로필만 수정할 수 있습니다
2026-04-23 16:05:41.685 DEBUG [fea8354a] org.hibernate.SQL - 
    /* <criteria> */ select
        m1_0.id,
        m1_0.created_at,
        m1_0.email,
        m1_0.name,
        m1_0.nickname,
        m1_0.password,
        m1_0.profile_image_url,
        m1_0.role,
        m1_0.social_type,
        m1_0.status,
        m1_0.updated_at 
    from
        member m1_0 
    where
        m1_0.email=? 
        and m1_0.role=?
2026-04-23 16:05:41.685 DEBUG [3f1a8460] org.hibernate.SQL - 
    select
        gp1_0.id,
        gp1_0.average_rating,
        gp1_0.bio,
        gp1_0.created_at,
        gp1_0.default_course,
        gp1_0.guide_style,
        gp1_0.is_active,
        gp1_0.is_approved,
        gp1_0.keywords,
        gp1_0.language,
        gp1_0.local_story,
        gp1_0.member_id,
        gp1_0.nickname,
        gp1_0.price_per_hour,
        gp1_0.profile_image,
        gp1_0.region,
        gp1_0.residence_years,
        gp1_0.review_count,
        gp1_0.updated_at 
    from
        guide_profiles gp1_0 
    where
        gp1_0.id=?
2026-04-23 16:05:41.688 TRACE [fea8354a] org.hibernate.orm.jdbc.bind - binding parameter (1:VARCHAR) <- [guest04@localGuest.com]
2026-04-23 16:05:41.689 TRACE [fea8354a] org.hibernate.orm.jdbc.bind - binding parameter (2:ENUM) <- [GUEST]
2026-04-23 16:05:41.690 TRACE [3f1a8460] org.hibernate.orm.jdbc.bind - binding parameter (1:BIGINT) <- [841074]
2026-04-23 16:05:41.722 INFO  [330023af] c.t.a.logging.MdcLoggingFilter - [HTTP] 요청 완료 - statusCode: 403, latencyMs: 1173, requestUri: /api/guides/841004/schedules/851054/form, method: GET
2026-04-23 16:05:41.731 DEBUG [fea8354a] org.hibernate.SQL - 
    /* <criteria> */ select
        p1_0.id,
        p1_0.amount,
        p1_0.created_at,
        p1_0.match_request_id,
        p1_0.paid_at,
        p1_0.payer_id,
        p1_0.payment_type,
        p1_0.pg_order_no,
        p1_0.pg_transaction_id,
        p1_0.refund_deadline,
        p1_0.status,
        p1_0.updated_at 
    from
        payment p1_0 
    where
        p1_0.payer_id=?
2026-04-23 16:05:41.737 TRACE [fea8354a] org.hibernate.orm.jdbc.bind - binding parameter (1:BIGINT) <- [941004]
2026-04-23 16:05:41.740 INFO  [3f1a8460] c.t.a.logging.MdcLoggingFilter - [HTTP] 요청 완료 - statusCode: 200, latencyMs: 102, requestUri: /api/guides/841074, method: GET
2026-04-23 16:05:41.852 DEBUG [405e2d04] org.hibernate.SQL - 
    select
        gs1_0.id,
        gs1_0.available_date,
        gs1_0.course_detail,
        gs1_0.created_at,
        gs1_0.end_time,
        gs1_0.guide_message,
        gs1_0.guide_id,
        gs1_0.is_paid,
        gs1_0.match_request_id,
        gs1_0.meeting_point,
        gs1_0.start_time,
        gs1_0.status,
        gs1_0.updated_at 
    from
        guide_schedules gs1_0 
    where
        gs1_0.id=?
2026-04-23 16:05:41.856 TRACE [405e2d04] org.hibernate.orm.jdbc.bind - binding parameter (1:BIGINT) <- [851054]
2026-04-23 16:05:41.856 DEBUG [091cadd0] org.hibernate.SQL - 
    select
        gp1_0.id,
        gp1_0.average_rating,
        gp1_0.bio,
        gp1_0.created_at,
        gp1_0.default_course,
        gp1_0.guide_style,
        gp1_0.is_active,
        gp1_0.is_approved,
        gp1_0.keywords,
        gp1_0.language,
        gp1_0.local_story,
        gp1_0.member_id,
        gp1_0.nickname,
        gp1_0.price_per_hour,
        gp1_0.profile_image,
        gp1_0.region,
        gp1_0.residence_years,
        gp1_0.review_count,
        gp1_0.updated_at 
    from
        guide_profiles gp1_0 
    where
        gp1_0.id=?
2026-04-23 16:05:41.861 TRACE [091cadd0] org.hibernate.orm.jdbc.bind - binding parameter (1:BIGINT) <- [841024]
2026-04-23 16:05:41.873 INFO  [fea8354a] c.t.a.logging.MdcLoggingFilter - [HTTP] 요청 완료 - statusCode: 200, latencyMs: 253, requestUri: /api/matching/payments/guest/list, method: GET
2026-04-23 16:05:41.897 INFO  [091cadd0] c.t.a.logging.MdcLoggingFilter - [HTTP] 요청 완료 - statusCode: 200, latencyMs: 93, requestUri: /api/guides/841024, method: GET
2026-04-23 16:05:41.929 WARN  [405e2d04] c.t.d.g.e.GuideExceptionHandler - [GuideException] status=403, message=본인의 프로필만 수정할 수 있습니다
2026-04-23 16:05:41.940 DEBUG [eef8de60] org.hibernate.SQL - 
    select
        gp1_0.id,
        gp1_0.average_rating,
        gp1_0.bio,
        gp1_0.created_at,
        gp1_0.default_course,
        gp1_0.guide_style,
        gp1_0.is_active,
        gp1_0.is_approved,
        gp1_0.keywords,
        gp1_0.language,
        gp1_0.local_story,
        gp1_0.member_id,
        gp1_0.nickname,
        gp1_0.price_per_hour,
        gp1_0.profile_image,
        gp1_0.region,
        gp1_0.residence_years,
        gp1_0.review_count,
        gp1_0.updated_at 
    from
        guide_profiles gp1_0 
    where
        gp1_0.id=?
2026-04-23 16:05:41.944 TRACE [eef8de60] org.hibernate.orm.jdbc.bind - binding parameter (1:BIGINT) <- [841074]
2026-04-23 16:05:41.944 INFO  [405e2d04] c.t.a.logging.MdcLoggingFilter - [HTTP] 요청 완료 - statusCode: 403, latencyMs: 174, requestUri: /api/guides/841004/schedules/851054/form, method: GET
2026-04-23 16:05:41.979 INFO  [eef8de60] c.t.a.logging.MdcLoggingFilter - [HTTP] 요청 완료 - statusCode: 200, latencyMs: 62, requestUri: /api/guides/841074, method: GET
2026-04-23 16:05:42.036 DEBUG [94f0c945] org.hibernate.SQL - 
    select
        gp1_0.id,
        gp1_0.average_rating,
        gp1_0.bio,
        gp1_0.created_at,
        gp1_0.default_course,
        gp1_0.guide_style,
        gp1_0.is_active,
        gp1_0.is_approved,
        gp1_0.keywords,
        gp1_0.language,
        gp1_0.local_story,
        gp1_0.member_id,
        gp1_0.nickname,
        gp1_0.price_per_hour,
        gp1_0.profile_image,
        gp1_0.region,
        gp1_0.residence_years,
        gp1_0.review_count,
        gp1_0.updated_at 
    from
        guide_profiles gp1_0 
    where
        gp1_0.id=?
2026-04-23 16:05:42.040 TRACE [94f0c945] org.hibernate.orm.jdbc.bind - binding parameter (1:BIGINT) <- [841024]
2026-04-23 16:05:42.066 INFO  [94f0c945] c.t.a.logging.MdcLoggingFilter - [HTTP] 요청 완료 - statusCode: 200, latencyMs: 51, requestUri: /api/guides/841024, method: GET
2026-04-23 16:05:44.807 DEBUG [f24e791e] org.hibernate.SQL - 
    select
        gp1_0.id,
        gp1_0.average_rating,
        gp1_0.bio,
        gp1_0.created_at,
        gp1_0.default_course,
        gp1_0.guide_style,
        gp1_0.is_active,
        gp1_0.is_approved,
        gp1_0.keywords,
        gp1_0.language,
        gp1_0.local_story,
        gp1_0.member_id,
        gp1_0.nickname,
        gp1_0.price_per_hour,
        gp1_0.profile_image,
        gp1_0.region,
        gp1_0.residence_years,
        gp1_0.review_count,
        gp1_0.updated_at 
    from
        guide_profiles gp1_0 
    where
        gp1_0.id=?
2026-04-23 16:05:44.832 TRACE [f24e791e] org.hibernate.orm.jdbc.bind - binding parameter (1:BIGINT) <- [841074]
2026-04-23 16:05:44.983 DEBUG [f24e791e] org.hibernate.SQL - 
    /* <criteria> */ select
        gf1_0.id,
        gf1_0.content,
        gf1_0.created_at,
        gf1_0.guide_id,
        gf1_0.image_url,
        gf1_0.is_deleted,
        gf1_0.updated_at 
    from
        guide_feeds gf1_0 
    left join
        guide_profiles gp1_0 
            on gp1_0.id=gf1_0.guide_id 
    where
        gp1_0.id=? 
        and not(gf1_0.is_deleted) 
    order by
        gf1_0.created_at desc
2026-04-23 16:05:45.066 DEBUG [77f3ba7d] org.hibernate.SQL - 
    /* <criteria> */ select
        m1_0.id,
        m1_0.created_at,
        m1_0.email,
        m1_0.name,
        m1_0.nickname,
        m1_0.password,
        m1_0.profile_image_url,
        m1_0.role,
        m1_0.social_type,
        m1_0.status,
        m1_0.updated_at 
    from
        member m1_0 
    where
        m1_0.email=? 
        and m1_0.role=?
2026-04-23 16:05:45.090 TRACE [f24e791e] org.hibernate.orm.jdbc.bind - binding parameter (1:BIGINT) <- [841074]
2026-04-23 16:05:45.112 TRACE [77f3ba7d] org.hibernate.orm.jdbc.bind - binding parameter (1:VARCHAR) <- [guest04@localGuest.com]
2026-04-23 16:05:45.126 TRACE [77f3ba7d] org.hibernate.orm.jdbc.bind - binding parameter (2:ENUM) <- [GUEST]
2026-04-23 16:05:45.216 DEBUG [f24e791e] org.hibernate.SQL - 
    /* <criteria> */ select
        gc1_0.id,
        gc1_0.acquired_at,
        gc1_0.created_at,
        gc1_0.description,
        gc1_0.guide_id,
        gc1_0.title,
        gc1_0.updated_at 
    from
        guide_careers gc1_0 
    left join
        guide_profiles gp1_0 
            on gp1_0.id=gc1_0.guide_id 
    where
        gp1_0.id=?
2026-04-23 16:05:45.293 TRACE [f24e791e] org.hibernate.orm.jdbc.bind - binding parameter (1:BIGINT) <- [841074]
2026-04-23 16:05:45.357 DEBUG [77f3ba7d] org.hibernate.SQL - 
    /* <criteria> */ select
        mr1_0.id,
        mr1_0.budget_max_won,
        mr1_0.budget_min_won,
        mr1_0.cancel_reason,
        mr1_0.cancelled_by,
        mr1_0.concept,
        mr1_0.concept_summary,
        mr1_0.created_at,
        mr1_0.desired_budget,
        mr1_0.desired_date,
        mr1_0.destination,
        mr1_0.guest_id,
        mr1_0.guide_id,
        mr1_0.guide_schedule_id,
        mr1_0.propose_message,
        mr1_0.proposed_schedule,
        mr1_0.status,
        mr1_0.updated_at 
    from
        match_request mr1_0 
    where
        mr1_0.guest_id=?
2026-04-23 16:05:45.431 TRACE [77f3ba7d] org.hibernate.orm.jdbc.bind - binding parameter (1:BIGINT) <- [941004]
2026-04-23 16:05:45.499 DEBUG [f24e791e] org.hibernate.SQL - 
    /* <criteria> */ select
        gi1_0.id,
        gi1_0.created_at,
        gi1_0.guide_id,
        gi1_0.image_url,
        gi1_0.is_main,
        gi1_0.sort_order,
        gi1_0.updated_at 
    from
        guide_images gi1_0 
    left join
        guide_profiles gp1_0 
            on gp1_0.id=gi1_0.guide_id 
    where
        gp1_0.id=? 
    order by
        gi1_0.sort_order
2026-04-23 16:05:45.537 TRACE [f24e791e] org.hibernate.orm.jdbc.bind - binding parameter (1:BIGINT) <- [841074]
2026-04-23 16:05:45.672 INFO  [77f3ba7d] c.t.a.logging.MdcLoggingFilter - [HTTP] 요청 완료 - statusCode: 200, latencyMs: 971, requestUri: /api/matching/requests/guest/list, method: GET
2026-04-23 16:05:45.712 INFO  [f24e791e] c.t.a.logging.MdcLoggingFilter - [HTTP] 요청 완료 - statusCode: 200, latencyMs: 1009, requestUri: /api/guides/841074/detail, method: GET
2026-04-23 16:05:45.876 DEBUG [04adf094] org.hibernate.SQL - 
    /* <criteria> */ select
        m1_0.id,
        m1_0.created_at,
        m1_0.email,
        m1_0.name,
        m1_0.nickname,
        m1_0.password,
        m1_0.profile_image_url,
        m1_0.role,
        m1_0.social_type,
        m1_0.status,
        m1_0.updated_at 
    from
        member m1_0 
    where
        m1_0.email=? 
        and m1_0.role=?
2026-04-23 16:05:45.886 TRACE [04adf094] org.hibernate.orm.jdbc.bind - binding parameter (1:VARCHAR) <- [guest04@localGuest.com]
2026-04-23 16:05:45.899 TRACE [04adf094] org.hibernate.orm.jdbc.bind - binding parameter (2:ENUM) <- [GUEST]
2026-04-23 16:05:45.946 DEBUG [f55ea6e5] org.hibernate.SQL - 
    select
        gp1_0.id,
        gp1_0.average_rating,
        gp1_0.bio,
        gp1_0.created_at,
        gp1_0.default_course,
        gp1_0.guide_style,
        gp1_0.is_active,
        gp1_0.is_approved,
        gp1_0.keywords,
        gp1_0.language,
        gp1_0.local_story,
        gp1_0.member_id,
        gp1_0.nickname,
        gp1_0.price_per_hour,
        gp1_0.profile_image,
        gp1_0.region,
        gp1_0.residence_years,
        gp1_0.review_count,
        gp1_0.updated_at 
    from
        guide_profiles gp1_0 
    where
        gp1_0.id=?
2026-04-23 16:05:45.959 TRACE [f55ea6e5] org.hibernate.orm.jdbc.bind - binding parameter (1:BIGINT) <- [841074]
2026-04-23 16:05:45.952 DEBUG [04adf094] org.hibernate.SQL - 
    /* <criteria> */ select
        mr1_0.id,
        mr1_0.budget_max_won,
        mr1_0.budget_min_won,
        mr1_0.cancel_reason,
        mr1_0.cancelled_by,
        mr1_0.concept,
        mr1_0.concept_summary,
        mr1_0.created_at,
        mr1_0.desired_budget,
        mr1_0.desired_date,
        mr1_0.destination,
        mr1_0.guest_id,
        mr1_0.guide_id,
        mr1_0.guide_schedule_id,
        mr1_0.propose_message,
        mr1_0.proposed_schedule,
        mr1_0.status,
        mr1_0.updated_at 
    from
        match_request mr1_0 
    where
        mr1_0.guest_id=?
2026-04-23 16:05:45.979 TRACE [04adf094] org.hibernate.orm.jdbc.bind - binding parameter (1:BIGINT) <- [941004]
2026-04-23 16:05:46.014 DEBUG [eede814a] org.hibernate.SQL - 
    select
        gs1_0.id,
        gs1_0.available_date,
        gs1_0.course_detail,
        gs1_0.created_at,
        gs1_0.end_time,
        gs1_0.guide_message,
        gs1_0.guide_id,
        gs1_0.is_paid,
        gs1_0.match_request_id,
        gs1_0.meeting_point,
        gs1_0.start_time,
        gs1_0.status,
        gs1_0.updated_at 
    from
        guide_schedules gs1_0 
    where
        gs1_0.id=?
2026-04-23 16:05:46.037 TRACE [eede814a] org.hibernate.orm.jdbc.bind - binding parameter (1:BIGINT) <- [851074]
2026-04-23 16:05:46.041 DEBUG [f55ea6e5] org.hibernate.SQL - 
    /* <criteria> */ select
        gf1_0.id,
        gf1_0.content,
        gf1_0.created_at,
        gf1_0.guide_id,
        gf1_0.image_url,
        gf1_0.is_deleted,
        gf1_0.updated_at 
    from
        guide_feeds gf1_0 
    left join
        guide_profiles gp1_0 
            on gp1_0.id=gf1_0.guide_id 
    where
        gp1_0.id=? 
        and not(gf1_0.is_deleted) 
    order by
        gf1_0.created_at desc
2026-04-23 16:05:46.063 TRACE [f55ea6e5] org.hibernate.orm.jdbc.bind - binding parameter (1:BIGINT) <- [841074]
2026-04-23 16:05:46.097 INFO  [04adf094] c.t.a.logging.MdcLoggingFilter - [HTTP] 요청 완료 - statusCode: 200, latencyMs: 384, requestUri: /api/matching/requests/guest/list, method: GET
2026-04-23 16:05:46.114 DEBUG [f55ea6e5] org.hibernate.SQL - 
    /* <criteria> */ select
        gc1_0.id,
        gc1_0.acquired_at,
        gc1_0.created_at,
        gc1_0.description,
        gc1_0.guide_id,
        gc1_0.title,
        gc1_0.updated_at 
    from
        guide_careers gc1_0 
    left join
        guide_profiles gp1_0 
            on gp1_0.id=gc1_0.guide_id 
    where
        gp1_0.id=?
2026-04-23 16:05:46.120 TRACE [f55ea6e5] org.hibernate.orm.jdbc.bind - binding parameter (1:BIGINT) <- [841074]
2026-04-23 16:05:46.173 DEBUG [f55ea6e5] org.hibernate.SQL - 
    /* <criteria> */ select
        gi1_0.id,
        gi1_0.created_at,
        gi1_0.guide_id,
        gi1_0.image_url,
        gi1_0.is_main,
        gi1_0.sort_order,
        gi1_0.updated_at 
    from
        guide_images gi1_0 
    left join
        guide_profiles gp1_0 
            on gp1_0.id=gi1_0.guide_id 
    where
        gp1_0.id=? 
    order by
        gi1_0.sort_order
2026-04-23 16:05:46.184 TRACE [f55ea6e5] org.hibernate.orm.jdbc.bind - binding parameter (1:BIGINT) <- [841074]
2026-04-23 16:05:46.225 INFO  [f55ea6e5] c.t.a.logging.MdcLoggingFilter - [HTTP] 요청 완료 - statusCode: 200, latencyMs: 336, requestUri: /api/guides/841074/detail, method: GET
2026-04-23 16:05:46.231 INFO  [eede814a] c.t.a.logging.MdcLoggingFilter - [HTTP] 요청 완료 - statusCode: 200, latencyMs: 314, requestUri: /api/guides/841074/schedules/851074/form, method: GET
2026-04-23 16:05:46.398 DEBUG [e04b0078] org.hibernate.SQL - 
    select
        gs1_0.id,
        gs1_0.available_date,
        gs1_0.course_detail,
        gs1_0.created_at,
        gs1_0.end_time,
        gs1_0.guide_message,
        gs1_0.guide_id,
        gs1_0.is_paid,
        gs1_0.match_request_id,
        gs1_0.meeting_point,
        gs1_0.start_time,
        gs1_0.status,
        gs1_0.updated_at 
    from
        guide_schedules gs1_0 
    where
        gs1_0.id=?
2026-04-23 16:05:46.406 TRACE [e04b0078] org.hibernate.orm.jdbc.bind - binding parameter (1:BIGINT) <- [851074]
2026-04-23 16:05:46.460 INFO  [e04b0078] c.t.a.logging.MdcLoggingFilter - [HTTP] 요청 완료 - statusCode: 200, latencyMs: 163, requestUri: /api/guides/841074/schedules/851074/form, method: GET
2026-04-23 16:05:48.992 DEBUG [78e043e4] org.hibernate.SQL - 
    /* <criteria> */ select
        m1_0.id,
        m1_0.created_at,
        m1_0.email,
        m1_0.name,
        m1_0.nickname,
        m1_0.password,
        m1_0.profile_image_url,
        m1_0.role,
        m1_0.social_type,
        m1_0.status,
        m1_0.updated_at 
    from
        member m1_0 
    where
        m1_0.email=? 
        and m1_0.role=?
2026-04-23 16:05:48.997 DEBUG [1da07647] org.hibernate.SQL - 
    /* <criteria> */ select
        m1_0.id,
        m1_0.created_at,
        m1_0.email,
        m1_0.name,
        m1_0.nickname,
        m1_0.password,
        m1_0.profile_image_url,
        m1_0.role,
        m1_0.social_type,
        m1_0.status,
        m1_0.updated_at 
    from
        member m1_0 
    where
        m1_0.email=? 
        and m1_0.role=?
2026-04-23 16:05:49.005 TRACE [78e043e4] org.hibernate.orm.jdbc.bind - binding parameter (1:VARCHAR) <- [guest04@localGuest.com]
2026-04-23 16:05:49.007 TRACE [1da07647] org.hibernate.orm.jdbc.bind - binding parameter (1:VARCHAR) <- [guest04@localGuest.com]
2026-04-23 16:05:49.007 TRACE [78e043e4] org.hibernate.orm.jdbc.bind - binding parameter (2:ENUM) <- [GUEST]
2026-04-23 16:05:49.010 TRACE [1da07647] org.hibernate.orm.jdbc.bind - binding parameter (2:ENUM) <- [GUEST]
2026-04-23 16:05:49.020 DEBUG [df05e9ee] org.hibernate.SQL - 
    /* <criteria> */ select
        m1_0.id,
        m1_0.created_at,
        m1_0.email,
        m1_0.name,
        m1_0.nickname,
        m1_0.password,
        m1_0.profile_image_url,
        m1_0.role,
        m1_0.social_type,
        m1_0.status,
        m1_0.updated_at 
    from
        member m1_0 
    where
        m1_0.email=? 
        and m1_0.role=?
2026-04-23 16:05:49.027 TRACE [df05e9ee] org.hibernate.orm.jdbc.bind - binding parameter (1:VARCHAR) <- [guest04@localGuest.com]
2026-04-23 16:05:49.038 TRACE [df05e9ee] org.hibernate.orm.jdbc.bind - binding parameter (2:ENUM) <- [GUEST]
2026-04-23 16:05:49.053 DEBUG [1da07647] org.hibernate.SQL - 
    /* <criteria> */ select
        mr1_0.id,
        mr1_0.budget_max_won,
        mr1_0.budget_min_won,
        mr1_0.cancel_reason,
        mr1_0.cancelled_by,
        mr1_0.concept,
        mr1_0.concept_summary,
        mr1_0.created_at,
        mr1_0.desired_budget,
        mr1_0.desired_date,
        mr1_0.destination,
        mr1_0.guest_id,
        mr1_0.guide_id,
        mr1_0.guide_schedule_id,
        mr1_0.propose_message,
        mr1_0.proposed_schedule,
        mr1_0.status,
        mr1_0.updated_at 
    from
        match_request mr1_0 
    where
        mr1_0.guest_id=?
2026-04-23 16:05:49.053 DEBUG [78e043e4] org.hibernate.SQL - 
    /* <criteria> */ select
        p1_0.id,
        p1_0.amount,
        p1_0.created_at,
        p1_0.match_request_id,
        p1_0.paid_at,
        p1_0.payer_id,
        p1_0.payment_type,
        p1_0.pg_order_no,
        p1_0.pg_transaction_id,
        p1_0.refund_deadline,
        p1_0.status,
        p1_0.updated_at 
    from
        payment p1_0 
    where
        p1_0.payer_id=?
2026-04-23 16:05:49.055 TRACE [1da07647] org.hibernate.orm.jdbc.bind - binding parameter (1:BIGINT) <- [941004]
2026-04-23 16:05:49.055 TRACE [78e043e4] org.hibernate.orm.jdbc.bind - binding parameter (1:BIGINT) <- [941004]
2026-04-23 16:05:49.071 INFO  [df05e9ee] c.t.a.logging.MdcLoggingFilter - [HTTP] 요청 완료 - statusCode: 200, latencyMs: 136, requestUri: /api/members/me/profile, method: GET
2026-04-23 16:05:49.103 INFO  [1da07647] c.t.a.logging.MdcLoggingFilter - [HTTP] 요청 완료 - statusCode: 200, latencyMs: 175, requestUri: /api/matching/requests/guest/list, method: GET
2026-04-23 16:05:49.118 INFO  [78e043e4] c.t.a.logging.MdcLoggingFilter - [HTTP] 요청 완료 - statusCode: 200, latencyMs: 187, requestUri: /api/matching/payments/guest/list, method: GET
2026-04-23 16:05:49.207 DEBUG [1ebc38de] org.hibernate.SQL - 
    /* <criteria> */ select
        m1_0.id,
        m1_0.created_at,
        m1_0.email,
        m1_0.name,
        m1_0.nickname,
        m1_0.password,
        m1_0.profile_image_url,
        m1_0.role,
        m1_0.social_type,
        m1_0.status,
        m1_0.updated_at 
    from
        member m1_0 
    where
        m1_0.email=? 
        and m1_0.role=?
2026-04-23 16:05:49.215 TRACE [1ebc38de] org.hibernate.orm.jdbc.bind - binding parameter (1:VARCHAR) <- [guest04@localGuest.com]
2026-04-23 16:05:49.216 TRACE [1ebc38de] org.hibernate.orm.jdbc.bind - binding parameter (2:ENUM) <- [GUEST]
2026-04-23 16:05:49.256 DEBUG [b89a3305] org.hibernate.SQL - 
    /* <criteria> */ select
        m1_0.id,
        m1_0.created_at,
        m1_0.email,
        m1_0.name,
        m1_0.nickname,
        m1_0.password,
        m1_0.profile_image_url,
        m1_0.role,
        m1_0.social_type,
        m1_0.status,
        m1_0.updated_at 
    from
        member m1_0 
    where
        m1_0.email=? 
        and m1_0.role=?
2026-04-23 16:05:49.260 INFO  [1ebc38de] c.t.a.logging.MdcLoggingFilter - [HTTP] 요청 완료 - statusCode: 200, latencyMs: 131, requestUri: /api/members/me/profile, method: GET
2026-04-23 16:05:49.262 TRACE [b89a3305] org.hibernate.orm.jdbc.bind - binding parameter (1:VARCHAR) <- [guest04@localGuest.com]
2026-04-23 16:05:49.264 TRACE [b89a3305] org.hibernate.orm.jdbc.bind - binding parameter (2:ENUM) <- [GUEST]
2026-04-23 16:05:49.264 DEBUG [5a806353] org.hibernate.SQL - 
    /* <criteria> */ select
        m1_0.id,
        m1_0.created_at,
        m1_0.email,
        m1_0.name,
        m1_0.nickname,
        m1_0.password,
        m1_0.profile_image_url,
        m1_0.role,
        m1_0.social_type,
        m1_0.status,
        m1_0.updated_at 
    from
        member m1_0 
    where
        m1_0.email=? 
        and m1_0.role=?
2026-04-23 16:05:49.269 DEBUG [0976e19a] org.hibernate.SQL - 
    select
        gp1_0.id,
        gp1_0.average_rating,
        gp1_0.bio,
        gp1_0.created_at,
        gp1_0.default_course,
        gp1_0.guide_style,
        gp1_0.is_active,
        gp1_0.is_approved,
        gp1_0.keywords,
        gp1_0.language,
        gp1_0.local_story,
        gp1_0.member_id,
        gp1_0.nickname,
        gp1_0.price_per_hour,
        gp1_0.profile_image,
        gp1_0.region,
        gp1_0.residence_years,
        gp1_0.review_count,
        gp1_0.updated_at 
    from
        guide_profiles gp1_0 
    where
        gp1_0.id=?
2026-04-23 16:05:49.271 TRACE [5a806353] org.hibernate.orm.jdbc.bind - binding parameter (1:VARCHAR) <- [guest04@localGuest.com]
2026-04-23 16:05:49.274 TRACE [5a806353] org.hibernate.orm.jdbc.bind - binding parameter (2:ENUM) <- [GUEST]
2026-04-23 16:05:49.274 TRACE [0976e19a] org.hibernate.orm.jdbc.bind - binding parameter (1:BIGINT) <- [841074]
2026-04-23 16:05:49.313 INFO  [0976e19a] c.t.a.logging.MdcLoggingFilter - [HTTP] 요청 완료 - statusCode: 200, latencyMs: 86, requestUri: /api/guides/841074, method: GET
2026-04-23 16:05:49.319 DEBUG [b89a3305] org.hibernate.SQL - 
    /* <criteria> */ select
        p1_0.id,
        p1_0.amount,
        p1_0.created_at,
        p1_0.match_request_id,
        p1_0.paid_at,
        p1_0.payer_id,
        p1_0.payment_type,
        p1_0.pg_order_no,
        p1_0.pg_transaction_id,
        p1_0.refund_deadline,
        p1_0.status,
        p1_0.updated_at 
    from
        payment p1_0 
    where
        p1_0.payer_id=?
2026-04-23 16:05:49.322 TRACE [b89a3305] org.hibernate.orm.jdbc.bind - binding parameter (1:BIGINT) <- [941004]
2026-04-23 16:05:49.324 DEBUG [5a806353] org.hibernate.SQL - 
    /* <criteria> */ select
        mr1_0.id,
        mr1_0.budget_max_won,
        mr1_0.budget_min_won,
        mr1_0.cancel_reason,
        mr1_0.cancelled_by,
        mr1_0.concept,
        mr1_0.concept_summary,
        mr1_0.created_at,
        mr1_0.desired_budget,
        mr1_0.desired_date,
        mr1_0.destination,
        mr1_0.guest_id,
        mr1_0.guide_id,
        mr1_0.guide_schedule_id,
        mr1_0.propose_message,
        mr1_0.proposed_schedule,
        mr1_0.status,
        mr1_0.updated_at 
    from
        match_request mr1_0 
    where
        mr1_0.guest_id=?
2026-04-23 16:05:49.330 TRACE [5a806353] org.hibernate.orm.jdbc.bind - binding parameter (1:BIGINT) <- [941004]
2026-04-23 16:05:49.437 INFO  [5a806353] c.t.a.logging.MdcLoggingFilter - [HTTP] 요청 완료 - statusCode: 200, latencyMs: 250, requestUri: /api/matching/requests/guest/list, method: GET
2026-04-23 16:05:49.472 DEBUG [069456aa] org.hibernate.SQL - 
    select
        gp1_0.id,
        gp1_0.average_rating,
        gp1_0.bio,
        gp1_0.created_at,
        gp1_0.default_course,
        gp1_0.guide_style,
        gp1_0.is_active,
        gp1_0.is_approved,
        gp1_0.keywords,
        gp1_0.language,
        gp1_0.local_story,
        gp1_0.member_id,
        gp1_0.nickname,
        gp1_0.price_per_hour,
        gp1_0.profile_image,
        gp1_0.region,
        gp1_0.residence_years,
        gp1_0.review_count,
        gp1_0.updated_at 
    from
        guide_profiles gp1_0 
    where
        gp1_0.id=?
2026-04-23 16:05:49.472 INFO  [b89a3305] c.t.a.logging.MdcLoggingFilter - [HTTP] 요청 완료 - statusCode: 200, latencyMs: 285, requestUri: /api/matching/payments/guest/list, method: GET
2026-04-23 16:05:49.522 TRACE [069456aa] org.hibernate.orm.jdbc.bind - binding parameter (1:BIGINT) <- [841024]
2026-04-23 16:05:49.576 INFO  [069456aa] c.t.a.logging.MdcLoggingFilter - [HTTP] 요청 완료 - statusCode: 200, latencyMs: 207, requestUri: /api/guides/841024, method: GET
2026-04-23 16:05:49.639 DEBUG [4ca42fed] org.hibernate.SQL - 
    select
        gp1_0.id,
        gp1_0.average_rating,
        gp1_0.bio,
        gp1_0.created_at,
        gp1_0.default_course,
        gp1_0.guide_style,
        gp1_0.is_active,
        gp1_0.is_approved,
        gp1_0.keywords,
        gp1_0.language,
        gp1_0.local_story,
        gp1_0.member_id,
        gp1_0.nickname,
        gp1_0.price_per_hour,
        gp1_0.profile_image,
        gp1_0.region,
        gp1_0.residence_years,
        gp1_0.review_count,
        gp1_0.updated_at 
    from
        guide_profiles gp1_0 
    where
        gp1_0.id=?
2026-04-23 16:05:49.657 TRACE [4ca42fed] org.hibernate.orm.jdbc.bind - binding parameter (1:BIGINT) <- [841074]
2026-04-23 16:05:49.688 INFO  [4ca42fed] c.t.a.logging.MdcLoggingFilter - [HTTP] 요청 완료 - statusCode: 200, latencyMs: 122, requestUri: /api/guides/841074, method: GET
2026-04-23 16:05:49.763 DEBUG [f9c6a8e5] org.hibernate.SQL - 
    select
        gp1_0.id,
        gp1_0.average_rating,
        gp1_0.bio,
        gp1_0.created_at,
        gp1_0.default_course,
        gp1_0.guide_style,
        gp1_0.is_active,
        gp1_0.is_approved,
        gp1_0.keywords,
        gp1_0.language,
        gp1_0.local_story,
        gp1_0.member_id,
        gp1_0.nickname,
        gp1_0.price_per_hour,
        gp1_0.profile_image,
        gp1_0.region,
        gp1_0.residence_years,
        gp1_0.review_count,
        gp1_0.updated_at 
    from
        guide_profiles gp1_0 
    where
        gp1_0.id=?
2026-04-23 16:05:49.766 TRACE [f9c6a8e5] org.hibernate.orm.jdbc.bind - binding parameter (1:BIGINT) <- [841024]
2026-04-23 16:05:49.801 INFO  [f9c6a8e5] c.t.a.logging.MdcLoggingFilter - [HTTP] 요청 완료 - statusCode: 200, latencyMs: 76, requestUri: /api/guides/841024, method: GET
2026-04-23 16:05:51.337 DEBUG [7edf3a48] org.hibernate.SQL - 
    select
        gp1_0.id,
        gp1_0.average_rating,
        gp1_0.bio,
        gp1_0.created_at,
        gp1_0.default_course,
        gp1_0.guide_style,
        gp1_0.is_active,
        gp1_0.is_approved,
        gp1_0.keywords,
        gp1_0.language,
        gp1_0.local_story,
        gp1_0.member_id,
        gp1_0.nickname,
        gp1_0.price_per_hour,
        gp1_0.profile_image,
        gp1_0.region,
        gp1_0.residence_years,
        gp1_0.review_count,
        gp1_0.updated_at 
    from
        guide_profiles gp1_0 
    where
        gp1_0.id=?
2026-04-23 16:05:51.343 TRACE [7edf3a48] org.hibernate.orm.jdbc.bind - binding parameter (1:BIGINT) <- [841024]
2026-04-23 16:05:51.365 DEBUG [7edf3a48] org.hibernate.SQL - 
    /* <criteria> */ select
        gf1_0.id,
        gf1_0.content,
        gf1_0.created_at,
        gf1_0.guide_id,
        gf1_0.image_url,
        gf1_0.is_deleted,
        gf1_0.updated_at 
    from
        guide_feeds gf1_0 
    left join
        guide_profiles gp1_0 
            on gp1_0.id=gf1_0.guide_id 
    where
        gp1_0.id=? 
        and not(gf1_0.is_deleted) 
    order by
        gf1_0.created_at desc
2026-04-23 16:05:51.370 TRACE [7edf3a48] org.hibernate.orm.jdbc.bind - binding parameter (1:BIGINT) <- [841024]
2026-04-23 16:05:51.391 DEBUG [7edf3a48] org.hibernate.SQL - 
    /* <criteria> */ select
        gc1_0.id,
        gc1_0.acquired_at,
        gc1_0.created_at,
        gc1_0.description,
        gc1_0.guide_id,
        gc1_0.title,
        gc1_0.updated_at 
    from
        guide_careers gc1_0 
    left join
        guide_profiles gp1_0 
            on gp1_0.id=gc1_0.guide_id 
    where
        gp1_0.id=?
2026-04-23 16:05:51.397 TRACE [7edf3a48] org.hibernate.orm.jdbc.bind - binding parameter (1:BIGINT) <- [841024]
2026-04-23 16:05:51.423 DEBUG [7edf3a48] org.hibernate.SQL - 
    /* <criteria> */ select
        gi1_0.id,
        gi1_0.created_at,
        gi1_0.guide_id,
        gi1_0.image_url,
        gi1_0.is_main,
        gi1_0.sort_order,
        gi1_0.updated_at 
    from
        guide_images gi1_0 
    left join
        guide_profiles gp1_0 
            on gp1_0.id=gi1_0.guide_id 
    where
        gp1_0.id=? 
    order by
        gi1_0.sort_order
2026-04-23 16:05:51.429 TRACE [7edf3a48] org.hibernate.orm.jdbc.bind - binding parameter (1:BIGINT) <- [841024]
2026-04-23 16:05:51.470 INFO  [7edf3a48] c.t.a.logging.MdcLoggingFilter - [HTTP] 요청 완료 - statusCode: 200, latencyMs: 157, requestUri: /api/guides/841024/detail, method: GET
2026-04-23 16:05:51.570 DEBUG [2f326564] org.hibernate.SQL - 
    select
        gp1_0.id,
        gp1_0.average_rating,
        gp1_0.bio,
        gp1_0.created_at,
        gp1_0.default_course,
        gp1_0.guide_style,
        gp1_0.is_active,
        gp1_0.is_approved,
        gp1_0.keywords,
        gp1_0.language,
        gp1_0.local_story,
        gp1_0.member_id,
        gp1_0.nickname,
        gp1_0.price_per_hour,
        gp1_0.profile_image,
        gp1_0.region,
        gp1_0.residence_years,
        gp1_0.review_count,
        gp1_0.updated_at 
    from
        guide_profiles gp1_0 
    where
        gp1_0.id=?
2026-04-23 16:05:51.582 TRACE [2f326564] org.hibernate.orm.jdbc.bind - binding parameter (1:BIGINT) <- [841024]
2026-04-23 16:05:51.622 DEBUG [2f326564] org.hibernate.SQL - 
    /* <criteria> */ select
        gf1_0.id,
        gf1_0.content,
        gf1_0.created_at,
        gf1_0.guide_id,
        gf1_0.image_url,
        gf1_0.is_deleted,
        gf1_0.updated_at 
    from
        guide_feeds gf1_0 
    left join
        guide_profiles gp1_0 
            on gp1_0.id=gf1_0.guide_id 
    where
        gp1_0.id=? 
        and not(gf1_0.is_deleted) 
    order by
        gf1_0.created_at desc
2026-04-23 16:05:51.632 TRACE [2f326564] org.hibernate.orm.jdbc.bind - binding parameter (1:BIGINT) <- [841024]
2026-04-23 16:05:51.649 DEBUG [3cae10d0] org.hibernate.SQL - 
    /* <criteria> */ select
        m1_0.id,
        m1_0.created_at,
        m1_0.email,
        m1_0.name,
        m1_0.nickname,
        m1_0.password,
        m1_0.profile_image_url,
        m1_0.role,
        m1_0.social_type,
        m1_0.status,
        m1_0.updated_at 
    from
        member m1_0 
    where
        m1_0.email=? 
        and m1_0.role=?
2026-04-23 16:05:51.652 TRACE [3cae10d0] org.hibernate.orm.jdbc.bind - binding parameter (1:VARCHAR) <- [guest04@localGuest.com]
2026-04-23 16:05:51.655 TRACE [3cae10d0] org.hibernate.orm.jdbc.bind - binding parameter (2:ENUM) <- [GUEST]
2026-04-23 16:05:51.656 DEBUG [2f326564] org.hibernate.SQL - 
    /* <criteria> */ select
        gc1_0.id,
        gc1_0.acquired_at,
        gc1_0.created_at,
        gc1_0.description,
        gc1_0.guide_id,
        gc1_0.title,
        gc1_0.updated_at 
    from
        guide_careers gc1_0 
    left join
        guide_profiles gp1_0 
            on gp1_0.id=gc1_0.guide_id 
    where
        gp1_0.id=?
2026-04-23 16:05:51.657 TRACE [2f326564] org.hibernate.orm.jdbc.bind - binding parameter (1:BIGINT) <- [841024]
2026-04-23 16:05:51.681 DEBUG [3cae10d0] org.hibernate.SQL - 
    /* <criteria> */ select
        mr1_0.id,
        mr1_0.budget_max_won,
        mr1_0.budget_min_won,
        mr1_0.cancel_reason,
        mr1_0.cancelled_by,
        mr1_0.concept,
        mr1_0.concept_summary,
        mr1_0.created_at,
        mr1_0.desired_budget,
        mr1_0.desired_date,
        mr1_0.destination,
        mr1_0.guest_id,
        mr1_0.guide_id,
        mr1_0.guide_schedule_id,
        mr1_0.propose_message,
        mr1_0.proposed_schedule,
        mr1_0.status,
        mr1_0.updated_at 
    from
        match_request mr1_0 
    where
        mr1_0.guest_id=?
2026-04-23 16:05:51.684 TRACE [3cae10d0] org.hibernate.orm.jdbc.bind - binding parameter (1:BIGINT) <- [941004]
2026-04-23 16:05:51.688 DEBUG [2f326564] org.hibernate.SQL - 
    /* <criteria> */ select
        gi1_0.id,
        gi1_0.created_at,
        gi1_0.guide_id,
        gi1_0.image_url,
        gi1_0.is_main,
        gi1_0.sort_order,
        gi1_0.updated_at 
    from
        guide_images gi1_0 
    left join
        guide_profiles gp1_0 
            on gp1_0.id=gi1_0.guide_id 
    where
        gp1_0.id=? 
    order by
        gi1_0.sort_order
2026-04-23 16:05:51.690 TRACE [2f326564] org.hibernate.orm.jdbc.bind - binding parameter (1:BIGINT) <- [841024]
2026-04-23 16:05:51.755 INFO  [3cae10d0] c.t.a.logging.MdcLoggingFilter - [HTTP] 요청 완료 - statusCode: 200, latencyMs: 204, requestUri: /api/matching/requests/guest/list, method: GET
2026-04-23 16:05:51.769 INFO  [2f326564] c.t.a.logging.MdcLoggingFilter - [HTTP] 요청 완료 - statusCode: 200, latencyMs: 266, requestUri: /api/guides/841024/detail, method: GET
2026-04-23 16:05:51.987 DEBUG [e826d099] org.hibernate.SQL - 
    /* <criteria> */ select
        m1_0.id,
        m1_0.created_at,
        m1_0.email,
        m1_0.name,
        m1_0.nickname,
        m1_0.password,
        m1_0.profile_image_url,
        m1_0.role,
        m1_0.social_type,
        m1_0.status,
        m1_0.updated_at 
    from
        member m1_0 
    where
        m1_0.email=? 
        and m1_0.role=?
2026-04-23 16:05:51.998 TRACE [e826d099] org.hibernate.orm.jdbc.bind - binding parameter (1:VARCHAR) <- [guest04@localGuest.com]
2026-04-23 16:05:52.006 TRACE [e826d099] org.hibernate.orm.jdbc.bind - binding parameter (2:ENUM) <- [GUEST]
2026-04-23 16:05:52.098 DEBUG [e826d099] org.hibernate.SQL - 
    /* <criteria> */ select
        mr1_0.id,
        mr1_0.budget_max_won,
        mr1_0.budget_min_won,
        mr1_0.cancel_reason,
        mr1_0.cancelled_by,
        mr1_0.concept,
        mr1_0.concept_summary,
        mr1_0.created_at,
        mr1_0.desired_budget,
        mr1_0.desired_date,
        mr1_0.destination,
        mr1_0.guest_id,
        mr1_0.guide_id,
        mr1_0.guide_schedule_id,
        mr1_0.propose_message,
        mr1_0.proposed_schedule,
        mr1_0.status,
        mr1_0.updated_at 
    from
        match_request mr1_0 
    where
        mr1_0.guest_id=?
2026-04-23 16:05:52.107 TRACE [e826d099] org.hibernate.orm.jdbc.bind - binding parameter (1:BIGINT) <- [941004]
2026-04-23 16:05:52.267 INFO  [e826d099] c.t.a.logging.MdcLoggingFilter - [HTTP] 요청 완료 - statusCode: 200, latencyMs: 433, requestUri: /api/matching/requests/guest/list, method: GET
2026-04-23 16:06:00.013 DEBUG [] org.hibernate.SQL - 
    /* <criteria> */ select
        te1_0.id,
        te1_0.created_at,
        te1_0.deadline_at,
        te1_0.extended_date,
        te1_0.extended_price,
        te1_0.guest_id,
        te1_0.guide_approved_at,
        te1_0.match_request_id,
        te1_0.requested_at,
        te1_0.status,
        te1_0.updated_at 
    from
        tour_extension te1_0 
    where
        te1_0.status=? 
        and te1_0.deadline_at<?
2026-04-23 16:06:00.016 TRACE [] org.hibernate.orm.jdbc.bind - binding parameter (1:ENUM) <- [REQUESTED]
2026-04-23 16:06:00.019 TRACE [] org.hibernate.orm.jdbc.bind - binding parameter (2:TIMESTAMP) <- [2026-04-23T16:06:00.008656]
2026-04-23 16:07:00.036 DEBUG [] org.hibernate.SQL - 
    /* <criteria> */ select
        te1_0.id,
        te1_0.created_at,
        te1_0.deadline_at,
        te1_0.extended_date,
        te1_0.extended_price,
        te1_0.guest_id,
        te1_0.guide_approved_at,
        te1_0.match_request_id,
        te1_0.requested_at,
        te1_0.status,
        te1_0.updated_at 
    from
        tour_extension te1_0 
    where
        te1_0.status=? 
        and te1_0.deadline_at<?
2026-04-23 16:07:00.043 TRACE [] org.hibernate.orm.jdbc.bind - binding parameter (1:ENUM) <- [REQUESTED]
2026-04-23 16:07:00.048 TRACE [] org.hibernate.orm.jdbc.bind - binding parameter (2:TIMESTAMP) <- [2026-04-23T16:07:00.020260900]
2026-04-23 16:08:00.066 DEBUG [] org.hibernate.SQL - 
    /* <criteria> */ select
        te1_0.id,
        te1_0.created_at,
        te1_0.deadline_at,
        te1_0.extended_date,
        te1_0.extended_price,
        te1_0.guest_id,
        te1_0.guide_approved_at,
        te1_0.match_request_id,
        te1_0.requested_at,
        te1_0.status,
        te1_0.updated_at 
    from
        tour_extension te1_0 
    where
        te1_0.status=? 
        and te1_0.deadline_at<?
2026-04-23 16:08:00.076 TRACE [] org.hibernate.orm.jdbc.bind - binding parameter (1:ENUM) <- [REQUESTED]
2026-04-23 16:08:00.077 TRACE [] org.hibernate.orm.jdbc.bind - binding parameter (2:TIMESTAMP) <- [2026-04-23T16:08:00.019933700]
2026-04-23 16:08:21.799 DEBUG [7b87249d] org.hibernate.SQL - 
    /* <criteria> */ select
        m1_0.id,
        m1_0.created_at,
        m1_0.email,
        m1_0.name,
        m1_0.nickname,
        m1_0.password,
        m1_0.profile_image_url,
        m1_0.role,
        m1_0.social_type,
        m1_0.status,
        m1_0.updated_at 
    from
        member m1_0 
    where
        m1_0.email=? 
        and m1_0.role=?
2026-04-23 16:08:21.804 TRACE [7b87249d] org.hibernate.orm.jdbc.bind - binding parameter (1:VARCHAR) <- [guide27@localGuest.com]
2026-04-23 16:08:21.805 TRACE [7b87249d] org.hibernate.orm.jdbc.bind - binding parameter (2:ENUM) <- [GUIDE]
2026-04-23 16:08:23.165 INFO  [7b87249d] c.t.a.logging.MdcLoggingFilter - [HTTP] 요청 완료 - statusCode: 200, latencyMs: 1537, requestUri: /api/auth/login, method: POST
2026-04-23 16:08:23.589 DEBUG [ad48cf1d] org.hibernate.SQL - 
    /* <criteria> */ select
        m1_0.id,
        m1_0.created_at,
        m1_0.email,
        m1_0.name,
        m1_0.nickname,
        m1_0.password,
        m1_0.profile_image_url,
        m1_0.role,
        m1_0.social_type,
        m1_0.status,
        m1_0.updated_at 
    from
        member m1_0 
    where
        m1_0.email=? 
        and m1_0.role=?
2026-04-23 16:08:23.595 DEBUG [a72356f7] org.hibernate.SQL - 
    /* <criteria> */ select
        m1_0.id,
        m1_0.created_at,
        m1_0.email,
        m1_0.name,
        m1_0.nickname,
        m1_0.password,
        m1_0.profile_image_url,
        m1_0.role,
        m1_0.social_type,
        m1_0.status,
        m1_0.updated_at 
    from
        member m1_0 
    where
        m1_0.email=? 
        and m1_0.role=?
2026-04-23 16:08:23.603 TRACE [ad48cf1d] org.hibernate.orm.jdbc.bind - binding parameter (1:VARCHAR) <- [guide27@localGuest.com]
2026-04-23 16:08:23.607 TRACE [a72356f7] org.hibernate.orm.jdbc.bind - binding parameter (1:VARCHAR) <- [guide27@localGuest.com]
2026-04-23 16:08:23.607 TRACE [ad48cf1d] org.hibernate.orm.jdbc.bind - binding parameter (2:ENUM) <- [GUIDE]
2026-04-23 16:08:23.612 TRACE [a72356f7] org.hibernate.orm.jdbc.bind - binding parameter (2:ENUM) <- [GUIDE]
2026-04-23 16:08:23.754 DEBUG [a72356f7] org.hibernate.SQL - 
    /* <criteria> */ select
        gp1_0.id,
        gp1_0.average_rating,
        gp1_0.bio,
        gp1_0.created_at,
        gp1_0.default_course,
        gp1_0.guide_style,
        gp1_0.is_active,
        gp1_0.is_approved,
        gp1_0.keywords,
        gp1_0.language,
        gp1_0.local_story,
        gp1_0.member_id,
        gp1_0.nickname,
        gp1_0.price_per_hour,
        gp1_0.profile_image,
        gp1_0.region,
        gp1_0.residence_years,
        gp1_0.review_count,
        gp1_0.updated_at 
    from
        guide_profiles gp1_0 
    where
        gp1_0.member_id=?
2026-04-23 16:08:23.756 DEBUG [ad48cf1d] org.hibernate.SQL - 
    /* <criteria> */ select
        gp1_0.id,
        gp1_0.average_rating,
        gp1_0.bio,
        gp1_0.created_at,
        gp1_0.default_course,
        gp1_0.guide_style,
        gp1_0.is_active,
        gp1_0.is_approved,
        gp1_0.keywords,
        gp1_0.language,
        gp1_0.local_story,
        gp1_0.member_id,
        gp1_0.nickname,
        gp1_0.price_per_hour,
        gp1_0.profile_image,
        gp1_0.region,
        gp1_0.residence_years,
        gp1_0.review_count,
        gp1_0.updated_at 
    from
        guide_profiles gp1_0 
    where
        gp1_0.member_id=?
2026-04-23 16:08:23.762 TRACE [ad48cf1d] org.hibernate.orm.jdbc.bind - binding parameter (1:BIGINT) <- [940027]
2026-04-23 16:08:23.759 TRACE [a72356f7] org.hibernate.orm.jdbc.bind - binding parameter (1:BIGINT) <- [940027]
2026-04-23 16:08:23.878 INFO  [a72356f7] c.t.a.logging.MdcLoggingFilter - [HTTP] 요청 완료 - statusCode: 200, latencyMs: 428, requestUri: /api/guides/me, method: GET
2026-04-23 16:08:23.888 DEBUG [ad48cf1d] org.hibernate.SQL - 
    /* <criteria> */ select
        mr1_0.id,
        mr1_0.budget_max_won,
        mr1_0.budget_min_won,
        mr1_0.cancel_reason,
        mr1_0.cancelled_by,
        mr1_0.concept,
        mr1_0.concept_summary,
        mr1_0.created_at,
        mr1_0.desired_budget,
        mr1_0.desired_date,
        mr1_0.destination,
        mr1_0.guest_id,
        mr1_0.guide_id,
        mr1_0.guide_schedule_id,
        mr1_0.propose_message,
        mr1_0.proposed_schedule,
        mr1_0.status,
        mr1_0.updated_at 
    from
        match_request mr1_0 
    where
        mr1_0.guide_id=?
2026-04-23 16:08:23.896 TRACE [ad48cf1d] org.hibernate.orm.jdbc.bind - binding parameter (1:BIGINT) <- [841027]
2026-04-23 16:08:23.978 DEBUG [cc9d718d] org.hibernate.SQL - 
    /* <criteria> */ select
        m1_0.id,
        m1_0.created_at,
        m1_0.email,
        m1_0.name,
        m1_0.nickname,
        m1_0.password,
        m1_0.profile_image_url,
        m1_0.role,
        m1_0.social_type,
        m1_0.status,
        m1_0.updated_at 
    from
        member m1_0 
    where
        m1_0.email=? 
        and m1_0.role=?
2026-04-23 16:08:23.985 INFO  [ad48cf1d] c.t.a.logging.MdcLoggingFilter - [HTTP] 요청 완료 - statusCode: 200, latencyMs: 538, requestUri: /api/matching/requests/guide/list, method: GET
2026-04-23 16:08:23.993 TRACE [cc9d718d] org.hibernate.orm.jdbc.bind - binding parameter (1:VARCHAR) <- [guide27@localGuest.com]
2026-04-23 16:08:23.996 TRACE [cc9d718d] org.hibernate.orm.jdbc.bind - binding parameter (2:ENUM) <- [GUIDE]
2026-04-23 16:08:24.035 DEBUG [cc9d718d] org.hibernate.SQL - 
    /* <criteria> */ select
        gp1_0.id,
        gp1_0.average_rating,
        gp1_0.bio,
        gp1_0.created_at,
        gp1_0.default_course,
        gp1_0.guide_style,
        gp1_0.is_active,
        gp1_0.is_approved,
        gp1_0.keywords,
        gp1_0.language,
        gp1_0.local_story,
        gp1_0.member_id,
        gp1_0.nickname,
        gp1_0.price_per_hour,
        gp1_0.profile_image,
        gp1_0.region,
        gp1_0.residence_years,
        gp1_0.review_count,
        gp1_0.updated_at 
    from
        guide_profiles gp1_0 
    where
        gp1_0.member_id=?
2026-04-23 16:08:24.042 TRACE [cc9d718d] org.hibernate.orm.jdbc.bind - binding parameter (1:BIGINT) <- [940027]
2026-04-23 16:08:24.073 INFO  [cc9d718d] c.t.a.logging.MdcLoggingFilter - [HTTP] 요청 완료 - statusCode: 200, latencyMs: 157, requestUri: /api/guides/me, method: GET
2026-04-23 16:08:24.218 DEBUG [7016b4f6] org.hibernate.SQL - 
    /* <criteria> */ select
        m1_0.id,
        m1_0.created_at,
        m1_0.email,
        m1_0.name,
        m1_0.nickname,
        m1_0.password,
        m1_0.profile_image_url,
        m1_0.role,
        m1_0.social_type,
        m1_0.status,
        m1_0.updated_at 
    from
        member m1_0 
    where
        m1_0.email=? 
        and m1_0.role=?
2026-04-23 16:08:24.227 TRACE [7016b4f6] org.hibernate.orm.jdbc.bind - binding parameter (1:VARCHAR) <- [guide27@localGuest.com]
2026-04-23 16:08:24.231 TRACE [7016b4f6] org.hibernate.orm.jdbc.bind - binding parameter (2:ENUM) <- [GUIDE]
2026-04-23 16:08:24.256 DEBUG [7016b4f6] org.hibernate.SQL - 
    /* <criteria> */ select
        gp1_0.id,
        gp1_0.average_rating,
        gp1_0.bio,
        gp1_0.created_at,
        gp1_0.default_course,
        gp1_0.guide_style,
        gp1_0.is_active,
        gp1_0.is_approved,
        gp1_0.keywords,
        gp1_0.language,
        gp1_0.local_story,
        gp1_0.member_id,
        gp1_0.nickname,
        gp1_0.price_per_hour,
        gp1_0.profile_image,
        gp1_0.region,
        gp1_0.residence_years,
        gp1_0.review_count,
        gp1_0.updated_at 
    from
        guide_profiles gp1_0 
    where
        gp1_0.member_id=?
2026-04-23 16:08:24.265 TRACE [7016b4f6] org.hibernate.orm.jdbc.bind - binding parameter (1:BIGINT) <- [940027]
2026-04-23 16:08:24.306 INFO  [7016b4f6] c.t.a.logging.MdcLoggingFilter - [HTTP] 요청 완료 - statusCode: 200, latencyMs: 190, requestUri: /api/guides/me, method: GET
2026-04-23 16:08:24.534 DEBUG [86e127da] org.hibernate.SQL - 
    /* <criteria> */ select
        m1_0.id,
        m1_0.created_at,
        m1_0.email,
        m1_0.name,
        m1_0.nickname,
        m1_0.password,
        m1_0.profile_image_url,
        m1_0.role,
        m1_0.social_type,
        m1_0.status,
        m1_0.updated_at 
    from
        member m1_0 
    where
        m1_0.email=? 
        and m1_0.role=?
2026-04-23 16:08:24.541 TRACE [86e127da] org.hibernate.orm.jdbc.bind - binding parameter (1:VARCHAR) <- [guide27@localGuest.com]
2026-04-23 16:08:24.542 TRACE [86e127da] org.hibernate.orm.jdbc.bind - binding parameter (2:ENUM) <- [GUIDE]
2026-04-23 16:08:24.548 DEBUG [840bf96d] org.hibernate.SQL - 
    select
        gp1_0.id,
        gp1_0.average_rating,
        gp1_0.bio,
        gp1_0.created_at,
        gp1_0.default_course,
        gp1_0.guide_style,
        gp1_0.is_active,
        gp1_0.is_approved,
        gp1_0.keywords,
        gp1_0.language,
        gp1_0.local_story,
        gp1_0.member_id,
        gp1_0.nickname,
        gp1_0.price_per_hour,
        gp1_0.profile_image,
        gp1_0.region,
        gp1_0.residence_years,
        gp1_0.review_count,
        gp1_0.updated_at 
    from
        guide_profiles gp1_0 
    where
        gp1_0.id=?
2026-04-23 16:08:24.556 TRACE [840bf96d] org.hibernate.orm.jdbc.bind - binding parameter (1:BIGINT) <- [841027]
2026-04-23 16:08:24.597 DEBUG [86e127da] org.hibernate.SQL - 
    /* <criteria> */ select
        gp1_0.id,
        gp1_0.average_rating,
        gp1_0.bio,
        gp1_0.created_at,
        gp1_0.default_course,
        gp1_0.guide_style,
        gp1_0.is_active,
        gp1_0.is_approved,
        gp1_0.keywords,
        gp1_0.language,
        gp1_0.local_story,
        gp1_0.member_id,
        gp1_0.nickname,
        gp1_0.price_per_hour,
        gp1_0.profile_image,
        gp1_0.region,
        gp1_0.residence_years,
        gp1_0.review_count,
        gp1_0.updated_at 
    from
        guide_profiles gp1_0 
    where
        gp1_0.member_id=?
2026-04-23 16:08:24.606 TRACE [86e127da] org.hibernate.orm.jdbc.bind - binding parameter (1:BIGINT) <- [940027]
2026-04-23 16:08:24.630 INFO  [840bf96d] c.t.a.logging.MdcLoggingFilter - [HTTP] 요청 완료 - statusCode: 200, latencyMs: 246, requestUri: /api/guides/841027, method: GET
2026-04-23 16:08:24.662 INFO  [86e127da] c.t.a.logging.MdcLoggingFilter - [HTTP] 요청 완료 - statusCode: 200, latencyMs: 297, requestUri: /api/guides/me, method: GET
2026-04-23 16:08:24.928 DEBUG [0f07dc05] org.hibernate.SQL - 
    select
        gp1_0.id,
        gp1_0.average_rating,
        gp1_0.bio,
        gp1_0.created_at,
        gp1_0.default_course,
        gp1_0.guide_style,
        gp1_0.is_active,
        gp1_0.is_approved,
        gp1_0.keywords,
        gp1_0.language,
        gp1_0.local_story,
        gp1_0.member_id,
        gp1_0.nickname,
        gp1_0.price_per_hour,
        gp1_0.profile_image,
        gp1_0.region,
        gp1_0.residence_years,
        gp1_0.review_count,
        gp1_0.updated_at 
    from
        guide_profiles gp1_0 
    where
        gp1_0.id=?
2026-04-23 16:08:24.931 TRACE [0f07dc05] org.hibernate.orm.jdbc.bind - binding parameter (1:BIGINT) <- [841027]
2026-04-23 16:08:24.962 INFO  [0f07dc05] c.t.a.logging.MdcLoggingFilter - [HTTP] 요청 완료 - statusCode: 200, latencyMs: 81, requestUri: /api/guides/841027, method: GET
2026-04-23 16:08:27.905 DEBUG [67b31cb5] org.hibernate.SQL - 
    /* <criteria> */ select
        m1_0.id,
        m1_0.created_at,
        m1_0.email,
        m1_0.name,
        m1_0.nickname,
        m1_0.password,
        m1_0.profile_image_url,
        m1_0.role,
        m1_0.social_type,
        m1_0.status,
        m1_0.updated_at 
    from
        member m1_0 
    where
        m1_0.email=? 
        and m1_0.role=?
2026-04-23 16:08:27.921 TRACE [67b31cb5] org.hibernate.orm.jdbc.bind - binding parameter (1:VARCHAR) <- [guide27@localGuest.com]
2026-04-23 16:08:27.925 TRACE [67b31cb5] org.hibernate.orm.jdbc.bind - binding parameter (2:ENUM) <- [GUIDE]
2026-04-23 16:08:27.953 DEBUG [75ea6d6c] org.hibernate.SQL - 
    /* <criteria> */ select
        gs1_0.id,
        gs1_0.available_date,
        gs1_0.course_detail,
        gs1_0.created_at,
        gs1_0.end_time,
        gs1_0.guide_message,
        gs1_0.guide_id,
        gs1_0.is_paid,
        gs1_0.match_request_id,
        gs1_0.meeting_point,
        gs1_0.start_time,
        gs1_0.status,
        gs1_0.updated_at 
    from
        guide_schedules gs1_0 
    left join
        guide_profiles gp1_0 
            on gp1_0.id=gs1_0.guide_id 
    where
        gp1_0.id=? 
    order by
        gs1_0.available_date
2026-04-23 16:08:27.958 TRACE [75ea6d6c] org.hibernate.orm.jdbc.bind - binding parameter (1:BIGINT) <- [841027]
2026-04-23 16:08:27.961 DEBUG [67b31cb5] org.hibernate.SQL - 
    /* <criteria> */ select
        gp1_0.id,
        gp1_0.average_rating,
        gp1_0.bio,
        gp1_0.created_at,
        gp1_0.default_course,
        gp1_0.guide_style,
        gp1_0.is_active,
        gp1_0.is_approved,
        gp1_0.keywords,
        gp1_0.language,
        gp1_0.local_story,
        gp1_0.member_id,
        gp1_0.nickname,
        gp1_0.price_per_hour,
        gp1_0.profile_image,
        gp1_0.region,
        gp1_0.residence_years,
        gp1_0.review_count,
        gp1_0.updated_at 
    from
        guide_profiles gp1_0 
    where
        gp1_0.member_id=?
2026-04-23 16:08:27.964 TRACE [67b31cb5] org.hibernate.orm.jdbc.bind - binding parameter (1:BIGINT) <- [940027]
2026-04-23 16:08:27.991 DEBUG [67b31cb5] org.hibernate.SQL - 
    /* <criteria> */ select
        mr1_0.id,
        mr1_0.budget_max_won,
        mr1_0.budget_min_won,
        mr1_0.cancel_reason,
        mr1_0.cancelled_by,
        mr1_0.concept,
        mr1_0.concept_summary,
        mr1_0.created_at,
        mr1_0.desired_budget,
        mr1_0.desired_date,
        mr1_0.destination,
        mr1_0.guest_id,
        mr1_0.guide_id,
        mr1_0.guide_schedule_id,
        mr1_0.propose_message,
        mr1_0.proposed_schedule,
        mr1_0.status,
        mr1_0.updated_at 
    from
        match_request mr1_0 
    where
        mr1_0.guide_id=?
2026-04-23 16:08:27.998 TRACE [67b31cb5] org.hibernate.orm.jdbc.bind - binding parameter (1:BIGINT) <- [841027]
2026-04-23 16:08:28.001 INFO  [75ea6d6c] c.t.a.logging.MdcLoggingFilter - [HTTP] 요청 완료 - statusCode: 200, latencyMs: 156, requestUri: /api/guides/841027/schedules, method: GET
2026-04-23 16:08:28.023 INFO  [67b31cb5] c.t.a.logging.MdcLoggingFilter - [HTTP] 요청 완료 - statusCode: 200, latencyMs: 177, requestUri: /api/matching/requests/guide/list, method: GET
2026-04-23 16:08:28.101 DEBUG [2fa54747] org.hibernate.SQL - 
    /* <criteria> */ select
        m1_0.id,
        m1_0.created_at,
        m1_0.email,
        m1_0.name,
        m1_0.nickname,
        m1_0.password,
        m1_0.profile_image_url,
        m1_0.role,
        m1_0.social_type,
        m1_0.status,
        m1_0.updated_at 
    from
        member m1_0 
    where
        m1_0.email=? 
        and m1_0.role=?
2026-04-23 16:08:28.110 TRACE [2fa54747] org.hibernate.orm.jdbc.bind - binding parameter (1:VARCHAR) <- [guide27@localGuest.com]
2026-04-23 16:08:28.111 TRACE [2fa54747] org.hibernate.orm.jdbc.bind - binding parameter (2:ENUM) <- [GUIDE]
2026-04-23 16:08:28.138 DEBUG [2fa54747] org.hibernate.SQL - 
    /* <criteria> */ select
        gp1_0.id,
        gp1_0.average_rating,
        gp1_0.bio,
        gp1_0.created_at,
        gp1_0.default_course,
        gp1_0.guide_style,
        gp1_0.is_active,
        gp1_0.is_approved,
        gp1_0.keywords,
        gp1_0.language,
        gp1_0.local_story,
        gp1_0.member_id,
        gp1_0.nickname,
        gp1_0.price_per_hour,
        gp1_0.profile_image,
        gp1_0.region,
        gp1_0.residence_years,
        gp1_0.review_count,
        gp1_0.updated_at 
    from
        guide_profiles gp1_0 
    where
        gp1_0.member_id=?
2026-04-23 16:08:28.144 TRACE [2fa54747] org.hibernate.orm.jdbc.bind - binding parameter (1:BIGINT) <- [940027]
2026-04-23 16:08:28.158 DEBUG [7f2137f1] org.hibernate.SQL - 
    /* <criteria> */ select
        m1_0.id,
        m1_0.created_at,
        m1_0.email,
        m1_0.name,
        m1_0.nickname,
        m1_0.password,
        m1_0.profile_image_url,
        m1_0.role,
        m1_0.social_type,
        m1_0.status,
        m1_0.updated_at 
    from
        member m1_0 
    where
        m1_0.email=? 
        and m1_0.role=?
2026-04-23 16:08:28.158 DEBUG [28ed19d8] org.hibernate.SQL - 
    /* <criteria> */ select
        m1_0.id,
        m1_0.created_at,
        m1_0.email,
        m1_0.name,
        m1_0.nickname,
        m1_0.password,
        m1_0.profile_image_url,
        m1_0.role,
        m1_0.social_type,
        m1_0.status,
        m1_0.updated_at 
    from
        member m1_0 
    where
        m1_0.email=? 
        and m1_0.role=?
2026-04-23 16:08:28.163 TRACE [28ed19d8] org.hibernate.orm.jdbc.bind - binding parameter (1:VARCHAR) <- [guide27@localGuest.com]
2026-04-23 16:08:28.163 TRACE [7f2137f1] org.hibernate.orm.jdbc.bind - binding parameter (1:VARCHAR) <- [guide27@localGuest.com]
2026-04-23 16:08:28.165 TRACE [28ed19d8] org.hibernate.orm.jdbc.bind - binding parameter (2:ENUM) <- [GUIDE]
2026-04-23 16:08:28.165 TRACE [7f2137f1] org.hibernate.orm.jdbc.bind - binding parameter (2:ENUM) <- [GUIDE]
2026-04-23 16:08:28.174 DEBUG [2fa54747] org.hibernate.SQL - 
    /* <criteria> */ select
        mr1_0.id,
        mr1_0.budget_max_won,
        mr1_0.budget_min_won,
        mr1_0.cancel_reason,
        mr1_0.cancelled_by,
        mr1_0.concept,
        mr1_0.concept_summary,
        mr1_0.created_at,
        mr1_0.desired_budget,
        mr1_0.desired_date,
        mr1_0.destination,
        mr1_0.guest_id,
        mr1_0.guide_id,
        mr1_0.guide_schedule_id,
        mr1_0.propose_message,
        mr1_0.proposed_schedule,
        mr1_0.status,
        mr1_0.updated_at 
    from
        match_request mr1_0 
    where
        mr1_0.guide_id=?
2026-04-23 16:08:28.178 TRACE [2fa54747] org.hibernate.orm.jdbc.bind - binding parameter (1:BIGINT) <- [841027]
2026-04-23 16:08:28.206 DEBUG [28ed19d8] org.hibernate.SQL - 
    /* <criteria> */ select
        gp1_0.id,
        gp1_0.average_rating,
        gp1_0.bio,
        gp1_0.created_at,
        gp1_0.default_course,
        gp1_0.guide_style,
        gp1_0.is_active,
        gp1_0.is_approved,
        gp1_0.keywords,
        gp1_0.language,
        gp1_0.local_story,
        gp1_0.member_id,
        gp1_0.nickname,
        gp1_0.price_per_hour,
        gp1_0.profile_image,
        gp1_0.region,
        gp1_0.residence_years,
        gp1_0.review_count,
        gp1_0.updated_at 
    from
        guide_profiles gp1_0 
    where
        gp1_0.member_id=?
2026-04-23 16:08:28.207 DEBUG [7f2137f1] org.hibernate.SQL - 
    /* <criteria> */ select
        gp1_0.id,
        gp1_0.average_rating,
        gp1_0.bio,
        gp1_0.created_at,
        gp1_0.default_course,
        gp1_0.guide_style,
        gp1_0.is_active,
        gp1_0.is_approved,
        gp1_0.keywords,
        gp1_0.language,
        gp1_0.local_story,
        gp1_0.member_id,
        gp1_0.nickname,
        gp1_0.price_per_hour,
        gp1_0.profile_image,
        gp1_0.region,
        gp1_0.residence_years,
        gp1_0.review_count,
        gp1_0.updated_at 
    from
        guide_profiles gp1_0 
    where
        gp1_0.member_id=?
2026-04-23 16:08:28.209 TRACE [7f2137f1] org.hibernate.orm.jdbc.bind - binding parameter (1:BIGINT) <- [940027]
2026-04-23 16:08:28.209 TRACE [28ed19d8] org.hibernate.orm.jdbc.bind - binding parameter (1:BIGINT) <- [940027]
2026-04-23 16:08:28.226 INFO  [2fa54747] c.t.a.logging.MdcLoggingFilter - [HTTP] 요청 완료 - statusCode: 200, latencyMs: 165, requestUri: /api/matching/requests/guide/list, method: GET
2026-04-23 16:08:28.261 DEBUG [28ed19d8] org.hibernate.SQL - 
    select
        mr1_0.id,
        mr1_0.budget_max_won,
        mr1_0.budget_min_won,
        mr1_0.cancel_reason,
        mr1_0.cancelled_by,
        mr1_0.concept,
        mr1_0.concept_summary,
        mr1_0.created_at,
        mr1_0.desired_budget,
        mr1_0.desired_date,
        mr1_0.destination,
        mr1_0.guest_id,
        mr1_0.guide_id,
        mr1_0.guide_schedule_id,
        mr1_0.propose_message,
        mr1_0.proposed_schedule,
        mr1_0.status,
        mr1_0.updated_at 
    from
        match_request mr1_0 
    where
        mr1_0.id=?
2026-04-23 16:08:28.264 DEBUG [7f2137f1] org.hibernate.SQL - 
    select
        mr1_0.id,
        mr1_0.budget_max_won,
        mr1_0.budget_min_won,
        mr1_0.cancel_reason,
        mr1_0.cancelled_by,
        mr1_0.concept,
        mr1_0.concept_summary,
        mr1_0.created_at,
        mr1_0.desired_budget,
        mr1_0.desired_date,
        mr1_0.destination,
        mr1_0.guest_id,
        mr1_0.guide_id,
        mr1_0.guide_schedule_id,
        mr1_0.propose_message,
        mr1_0.proposed_schedule,
        mr1_0.status,
        mr1_0.updated_at 
    from
        match_request mr1_0 
    where
        mr1_0.id=?
2026-04-23 16:08:28.269 TRACE [7f2137f1] org.hibernate.orm.jdbc.bind - binding parameter (1:BIGINT) <- [862102]
2026-04-23 16:08:28.269 TRACE [28ed19d8] org.hibernate.orm.jdbc.bind - binding parameter (1:BIGINT) <- [862027]
2026-04-23 16:08:28.313 DEBUG [28ed19d8] org.hibernate.SQL - 
    /* <criteria> */ select
        te1_0.id,
        te1_0.created_at,
        te1_0.deadline_at,
        te1_0.extended_date,
        te1_0.extended_price,
        te1_0.guest_id,
        te1_0.guide_approved_at,
        te1_0.match_request_id,
        te1_0.requested_at,
        te1_0.status,
        te1_0.updated_at 
    from
        tour_extension te1_0 
    left join
        match_request mr1_0 
            on mr1_0.id=te1_0.match_request_id 
    where
        mr1_0.id=?
2026-04-23 16:08:28.316 DEBUG [b00b32d1] org.hibernate.SQL - 
    /* <criteria> */ select
        m1_0.id,
        m1_0.created_at,
        m1_0.email,
        m1_0.name,
        m1_0.nickname,
        m1_0.password,
        m1_0.profile_image_url,
        m1_0.role,
        m1_0.social_type,
        m1_0.status,
        m1_0.updated_at 
    from
        member m1_0 
    where
        m1_0.email=? 
        and m1_0.role=?
2026-04-23 16:08:28.316 DEBUG [7f2137f1] org.hibernate.SQL - 
    /* <criteria> */ select
        te1_0.id,
        te1_0.created_at,
        te1_0.deadline_at,
        te1_0.extended_date,
        te1_0.extended_price,
        te1_0.guest_id,
        te1_0.guide_approved_at,
        te1_0.match_request_id,
        te1_0.requested_at,
        te1_0.status,
        te1_0.updated_at 
    from
        tour_extension te1_0 
    left join
        match_request mr1_0 
            on mr1_0.id=te1_0.match_request_id 
    where
        mr1_0.id=?
2026-04-23 16:08:28.316 TRACE [28ed19d8] org.hibernate.orm.jdbc.bind - binding parameter (1:BIGINT) <- [862027]
2026-04-23 16:08:28.324 TRACE [7f2137f1] org.hibernate.orm.jdbc.bind - binding parameter (1:BIGINT) <- [862102]
2026-04-23 16:08:28.328 TRACE [b00b32d1] org.hibernate.orm.jdbc.bind - binding parameter (1:VARCHAR) <- [guide27@localGuest.com]
2026-04-23 16:08:28.332 TRACE [b00b32d1] org.hibernate.orm.jdbc.bind - binding parameter (2:ENUM) <- [GUIDE]
2026-04-23 16:08:28.373 DEBUG [b00b32d1] org.hibernate.SQL - 
    /* <criteria> */ select
        gp1_0.id,
        gp1_0.average_rating,
        gp1_0.bio,
        gp1_0.created_at,
        gp1_0.default_course,
        gp1_0.guide_style,
        gp1_0.is_active,
        gp1_0.is_approved,
        gp1_0.keywords,
        gp1_0.language,
        gp1_0.local_story,
        gp1_0.member_id,
        gp1_0.nickname,
        gp1_0.price_per_hour,
        gp1_0.profile_image,
        gp1_0.region,
        gp1_0.residence_years,
        gp1_0.review_count,
        gp1_0.updated_at 
    from
        guide_profiles gp1_0 
    where
        gp1_0.member_id=?
2026-04-23 16:08:28.376 TRACE [b00b32d1] org.hibernate.orm.jdbc.bind - binding parameter (1:BIGINT) <- [940027]
2026-04-23 16:08:28.398 DEBUG [b00b32d1] org.hibernate.SQL - 
    /* <criteria> */ select
        mr1_0.id,
        mr1_0.budget_max_won,
        mr1_0.budget_min_won,
        mr1_0.cancel_reason,
        mr1_0.cancelled_by,
        mr1_0.concept,
        mr1_0.concept_summary,
        mr1_0.created_at,
        mr1_0.desired_budget,
        mr1_0.desired_date,
        mr1_0.destination,
        mr1_0.guest_id,
        mr1_0.guide_id,
        mr1_0.guide_schedule_id,
        mr1_0.propose_message,
        mr1_0.proposed_schedule,
        mr1_0.status,
        mr1_0.updated_at 
    from
        match_request mr1_0 
    where
        mr1_0.guide_id=?
2026-04-23 16:08:28.404 TRACE [b00b32d1] org.hibernate.orm.jdbc.bind - binding parameter (1:BIGINT) <- [841027]
2026-04-23 16:08:28.475 INFO  [b00b32d1] c.t.a.logging.MdcLoggingFilter - [HTTP] 요청 완료 - statusCode: 200, latencyMs: 209, requestUri: /api/matching/requests/guide/list, method: GET
2026-04-23 16:08:28.601 DEBUG [e05759e1] org.hibernate.SQL - 
    /* <criteria> */ select
        m1_0.id,
        m1_0.created_at,
        m1_0.email,
        m1_0.name,
        m1_0.nickname,
        m1_0.password,
        m1_0.profile_image_url,
        m1_0.role,
        m1_0.social_type,
        m1_0.status,
        m1_0.updated_at 
    from
        member m1_0 
    where
        m1_0.email=? 
        and m1_0.role=?
2026-04-23 16:08:28.615 TRACE [e05759e1] org.hibernate.orm.jdbc.bind - binding parameter (1:VARCHAR) <- [guide27@localGuest.com]
2026-04-23 16:08:28.619 TRACE [e05759e1] org.hibernate.orm.jdbc.bind - binding parameter (2:ENUM) <- [GUIDE]
2026-04-23 16:08:28.661 DEBUG [e05759e1] org.hibernate.SQL - 
    /* <criteria> */ select
        gp1_0.id,
        gp1_0.average_rating,
        gp1_0.bio,
        gp1_0.created_at,
        gp1_0.default_course,
        gp1_0.guide_style,
        gp1_0.is_active,
        gp1_0.is_approved,
        gp1_0.keywords,
        gp1_0.language,
        gp1_0.local_story,
        gp1_0.member_id,
        gp1_0.nickname,
        gp1_0.price_per_hour,
        gp1_0.profile_image,
        gp1_0.region,
        gp1_0.residence_years,
        gp1_0.review_count,
        gp1_0.updated_at 
    from
        guide_profiles gp1_0 
    where
        gp1_0.member_id=?
2026-04-23 16:08:28.673 TRACE [e05759e1] org.hibernate.orm.jdbc.bind - binding parameter (1:BIGINT) <- [940027]
2026-04-23 16:08:28.709 DEBUG [e05759e1] org.hibernate.SQL - 
    /* <criteria> */ select
        mr1_0.id,
        mr1_0.budget_max_won,
        mr1_0.budget_min_won,
        mr1_0.cancel_reason,
        mr1_0.cancelled_by,
        mr1_0.concept,
        mr1_0.concept_summary,
        mr1_0.created_at,
        mr1_0.desired_budget,
        mr1_0.desired_date,
        mr1_0.destination,
        mr1_0.guest_id,
        mr1_0.guide_id,
        mr1_0.guide_schedule_id,
        mr1_0.propose_message,
        mr1_0.proposed_schedule,
        mr1_0.status,
        mr1_0.updated_at 
    from
        match_request mr1_0 
    where
        mr1_0.guide_id=?
2026-04-23 16:08:28.716 TRACE [e05759e1] org.hibernate.orm.jdbc.bind - binding parameter (1:BIGINT) <- [841027]
2026-04-23 16:08:28.811 INFO  [e05759e1] c.t.a.logging.MdcLoggingFilter - [HTTP] 요청 완료 - statusCode: 200, latencyMs: 312, requestUri: /api/matching/requests/guide/list, method: GET
2026-04-23 16:08:28.841 INFO  [28ed19d8] c.t.a.logging.MdcLoggingFilter - [HTTP] 요청 완료 - statusCode: 204, latencyMs: 756, requestUri: /api/matching/extensions/862027, method: GET
2026-04-23 16:08:28.848 INFO  [7f2137f1] c.t.a.logging.MdcLoggingFilter - [HTTP] 요청 완료 - statusCode: 204, latencyMs: 758, requestUri: /api/matching/extensions/862102, method: GET
2026-04-23 16:08:29.099 DEBUG [06ec2d71] org.hibernate.SQL - 
    /* <criteria> */ select
        m1_0.id,
        m1_0.created_at,
        m1_0.email,
        m1_0.name,
        m1_0.nickname,
        m1_0.password,
        m1_0.profile_image_url,
        m1_0.role,
        m1_0.social_type,
        m1_0.status,
        m1_0.updated_at 
    from
        member m1_0 
    where
        m1_0.email=? 
        and m1_0.role=?
2026-04-23 16:08:29.115 TRACE [06ec2d71] org.hibernate.orm.jdbc.bind - binding parameter (1:VARCHAR) <- [guide27@localGuest.com]
2026-04-23 16:08:29.115 DEBUG [4866327e] org.hibernate.SQL - 
    /* <criteria> */ select
        m1_0.id,
        m1_0.created_at,
        m1_0.email,
        m1_0.name,
        m1_0.nickname,
        m1_0.password,
        m1_0.profile_image_url,
        m1_0.role,
        m1_0.social_type,
        m1_0.status,
        m1_0.updated_at 
    from
        member m1_0 
    where
        m1_0.email=? 
        and m1_0.role=?
2026-04-23 16:08:29.121 TRACE [06ec2d71] org.hibernate.orm.jdbc.bind - binding parameter (2:ENUM) <- [GUIDE]
2026-04-23 16:08:29.123 TRACE [4866327e] org.hibernate.orm.jdbc.bind - binding parameter (1:VARCHAR) <- [guide27@localGuest.com]
2026-04-23 16:08:29.124 TRACE [4866327e] org.hibernate.orm.jdbc.bind - binding parameter (2:ENUM) <- [GUIDE]
2026-04-23 16:08:29.145 DEBUG [06ec2d71] org.hibernate.SQL - 
    /* <criteria> */ select
        gp1_0.id,
        gp1_0.average_rating,
        gp1_0.bio,
        gp1_0.created_at,
        gp1_0.default_course,
        gp1_0.guide_style,
        gp1_0.is_active,
        gp1_0.is_approved,
        gp1_0.keywords,
        gp1_0.language,
        gp1_0.local_story,
        gp1_0.member_id,
        gp1_0.nickname,
        gp1_0.price_per_hour,
        gp1_0.profile_image,
        gp1_0.region,
        gp1_0.residence_years,
        gp1_0.review_count,
        gp1_0.updated_at 
    from
        guide_profiles gp1_0 
    where
        gp1_0.member_id=?
2026-04-23 16:08:29.153 TRACE [06ec2d71] org.hibernate.orm.jdbc.bind - binding parameter (1:BIGINT) <- [940027]
2026-04-23 16:08:29.159 DEBUG [4866327e] org.hibernate.SQL - 
    /* <criteria> */ select
        gp1_0.id,
        gp1_0.average_rating,
        gp1_0.bio,
        gp1_0.created_at,
        gp1_0.default_course,
        gp1_0.guide_style,
        gp1_0.is_active,
        gp1_0.is_approved,
        gp1_0.keywords,
        gp1_0.language,
        gp1_0.local_story,
        gp1_0.member_id,
        gp1_0.nickname,
        gp1_0.price_per_hour,
        gp1_0.profile_image,
        gp1_0.region,
        gp1_0.residence_years,
        gp1_0.review_count,
        gp1_0.updated_at 
    from
        guide_profiles gp1_0 
    where
        gp1_0.member_id=?
2026-04-23 16:08:29.172 TRACE [4866327e] org.hibernate.orm.jdbc.bind - binding parameter (1:BIGINT) <- [940027]
2026-04-23 16:08:29.181 DEBUG [06ec2d71] org.hibernate.SQL - 
    select
        mr1_0.id,
        mr1_0.budget_max_won,
        mr1_0.budget_min_won,
        mr1_0.cancel_reason,
        mr1_0.cancelled_by,
        mr1_0.concept,
        mr1_0.concept_summary,
        mr1_0.created_at,
        mr1_0.desired_budget,
        mr1_0.desired_date,
        mr1_0.destination,
        mr1_0.guest_id,
        mr1_0.guide_id,
        mr1_0.guide_schedule_id,
        mr1_0.propose_message,
        mr1_0.proposed_schedule,
        mr1_0.status,
        mr1_0.updated_at 
    from
        match_request mr1_0 
    where
        mr1_0.id=?
2026-04-23 16:08:29.185 TRACE [06ec2d71] org.hibernate.orm.jdbc.bind - binding parameter (1:BIGINT) <- [862102]
2026-04-23 16:08:29.193 DEBUG [4866327e] org.hibernate.SQL - 
    select
        mr1_0.id,
        mr1_0.budget_max_won,
        mr1_0.budget_min_won,
        mr1_0.cancel_reason,
        mr1_0.cancelled_by,
        mr1_0.concept,
        mr1_0.concept_summary,
        mr1_0.created_at,
        mr1_0.desired_budget,
        mr1_0.desired_date,
        mr1_0.destination,
        mr1_0.guest_id,
        mr1_0.guide_id,
        mr1_0.guide_schedule_id,
        mr1_0.propose_message,
        mr1_0.proposed_schedule,
        mr1_0.status,
        mr1_0.updated_at 
    from
        match_request mr1_0 
    where
        mr1_0.id=?
2026-04-23 16:08:29.200 TRACE [4866327e] org.hibernate.orm.jdbc.bind - binding parameter (1:BIGINT) <- [862027]
2026-04-23 16:08:29.217 DEBUG [06ec2d71] org.hibernate.SQL - 
    /* <criteria> */ select
        te1_0.id,
        te1_0.created_at,
        te1_0.deadline_at,
        te1_0.extended_date,
        te1_0.extended_price,
        te1_0.guest_id,
        te1_0.guide_approved_at,
        te1_0.match_request_id,
        te1_0.requested_at,
        te1_0.status,
        te1_0.updated_at 
    from
        tour_extension te1_0 
    left join
        match_request mr1_0 
            on mr1_0.id=te1_0.match_request_id 
    where
        mr1_0.id=?
2026-04-23 16:08:29.242 TRACE [06ec2d71] org.hibernate.orm.jdbc.bind - binding parameter (1:BIGINT) <- [862102]
2026-04-23 16:08:29.261 DEBUG [4866327e] org.hibernate.SQL - 
    /* <criteria> */ select
        te1_0.id,
        te1_0.created_at,
        te1_0.deadline_at,
        te1_0.extended_date,
        te1_0.extended_price,
        te1_0.guest_id,
        te1_0.guide_approved_at,
        te1_0.match_request_id,
        te1_0.requested_at,
        te1_0.status,
        te1_0.updated_at 
    from
        tour_extension te1_0 
    left join
        match_request mr1_0 
            on mr1_0.id=te1_0.match_request_id 
    where
        mr1_0.id=?
2026-04-23 16:08:29.279 TRACE [4866327e] org.hibernate.orm.jdbc.bind - binding parameter (1:BIGINT) <- [862027]
2026-04-23 16:08:29.321 INFO  [06ec2d71] c.t.a.logging.MdcLoggingFilter - [HTTP] 요청 완료 - statusCode: 204, latencyMs: 343, requestUri: /api/matching/extensions/862102, method: GET
2026-04-23 16:08:29.321 INFO  [4866327e] c.t.a.logging.MdcLoggingFilter - [HTTP] 요청 완료 - statusCode: 204, latencyMs: 357, requestUri: /api/matching/extensions/862027, method: GET
2026-04-23 16:08:30.457 DEBUG [8e548f32] org.hibernate.SQL - 
    /* <criteria> */ select
        gp1_0.id,
        gp1_0.average_rating,
        gp1_0.bio,
        gp1_0.created_at,
        gp1_0.default_course,
        gp1_0.guide_style,
        gp1_0.is_active,
        gp1_0.is_approved,
        gp1_0.keywords,
        gp1_0.language,
        gp1_0.local_story,
        gp1_0.member_id,
        gp1_0.nickname,
        gp1_0.price_per_hour,
        gp1_0.profile_image,
        gp1_0.region,
        gp1_0.residence_years,
        gp1_0.review_count,
        gp1_0.updated_at 
    from
        guide_profiles gp1_0 
    where
        gp1_0.is_approved 
        and gp1_0.is_active
2026-04-23 16:08:30.831 INFO  [8e548f32] c.t.a.logging.MdcLoggingFilter - [HTTP] 요청 완료 - statusCode: 200, latencyMs: 438, requestUri: /api/guides, method: GET
2026-04-23 16:08:31.058 DEBUG [305438ac] org.hibernate.SQL - 
    /* <criteria> */ select
        gp1_0.id,
        gp1_0.average_rating,
        gp1_0.bio,
        gp1_0.created_at,
        gp1_0.default_course,
        gp1_0.guide_style,
        gp1_0.is_active,
        gp1_0.is_approved,
        gp1_0.keywords,
        gp1_0.language,
        gp1_0.local_story,
        gp1_0.member_id,
        gp1_0.nickname,
        gp1_0.price_per_hour,
        gp1_0.profile_image,
        gp1_0.region,
        gp1_0.residence_years,
        gp1_0.review_count,
        gp1_0.updated_at 
    from
        guide_profiles gp1_0 
    where
        gp1_0.is_approved 
        and gp1_0.is_active
2026-04-23 16:08:31.350 INFO  [305438ac] c.t.a.logging.MdcLoggingFilter - [HTTP] 요청 완료 - statusCode: 200, latencyMs: 338, requestUri: /api/guides, method: GET
2026-04-23 16:08:31.530 INFO  [f3f43e9e] c.t.m.c.c.NotificationController - [SSE Subscribe] User Email: guide27@localGuest.com
2026-04-23 16:08:33.049 INFO  [f3f43e9e] c.t.a.logging.MdcLoggingFilter - [HTTP] 요청 완료 - statusCode: 200, latencyMs: 2649, requestUri: /api/notifications/subscribe, method: GET
2026-04-23 16:08:33.149 DEBUG [7ac27145] org.hibernate.SQL - 
    /* SELECT
        DISTINCT r 
    FROM
        ChatRoom r 
    JOIN
        
    FETCH
        r.participants p 
    WHERE
        r.id IN (SELECT
            r2.id 
        FROM
            ChatRoom r2 
        JOIN
            r2.participants p2 
        WHERE
            p2.userEmail = :userEmail) */ select
            distinct cr1_0.id,
            cr1_0.created_at,
            cr1_0.last_message,
            cr1_0.last_message_at,
            cr1_0.owner_email,
            cr1_0.participant_count,
            p1_0.chat_room_id,
            p1_0.id,
            p1_0.created_at,
            p1_0.is_alarm_on,
            p1_0.last_read_at,
            p1_0.updated_at,
            p1_0.user_email,
            p1_0.user_id,
            p1_0.user_nickname,
            cr1_0.room_id,
            cr1_0.title,
            cr1_0.updated_at 
        from
            chat_rooms cr1_0 
        join
            chat_participants p1_0 
                on cr1_0.id=p1_0.chat_room_id 
        where
            cr1_0.id in (select
                cr2_0.id 
            from
                chat_rooms cr2_0 
            join
                chat_participants p2_0 
                    on cr2_0.id=p2_0.chat_room_id 
            where
                p2_0.user_email=?)
2026-04-23 16:08:33.152 TRACE [7ac27145] org.hibernate.orm.jdbc.bind - binding parameter (1:VARCHAR) <- [guide27@localGuest.com]
2026-04-23 16:08:33.332 INFO  [7ac27145] c.t.a.logging.MdcLoggingFilter - [HTTP] 요청 완료 - statusCode: 200, latencyMs: 493, requestUri: /api/chat/rooms, method: GET
2026-04-23 16:08:33.479 INFO  [d5837d5e] c.t.a.logging.MdcLoggingFilter - [HTTP] 요청 완료 - statusCode: 200, latencyMs: 3084, requestUri: /api/matching/chat/rooms, method: GET
2026-04-23 16:08:33.831 DEBUG [08e51851] org.hibernate.SQL - 
    /* SELECT
        DISTINCT r 
    FROM
        ChatRoom r 
    JOIN
        
    FETCH
        r.participants p 
    WHERE
        r.id IN (SELECT
            r2.id 
        FROM
            ChatRoom r2 
        JOIN
            r2.participants p2 
        WHERE
            p2.userEmail = :userEmail) */ select
            distinct cr1_0.id,
            cr1_0.created_at,
            cr1_0.last_message,
            cr1_0.last_message_at,
            cr1_0.owner_email,
            cr1_0.participant_count,
            p1_0.chat_room_id,
            p1_0.id,
            p1_0.created_at,
            p1_0.is_alarm_on,
            p1_0.last_read_at,
            p1_0.updated_at,
            p1_0.user_email,
            p1_0.user_id,
            p1_0.user_nickname,
            cr1_0.room_id,
            cr1_0.title,
            cr1_0.updated_at 
        from
            chat_rooms cr1_0 
        join
            chat_participants p1_0 
                on cr1_0.id=p1_0.chat_room_id 
        where
            cr1_0.id in (select
                cr2_0.id 
            from
                chat_rooms cr2_0 
            join
                chat_participants p2_0 
                    on cr2_0.id=p2_0.chat_room_id 
            where
                p2_0.user_email=?)
2026-04-23 16:08:33.837 TRACE [08e51851] org.hibernate.orm.jdbc.bind - binding parameter (1:VARCHAR) <- [guide27@localGuest.com]
2026-04-23 16:08:33.879 INFO  [08e51851] c.t.a.logging.MdcLoggingFilter - [HTTP] 요청 완료 - statusCode: 200, latencyMs: 192, requestUri: /api/chat/rooms, method: GET
2026-04-23 16:08:33.896 INFO  [571f549e] c.t.a.logging.MdcLoggingFilter - [HTTP] 요청 완료 - statusCode: 200, latencyMs: 398, requestUri: /api/matching/chat/rooms, method: GET
2026-04-23 16:08:35.735 DEBUG [063b3d39] org.hibernate.SQL - 
    select
        gp1_0.id,
        gp1_0.average_rating,
        gp1_0.bio,
        gp1_0.created_at,
        gp1_0.default_course,
        gp1_0.guide_style,
        gp1_0.is_active,
        gp1_0.is_approved,
        gp1_0.keywords,
        gp1_0.language,
        gp1_0.local_story,
        gp1_0.member_id,
        gp1_0.nickname,
        gp1_0.price_per_hour,
        gp1_0.profile_image,
        gp1_0.region,
        gp1_0.residence_years,
        gp1_0.review_count,
        gp1_0.updated_at 
    from
        guide_profiles gp1_0 
    where
        gp1_0.id=?
2026-04-23 16:08:35.740 TRACE [063b3d39] org.hibernate.orm.jdbc.bind - binding parameter (1:BIGINT) <- [841027]
2026-04-23 16:08:35.764 INFO  [063b3d39] c.t.a.logging.MdcLoggingFilter - [HTTP] 요청 완료 - statusCode: 200, latencyMs: 64, requestUri: /api/guides/841027, method: GET
2026-04-23 16:08:35.839 DEBUG [08c6ce81] org.hibernate.SQL - 
    select
        gp1_0.id,
        gp1_0.average_rating,
        gp1_0.bio,
        gp1_0.created_at,
        gp1_0.default_course,
        gp1_0.guide_style,
        gp1_0.is_active,
        gp1_0.is_approved,
        gp1_0.keywords,
        gp1_0.language,
        gp1_0.local_story,
        gp1_0.member_id,
        gp1_0.nickname,
        gp1_0.price_per_hour,
        gp1_0.profile_image,
        gp1_0.region,
        gp1_0.residence_years,
        gp1_0.review_count,
        gp1_0.updated_at 
    from
        guide_profiles gp1_0 
    where
        gp1_0.id=?
2026-04-23 16:08:35.843 TRACE [08c6ce81] org.hibernate.orm.jdbc.bind - binding parameter (1:BIGINT) <- [841027]
2026-04-23 16:08:35.873 INFO  [08c6ce81] c.t.a.logging.MdcLoggingFilter - [HTTP] 요청 완료 - statusCode: 200, latencyMs: 81, requestUri: /api/guides/841027, method: GET
2026-04-23 16:08:37.520 DEBUG [d3cc4de3] org.hibernate.SQL - 
    /* <criteria> */ select
        m1_0.id,
        m1_0.created_at,
        m1_0.email,
        m1_0.name,
        m1_0.nickname,
        m1_0.password,
        m1_0.profile_image_url,
        m1_0.role,
        m1_0.social_type,
        m1_0.status,
        m1_0.updated_at 
    from
        member m1_0 
    where
        m1_0.email=? 
        and m1_0.role=?
2026-04-23 16:08:37.526 TRACE [d3cc4de3] org.hibernate.orm.jdbc.bind - binding parameter (1:VARCHAR) <- [guide27@localGuest.com]
2026-04-23 16:08:37.528 TRACE [d3cc4de3] org.hibernate.orm.jdbc.bind - binding parameter (2:ENUM) <- [GUIDE]
2026-04-23 16:08:37.537 DEBUG [a721bc84] org.hibernate.SQL - 
    /* <criteria> */ select
        gs1_0.id,
        gs1_0.available_date,
        gs1_0.course_detail,
        gs1_0.created_at,
        gs1_0.end_time,
        gs1_0.guide_message,
        gs1_0.guide_id,
        gs1_0.is_paid,
        gs1_0.match_request_id,
        gs1_0.meeting_point,
        gs1_0.start_time,
        gs1_0.status,
        gs1_0.updated_at 
    from
        guide_schedules gs1_0 
    left join
        guide_profiles gp1_0 
            on gp1_0.id=gs1_0.guide_id 
    where
        gp1_0.id=? 
    order by
        gs1_0.available_date
2026-04-23 16:08:37.541 TRACE [a721bc84] org.hibernate.orm.jdbc.bind - binding parameter (1:BIGINT) <- [841027]
2026-04-23 16:08:37.564 DEBUG [d3cc4de3] org.hibernate.SQL - 
    /* <criteria> */ select
        gp1_0.id,
        gp1_0.average_rating,
        gp1_0.bio,
        gp1_0.created_at,
        gp1_0.default_course,
        gp1_0.guide_style,
        gp1_0.is_active,
        gp1_0.is_approved,
        gp1_0.keywords,
        gp1_0.language,
        gp1_0.local_story,
        gp1_0.member_id,
        gp1_0.nickname,
        gp1_0.price_per_hour,
        gp1_0.profile_image,
        gp1_0.region,
        gp1_0.residence_years,
        gp1_0.review_count,
        gp1_0.updated_at 
    from
        guide_profiles gp1_0 
    where
        gp1_0.member_id=?
2026-04-23 16:08:37.576 TRACE [d3cc4de3] org.hibernate.orm.jdbc.bind - binding parameter (1:BIGINT) <- [940027]
2026-04-23 16:08:37.609 INFO  [a721bc84] c.t.a.logging.MdcLoggingFilter - [HTTP] 요청 완료 - statusCode: 200, latencyMs: 147, requestUri: /api/guides/841027/schedules, method: GET
2026-04-23 16:08:37.636 DEBUG [d3cc4de3] org.hibernate.SQL - 
    /* <criteria> */ select
        mr1_0.id,
        mr1_0.budget_max_won,
        mr1_0.budget_min_won,
        mr1_0.cancel_reason,
        mr1_0.cancelled_by,
        mr1_0.concept,
        mr1_0.concept_summary,
        mr1_0.created_at,
        mr1_0.desired_budget,
        mr1_0.desired_date,
        mr1_0.destination,
        mr1_0.guest_id,
        mr1_0.guide_id,
        mr1_0.guide_schedule_id,
        mr1_0.propose_message,
        mr1_0.proposed_schedule,
        mr1_0.status,
        mr1_0.updated_at 
    from
        match_request mr1_0 
    where
        mr1_0.guide_id=?
2026-04-23 16:08:37.641 TRACE [d3cc4de3] org.hibernate.orm.jdbc.bind - binding parameter (1:BIGINT) <- [841027]
2026-04-23 16:08:37.693 INFO  [d3cc4de3] c.t.a.logging.MdcLoggingFilter - [HTTP] 요청 완료 - statusCode: 200, latencyMs: 296, requestUri: /api/matching/requests/guide/list, method: GET
2026-04-23 16:08:37.913 DEBUG [381b7c23] org.hibernate.SQL - 
    /* <criteria> */ select
        m1_0.id,
        m1_0.created_at,
        m1_0.email,
        m1_0.name,
        m1_0.nickname,
        m1_0.password,
        m1_0.profile_image_url,
        m1_0.role,
        m1_0.social_type,
        m1_0.status,
        m1_0.updated_at 
    from
        member m1_0 
    where
        m1_0.email=? 
        and m1_0.role=?
2026-04-23 16:08:37.924 TRACE [381b7c23] org.hibernate.orm.jdbc.bind - binding parameter (1:VARCHAR) <- [guide27@localGuest.com]
2026-04-23 16:08:37.926 TRACE [381b7c23] org.hibernate.orm.jdbc.bind - binding parameter (2:ENUM) <- [GUIDE]
2026-04-23 16:08:37.945 DEBUG [87523d12] org.hibernate.SQL - 
    /* <criteria> */ select
        m1_0.id,
        m1_0.created_at,
        m1_0.email,
        m1_0.name,
        m1_0.nickname,
        m1_0.password,
        m1_0.profile_image_url,
        m1_0.role,
        m1_0.social_type,
        m1_0.status,
        m1_0.updated_at 
    from
        member m1_0 
    where
        m1_0.email=? 
        and m1_0.role=?
2026-04-23 16:08:37.945 DEBUG [d932a4ea] org.hibernate.SQL - 
    /* <criteria> */ select
        m1_0.id,
        m1_0.created_at,
        m1_0.email,
        m1_0.name,
        m1_0.nickname,
        m1_0.password,
        m1_0.profile_image_url,
        m1_0.role,
        m1_0.social_type,
        m1_0.status,
        m1_0.updated_at 
    from
        member m1_0 
    where
        m1_0.email=? 
        and m1_0.role=?
2026-04-23 16:08:37.949 TRACE [87523d12] org.hibernate.orm.jdbc.bind - binding parameter (1:VARCHAR) <- [guide27@localGuest.com]
2026-04-23 16:08:37.952 DEBUG [381b7c23] org.hibernate.SQL - 
    /* <criteria> */ select
        gp1_0.id,
        gp1_0.average_rating,
        gp1_0.bio,
        gp1_0.created_at,
        gp1_0.default_course,
        gp1_0.guide_style,
        gp1_0.is_active,
        gp1_0.is_approved,
        gp1_0.keywords,
        gp1_0.language,
        gp1_0.local_story,
        gp1_0.member_id,
        gp1_0.nickname,
        gp1_0.price_per_hour,
        gp1_0.profile_image,
        gp1_0.region,
        gp1_0.residence_years,
        gp1_0.review_count,
        gp1_0.updated_at 
    from
        guide_profiles gp1_0 
    where
        gp1_0.member_id=?
2026-04-23 16:08:37.953 TRACE [87523d12] org.hibernate.orm.jdbc.bind - binding parameter (2:ENUM) <- [GUIDE]
2026-04-23 16:08:37.954 TRACE [d932a4ea] org.hibernate.orm.jdbc.bind - binding parameter (1:VARCHAR) <- [guide27@localGuest.com]
2026-04-23 16:08:37.956 TRACE [d932a4ea] org.hibernate.orm.jdbc.bind - binding parameter (2:ENUM) <- [GUIDE]
2026-04-23 16:08:37.956 TRACE [381b7c23] org.hibernate.orm.jdbc.bind - binding parameter (1:BIGINT) <- [940027]
2026-04-23 16:08:37.977 DEBUG [87523d12] org.hibernate.SQL - 
    /* <criteria> */ select
        gp1_0.id,
        gp1_0.average_rating,
        gp1_0.bio,
        gp1_0.created_at,
        gp1_0.default_course,
        gp1_0.guide_style,
        gp1_0.is_active,
        gp1_0.is_approved,
        gp1_0.keywords,
        gp1_0.language,
        gp1_0.local_story,
        gp1_0.member_id,
        gp1_0.nickname,
        gp1_0.price_per_hour,
        gp1_0.profile_image,
        gp1_0.region,
        gp1_0.residence_years,
        gp1_0.review_count,
        gp1_0.updated_at 
    from
        guide_profiles gp1_0 
    where
        gp1_0.member_id=?
2026-04-23 16:08:37.979 DEBUG [d932a4ea] org.hibernate.SQL - 
    /* <criteria> */ select
        gp1_0.id,
        gp1_0.average_rating,
        gp1_0.bio,
        gp1_0.created_at,
        gp1_0.default_course,
        gp1_0.guide_style,
        gp1_0.is_active,
        gp1_0.is_approved,
        gp1_0.keywords,
        gp1_0.language,
        gp1_0.local_story,
        gp1_0.member_id,
        gp1_0.nickname,
        gp1_0.price_per_hour,
        gp1_0.profile_image,
        gp1_0.region,
        gp1_0.residence_years,
        gp1_0.review_count,
        gp1_0.updated_at 
    from
        guide_profiles gp1_0 
    where
        gp1_0.member_id=?
2026-04-23 16:08:37.981 TRACE [87523d12] org.hibernate.orm.jdbc.bind - binding parameter (1:BIGINT) <- [940027]
2026-04-23 16:08:37.979 DEBUG [381b7c23] org.hibernate.SQL - 
    /* <criteria> */ select
        mr1_0.id,
        mr1_0.budget_max_won,
        mr1_0.budget_min_won,
        mr1_0.cancel_reason,
        mr1_0.cancelled_by,
        mr1_0.concept,
        mr1_0.concept_summary,
        mr1_0.created_at,
        mr1_0.desired_budget,
        mr1_0.desired_date,
        mr1_0.destination,
        mr1_0.guest_id,
        mr1_0.guide_id,
        mr1_0.guide_schedule_id,
        mr1_0.propose_message,
        mr1_0.proposed_schedule,
        mr1_0.status,
        mr1_0.updated_at 
    from
        match_request mr1_0 
    where
        mr1_0.guide_id=?
2026-04-23 16:08:37.985 TRACE [381b7c23] org.hibernate.orm.jdbc.bind - binding parameter (1:BIGINT) <- [841027]
2026-04-23 16:08:38.021 DEBUG [87523d12] org.hibernate.SQL - 
    select
        mr1_0.id,
        mr1_0.budget_max_won,
        mr1_0.budget_min_won,
        mr1_0.cancel_reason,
        mr1_0.cancelled_by,
        mr1_0.concept,
        mr1_0.concept_summary,
        mr1_0.created_at,
        mr1_0.desired_budget,
        mr1_0.desired_date,
        mr1_0.destination,
        mr1_0.guest_id,
        mr1_0.guide_id,
        mr1_0.guide_schedule_id,
        mr1_0.propose_message,
        mr1_0.proposed_schedule,
        mr1_0.status,
        mr1_0.updated_at 
    from
        match_request mr1_0 
    where
        mr1_0.id=?
2026-04-23 16:08:38.046 TRACE [d932a4ea] org.hibernate.orm.jdbc.bind - binding parameter (1:BIGINT) <- [940027]
2026-04-23 16:08:38.048 TRACE [87523d12] org.hibernate.orm.jdbc.bind - binding parameter (1:BIGINT) <- [862027]
2026-04-23 16:08:38.079 DEBUG [d932a4ea] org.hibernate.SQL - 
    select
        mr1_0.id,
        mr1_0.budget_max_won,
        mr1_0.budget_min_won,
        mr1_0.cancel_reason,
        mr1_0.cancelled_by,
        mr1_0.concept,
        mr1_0.concept_summary,
        mr1_0.created_at,
        mr1_0.desired_budget,
        mr1_0.desired_date,
        mr1_0.destination,
        mr1_0.guest_id,
        mr1_0.guide_id,
        mr1_0.guide_schedule_id,
        mr1_0.propose_message,
        mr1_0.proposed_schedule,
        mr1_0.status,
        mr1_0.updated_at 
    from
        match_request mr1_0 
    where
        mr1_0.id=?
2026-04-23 16:08:38.089 TRACE [d932a4ea] org.hibernate.orm.jdbc.bind - binding parameter (1:BIGINT) <- [862102]
2026-04-23 16:08:38.120 INFO  [381b7c23] c.t.a.logging.MdcLoggingFilter - [HTTP] 요청 완료 - statusCode: 200, latencyMs: 310, requestUri: /api/matching/requests/guide/list, method: GET
2026-04-23 16:08:38.133 DEBUG [87523d12] org.hibernate.SQL - 
    /* <criteria> */ select
        te1_0.id,
        te1_0.created_at,
        te1_0.deadline_at,
        te1_0.extended_date,
        te1_0.extended_price,
        te1_0.guest_id,
        te1_0.guide_approved_at,
        te1_0.match_request_id,
        te1_0.requested_at,
        te1_0.status,
        te1_0.updated_at 
    from
        tour_extension te1_0 
    left join
        match_request mr1_0 
            on mr1_0.id=te1_0.match_request_id 
    where
        mr1_0.id=?
2026-04-23 16:08:38.193 DEBUG [d932a4ea] org.hibernate.SQL - 
    /* <criteria> */ select
        te1_0.id,
        te1_0.created_at,
        te1_0.deadline_at,
        te1_0.extended_date,
        te1_0.extended_price,
        te1_0.guest_id,
        te1_0.guide_approved_at,
        te1_0.match_request_id,
        te1_0.requested_at,
        te1_0.status,
        te1_0.updated_at 
    from
        tour_extension te1_0 
    left join
        match_request mr1_0 
            on mr1_0.id=te1_0.match_request_id 
    where
        mr1_0.id=?
2026-04-23 16:08:38.333 DEBUG [db74ed50] org.hibernate.SQL - 
    /* <criteria> */ select
        m1_0.id,
        m1_0.created_at,
        m1_0.email,
        m1_0.name,
        m1_0.nickname,
        m1_0.password,
        m1_0.profile_image_url,
        m1_0.role,
        m1_0.social_type,
        m1_0.status,
        m1_0.updated_at 
    from
        member m1_0 
    where
        m1_0.email=? 
        and m1_0.role=?
2026-04-23 16:08:38.791 TRACE [87523d12] org.hibernate.orm.jdbc.bind - binding parameter (1:BIGINT) <- [862027]
2026-04-23 16:08:38.922 TRACE [db74ed50] org.hibernate.orm.jdbc.bind - binding parameter (1:VARCHAR) <- [guide27@localGuest.com]
2026-04-23 16:08:38.964 TRACE [db74ed50] org.hibernate.orm.jdbc.bind - binding parameter (2:ENUM) <- [GUIDE]
2026-04-23 16:08:38.932 TRACE [d932a4ea] org.hibernate.orm.jdbc.bind - binding parameter (1:BIGINT) <- [862102]
2026-04-23 16:08:39.133 INFO  [87523d12] c.t.a.logging.MdcLoggingFilter - [HTTP] 요청 완료 - statusCode: 204, latencyMs: 1283, requestUri: /api/matching/extensions/862027, method: GET
2026-04-23 16:08:39.143 DEBUG [db74ed50] org.hibernate.SQL - 
    /* <criteria> */ select
        gp1_0.id,
        gp1_0.average_rating,
        gp1_0.bio,
        gp1_0.created_at,
        gp1_0.default_course,
        gp1_0.guide_style,
        gp1_0.is_active,
        gp1_0.is_approved,
        gp1_0.keywords,
        gp1_0.language,
        gp1_0.local_story,
        gp1_0.member_id,
        gp1_0.nickname,
        gp1_0.price_per_hour,
        gp1_0.profile_image,
        gp1_0.region,
        gp1_0.residence_years,
        gp1_0.review_count,
        gp1_0.updated_at 
    from
        guide_profiles gp1_0 
    where
        gp1_0.member_id=?
2026-04-23 16:08:39.171 TRACE [db74ed50] org.hibernate.orm.jdbc.bind - binding parameter (1:BIGINT) <- [940027]
2026-04-23 16:08:39.189 INFO  [d932a4ea] c.t.a.logging.MdcLoggingFilter - [HTTP] 요청 완료 - statusCode: 204, latencyMs: 1331, requestUri: /api/matching/extensions/862102, method: GET
2026-04-23 16:08:39.347 DEBUG [aef87ac5] org.hibernate.SQL - 
    /* <criteria> */ select
        m1_0.id,
        m1_0.created_at,
        m1_0.email,
        m1_0.name,
        m1_0.nickname,
        m1_0.password,
        m1_0.profile_image_url,
        m1_0.role,
        m1_0.social_type,
        m1_0.status,
        m1_0.updated_at 
    from
        member m1_0 
    where
        m1_0.email=? 
        and m1_0.role=?
2026-04-23 16:08:39.444 TRACE [aef87ac5] org.hibernate.orm.jdbc.bind - binding parameter (1:VARCHAR) <- [guide27@localGuest.com]
2026-04-23 16:08:39.446 TRACE [aef87ac5] org.hibernate.orm.jdbc.bind - binding parameter (2:ENUM) <- [GUIDE]
2026-04-23 16:08:39.481 DEBUG [db74ed50] org.hibernate.SQL - 
    /* <criteria> */ select
        mr1_0.id,
        mr1_0.budget_max_won,
        mr1_0.budget_min_won,
        mr1_0.cancel_reason,
        mr1_0.cancelled_by,
        mr1_0.concept,
        mr1_0.concept_summary,
        mr1_0.created_at,
        mr1_0.desired_budget,
        mr1_0.desired_date,
        mr1_0.destination,
        mr1_0.guest_id,
        mr1_0.guide_id,
        mr1_0.guide_schedule_id,
        mr1_0.propose_message,
        mr1_0.proposed_schedule,
        mr1_0.status,
        mr1_0.updated_at 
    from
        match_request mr1_0 
    where
        mr1_0.guide_id=?
2026-04-23 16:08:39.491 TRACE [db74ed50] org.hibernate.orm.jdbc.bind - binding parameter (1:BIGINT) <- [841027]
2026-04-23 16:08:39.493 DEBUG [aef87ac5] org.hibernate.SQL - 
    /* <criteria> */ select
        gp1_0.id,
        gp1_0.average_rating,
        gp1_0.bio,
        gp1_0.created_at,
        gp1_0.default_course,
        gp1_0.guide_style,
        gp1_0.is_active,
        gp1_0.is_approved,
        gp1_0.keywords,
        gp1_0.language,
        gp1_0.local_story,
        gp1_0.member_id,
        gp1_0.nickname,
        gp1_0.price_per_hour,
        gp1_0.profile_image,
        gp1_0.region,
        gp1_0.residence_years,
        gp1_0.review_count,
        gp1_0.updated_at 
    from
        guide_profiles gp1_0 
    where
        gp1_0.member_id=?
2026-04-23 16:08:39.544 INFO  [db74ed50] c.t.a.logging.MdcLoggingFilter - [HTTP] 요청 완료 - statusCode: 200, latencyMs: 1285, requestUri: /api/matching/requests/guide/list, method: GET
2026-04-23 16:08:39.581 DEBUG [3455bb7c] org.hibernate.SQL - 
    /* <criteria> */ select
        m1_0.id,
        m1_0.created_at,
        m1_0.email,
        m1_0.name,
        m1_0.nickname,
        m1_0.password,
        m1_0.profile_image_url,
        m1_0.role,
        m1_0.social_type,
        m1_0.status,
        m1_0.updated_at 
    from
        member m1_0 
    where
        m1_0.email=? 
        and m1_0.role=?
2026-04-23 16:08:39.636 DEBUG [ab2acc40] org.hibernate.SQL - 
    /* <criteria> */ select
        m1_0.id,
        m1_0.created_at,
        m1_0.email,
        m1_0.name,
        m1_0.nickname,
        m1_0.password,
        m1_0.profile_image_url,
        m1_0.role,
        m1_0.social_type,
        m1_0.status,
        m1_0.updated_at 
    from
        member m1_0 
    where
        m1_0.email=? 
        and m1_0.role=?
2026-04-23 16:08:39.681 TRACE [aef87ac5] org.hibernate.orm.jdbc.bind - binding parameter (1:BIGINT) <- [940027]
2026-04-23 16:08:39.681 TRACE [3455bb7c] org.hibernate.orm.jdbc.bind - binding parameter (1:VARCHAR) <- [guide27@localGuest.com]
2026-04-23 16:08:39.691 TRACE [3455bb7c] org.hibernate.orm.jdbc.bind - binding parameter (2:ENUM) <- [GUIDE]
2026-04-23 16:08:39.692 TRACE [ab2acc40] org.hibernate.orm.jdbc.bind - binding parameter (1:VARCHAR) <- [guide27@localGuest.com]
2026-04-23 16:08:39.694 TRACE [ab2acc40] org.hibernate.orm.jdbc.bind - binding parameter (2:ENUM) <- [GUIDE]
2026-04-23 16:08:39.729 DEBUG [3455bb7c] org.hibernate.SQL - 
    /* <criteria> */ select
        gp1_0.id,
        gp1_0.average_rating,
        gp1_0.bio,
        gp1_0.created_at,
        gp1_0.default_course,
        gp1_0.guide_style,
        gp1_0.is_active,
        gp1_0.is_approved,
        gp1_0.keywords,
        gp1_0.language,
        gp1_0.local_story,
        gp1_0.member_id,
        gp1_0.nickname,
        gp1_0.price_per_hour,
        gp1_0.profile_image,
        gp1_0.region,
        gp1_0.residence_years,
        gp1_0.review_count,
        gp1_0.updated_at 
    from
        guide_profiles gp1_0 
    where
        gp1_0.member_id=?
2026-04-23 16:08:39.733 DEBUG [aef87ac5] org.hibernate.SQL - 
    select
        mr1_0.id,
        mr1_0.budget_max_won,
        mr1_0.budget_min_won,
        mr1_0.cancel_reason,
        mr1_0.cancelled_by,
        mr1_0.concept,
        mr1_0.concept_summary,
        mr1_0.created_at,
        mr1_0.desired_budget,
        mr1_0.desired_date,
        mr1_0.destination,
        mr1_0.guest_id,
        mr1_0.guide_id,
        mr1_0.guide_schedule_id,
        mr1_0.propose_message,
        mr1_0.proposed_schedule,
        mr1_0.status,
        mr1_0.updated_at 
    from
        match_request mr1_0 
    where
        mr1_0.id=?
2026-04-23 16:08:39.746 DEBUG [ab2acc40] org.hibernate.SQL - 
    /* <criteria> */ select
        gp1_0.id,
        gp1_0.average_rating,
        gp1_0.bio,
        gp1_0.created_at,
        gp1_0.default_course,
        gp1_0.guide_style,
        gp1_0.is_active,
        gp1_0.is_approved,
        gp1_0.keywords,
        gp1_0.language,
        gp1_0.local_story,
        gp1_0.member_id,
        gp1_0.nickname,
        gp1_0.price_per_hour,
        gp1_0.profile_image,
        gp1_0.region,
        gp1_0.residence_years,
        gp1_0.review_count,
        gp1_0.updated_at 
    from
        guide_profiles gp1_0 
    where
        gp1_0.member_id=?
2026-04-23 16:08:39.872 TRACE [3455bb7c] org.hibernate.orm.jdbc.bind - binding parameter (1:BIGINT) <- [940027]
2026-04-23 16:08:39.872 TRACE [aef87ac5] org.hibernate.orm.jdbc.bind - binding parameter (1:BIGINT) <- [862027]
2026-04-23 16:08:39.873 TRACE [ab2acc40] org.hibernate.orm.jdbc.bind - binding parameter (1:BIGINT) <- [940027]
2026-04-23 16:08:39.897 DEBUG [3455bb7c] org.hibernate.SQL - 
    select
        mr1_0.id,
        mr1_0.budget_max_won,
        mr1_0.budget_min_won,
        mr1_0.cancel_reason,
        mr1_0.cancelled_by,
        mr1_0.concept,
        mr1_0.concept_summary,
        mr1_0.created_at,
        mr1_0.desired_budget,
        mr1_0.desired_date,
        mr1_0.destination,
        mr1_0.guest_id,
        mr1_0.guide_id,
        mr1_0.guide_schedule_id,
        mr1_0.propose_message,
        mr1_0.proposed_schedule,
        mr1_0.status,
        mr1_0.updated_at 
    from
        match_request mr1_0 
    where
        mr1_0.id=?
2026-04-23 16:08:39.905 TRACE [3455bb7c] org.hibernate.orm.jdbc.bind - binding parameter (1:BIGINT) <- [862102]
2026-04-23 16:08:39.911 DEBUG [aef87ac5] org.hibernate.SQL - 
    /* <criteria> */ select
        te1_0.id,
        te1_0.created_at,
        te1_0.deadline_at,
        te1_0.extended_date,
        te1_0.extended_price,
        te1_0.guest_id,
        te1_0.guide_approved_at,
        te1_0.match_request_id,
        te1_0.requested_at,
        te1_0.status,
        te1_0.updated_at 
    from
        tour_extension te1_0 
    left join
        match_request mr1_0 
            on mr1_0.id=te1_0.match_request_id 
    where
        mr1_0.id=?
2026-04-23 16:08:39.907 DEBUG [ab2acc40] org.hibernate.SQL - 
    /* <criteria> */ select
        mr1_0.id,
        mr1_0.budget_max_won,
        mr1_0.budget_min_won,
        mr1_0.cancel_reason,
        mr1_0.cancelled_by,
        mr1_0.concept,
        mr1_0.concept_summary,
        mr1_0.created_at,
        mr1_0.desired_budget,
        mr1_0.desired_date,
        mr1_0.destination,
        mr1_0.guest_id,
        mr1_0.guide_id,
        mr1_0.guide_schedule_id,
        mr1_0.propose_message,
        mr1_0.proposed_schedule,
        mr1_0.status,
        mr1_0.updated_at 
    from
        match_request mr1_0 
    where
        mr1_0.guide_id=?
2026-04-23 16:08:39.944 DEBUG [3455bb7c] org.hibernate.SQL - 
    /* <criteria> */ select
        te1_0.id,
        te1_0.created_at,
        te1_0.deadline_at,
        te1_0.extended_date,
        te1_0.extended_price,
        te1_0.guest_id,
        te1_0.guide_approved_at,
        te1_0.match_request_id,
        te1_0.requested_at,
        te1_0.status,
        te1_0.updated_at 
    from
        tour_extension te1_0 
    left join
        match_request mr1_0 
            on mr1_0.id=te1_0.match_request_id 
    where
        mr1_0.id=?
2026-04-23 16:08:39.958 TRACE [aef87ac5] org.hibernate.orm.jdbc.bind - binding parameter (1:BIGINT) <- [862027]
2026-04-23 16:08:39.962 TRACE [ab2acc40] org.hibernate.orm.jdbc.bind - binding parameter (1:BIGINT) <- [841027]
2026-04-23 16:08:39.962 TRACE [3455bb7c] org.hibernate.orm.jdbc.bind - binding parameter (1:BIGINT) <- [862102]
2026-04-23 16:08:39.991 INFO  [aef87ac5] c.t.a.logging.MdcLoggingFilter - [HTTP] 요청 완료 - statusCode: 204, latencyMs: 782, requestUri: /api/matching/extensions/862027, method: GET
2026-04-23 16:08:39.999 INFO  [3455bb7c] c.t.a.logging.MdcLoggingFilter - [HTTP] 요청 완료 - statusCode: 204, latencyMs: 492, requestUri: /api/matching/extensions/862102, method: GET
2026-04-23 16:08:40.012 INFO  [ab2acc40] c.t.a.logging.MdcLoggingFilter - [HTTP] 요청 완료 - statusCode: 200, latencyMs: 436, requestUri: /api/matching/requests/guide/list, method: GET
2026-04-23 16:08:41.189 DEBUG [0c22f769] org.hibernate.SQL - 
    select
        gp1_0.id,
        gp1_0.average_rating,
        gp1_0.bio,
        gp1_0.created_at,
        gp1_0.default_course,
        gp1_0.guide_style,
        gp1_0.is_active,
        gp1_0.is_approved,
        gp1_0.keywords,
        gp1_0.language,
        gp1_0.local_story,
        gp1_0.member_id,
        gp1_0.nickname,
        gp1_0.price_per_hour,
        gp1_0.profile_image,
        gp1_0.region,
        gp1_0.residence_years,
        gp1_0.review_count,
        gp1_0.updated_at 
    from
        guide_profiles gp1_0 
    where
        gp1_0.id=?
2026-04-23 16:08:41.193 TRACE [0c22f769] org.hibernate.orm.jdbc.bind - binding parameter (1:BIGINT) <- [841027]
2026-04-23 16:08:41.226 INFO  [0c22f769] c.t.a.logging.MdcLoggingFilter - [HTTP] 요청 완료 - statusCode: 200, latencyMs: 66, requestUri: /api/guides/841027, method: GET
2026-04-23 16:08:41.300 DEBUG [a7728351] org.hibernate.SQL - 
    select
        gp1_0.id,
        gp1_0.average_rating,
        gp1_0.bio,
        gp1_0.created_at,
        gp1_0.default_course,
        gp1_0.guide_style,
        gp1_0.is_active,
        gp1_0.is_approved,
        gp1_0.keywords,
        gp1_0.language,
        gp1_0.local_story,
        gp1_0.member_id,
        gp1_0.nickname,
        gp1_0.price_per_hour,
        gp1_0.profile_image,
        gp1_0.region,
        gp1_0.residence_years,
        gp1_0.review_count,
        gp1_0.updated_at 
    from
        guide_profiles gp1_0 
    where
        gp1_0.id=?
2026-04-23 16:08:41.304 TRACE [a7728351] org.hibernate.orm.jdbc.bind - binding parameter (1:BIGINT) <- [841027]
2026-04-23 16:08:41.341 INFO  [a7728351] c.t.a.logging.MdcLoggingFilter - [HTTP] 요청 완료 - statusCode: 200, latencyMs: 85, requestUri: /api/guides/841027, method: GET
2026-04-23 16:08:43.239 DEBUG [01741800] org.hibernate.SQL - 
    /* <criteria> */ select
        gf1_0.id,
        gf1_0.content,
        gf1_0.created_at,
        gf1_0.guide_id,
        gf1_0.image_url,
        gf1_0.is_deleted,
        gf1_0.updated_at 
    from
        guide_feeds gf1_0 
    left join
        guide_profiles gp1_0 
            on gp1_0.id=gf1_0.guide_id 
    where
        gp1_0.id=? 
        and not(gf1_0.is_deleted) 
    order by
        gf1_0.created_at desc
2026-04-23 16:08:43.240 DEBUG [5739301f] org.hibernate.SQL - 
    /* <criteria> */ select
        m1_0.id,
        m1_0.created_at,
        m1_0.email,
        m1_0.name,
        m1_0.nickname,
        m1_0.password,
        m1_0.profile_image_url,
        m1_0.role,
        m1_0.social_type,
        m1_0.status,
        m1_0.updated_at 
    from
        member m1_0 
    where
        m1_0.email=? 
        and m1_0.role=?
2026-04-23 16:08:43.241 TRACE [01741800] org.hibernate.orm.jdbc.bind - binding parameter (1:BIGINT) <- [841027]
2026-04-23 16:08:43.235 DEBUG [260dee9e] org.hibernate.SQL - 
    /* <criteria> */ select
        gs1_0.id,
        gs1_0.available_date,
        gs1_0.course_detail,
        gs1_0.created_at,
        gs1_0.end_time,
        gs1_0.guide_message,
        gs1_0.guide_id,
        gs1_0.is_paid,
        gs1_0.match_request_id,
        gs1_0.meeting_point,
        gs1_0.start_time,
        gs1_0.status,
        gs1_0.updated_at 
    from
        guide_schedules gs1_0 
    left join
        guide_profiles gp1_0 
            on gp1_0.id=gs1_0.guide_id 
    where
        gp1_0.id=? 
    order by
        gs1_0.available_date
2026-04-23 16:08:43.246 TRACE [5739301f] org.hibernate.orm.jdbc.bind - binding parameter (1:VARCHAR) <- [guide27@localGuest.com]
2026-04-23 16:08:43.248 TRACE [5739301f] org.hibernate.orm.jdbc.bind - binding parameter (2:ENUM) <- [GUIDE]
2026-04-23 16:08:43.246 TRACE [260dee9e] org.hibernate.orm.jdbc.bind - binding parameter (1:BIGINT) <- [841027]
2026-04-23 16:08:43.252 DEBUG [7de00463] org.hibernate.SQL - 
    /* <criteria> */ select
        m1_0.id,
        m1_0.created_at,
        m1_0.email,
        m1_0.name,
        m1_0.nickname,
        m1_0.password,
        m1_0.profile_image_url,
        m1_0.role,
        m1_0.social_type,
        m1_0.status,
        m1_0.updated_at 
    from
        member m1_0 
    where
        m1_0.email=? 
        and m1_0.role=?
2026-04-23 16:08:43.262 TRACE [7de00463] org.hibernate.orm.jdbc.bind - binding parameter (1:VARCHAR) <- [guide27@localGuest.com]
2026-04-23 16:08:43.263 TRACE [7de00463] org.hibernate.orm.jdbc.bind - binding parameter (2:ENUM) <- [GUIDE]
2026-04-23 16:08:43.263 DEBUG [636cdc88] org.hibernate.SQL - 
    select
        gp1_0.id,
        gp1_0.average_rating,
        gp1_0.bio,
        gp1_0.created_at,
        gp1_0.default_course,
        gp1_0.guide_style,
        gp1_0.is_active,
        gp1_0.is_approved,
        gp1_0.keywords,
        gp1_0.language,
        gp1_0.local_story,
        gp1_0.member_id,
        gp1_0.nickname,
        gp1_0.price_per_hour,
        gp1_0.profile_image,
        gp1_0.region,
        gp1_0.residence_years,
        gp1_0.review_count,
        gp1_0.updated_at 
    from
        guide_profiles gp1_0 
    where
        gp1_0.id=?
2026-04-23 16:08:43.271 TRACE [636cdc88] org.hibernate.orm.jdbc.bind - binding parameter (1:BIGINT) <- [841027]
2026-04-23 16:08:43.282 DEBUG [5739301f] org.hibernate.SQL - 
    /* <criteria> */ select
        gp1_0.id,
        gp1_0.average_rating,
        gp1_0.bio,
        gp1_0.created_at,
        gp1_0.default_course,
        gp1_0.guide_style,
        gp1_0.is_active,
        gp1_0.is_approved,
        gp1_0.keywords,
        gp1_0.language,
        gp1_0.local_story,
        gp1_0.member_id,
        gp1_0.nickname,
        gp1_0.price_per_hour,
        gp1_0.profile_image,
        gp1_0.region,
        gp1_0.residence_years,
        gp1_0.review_count,
        gp1_0.updated_at 
    from
        guide_profiles gp1_0 
    where
        gp1_0.member_id=?
2026-04-23 16:08:43.297 INFO  [01741800] c.t.a.logging.MdcLoggingFilter - [HTTP] 요청 완료 - statusCode: 200, latencyMs: 260, requestUri: /api/guides/841027/feeds, method: GET
2026-04-23 16:08:43.315 INFO  [260dee9e] c.t.a.logging.MdcLoggingFilter - [HTTP] 요청 완료 - statusCode: 200, latencyMs: 276, requestUri: /api/guides/841027/schedules, method: GET
2026-04-23 16:08:43.301 DEBUG [9d8db805] org.hibernate.SQL - 
    /* <criteria> */ select
        gs1_0.id,
        gs1_0.available_date,
        gs1_0.course_detail,
        gs1_0.created_at,
        gs1_0.end_time,
        gs1_0.guide_message,
        gs1_0.guide_id,
        gs1_0.is_paid,
        gs1_0.match_request_id,
        gs1_0.meeting_point,
        gs1_0.start_time,
        gs1_0.status,
        gs1_0.updated_at 
    from
        guide_schedules gs1_0 
    left join
        guide_profiles gp1_0 
            on gp1_0.id=gs1_0.guide_id 
    where
        gp1_0.id=? 
        and gs1_0.status=?
2026-04-23 16:08:43.306 DEBUG [7de00463] org.hibernate.SQL - 
    select
        gp1_0.id,
        gp1_0.average_rating,
        gp1_0.bio,
        gp1_0.created_at,
        gp1_0.default_course,
        gp1_0.guide_style,
        gp1_0.is_active,
        gp1_0.is_approved,
        gp1_0.keywords,
        gp1_0.language,
        gp1_0.local_story,
        gp1_0.member_id,
        gp1_0.nickname,
        gp1_0.price_per_hour,
        gp1_0.profile_image,
        gp1_0.region,
        gp1_0.residence_years,
        gp1_0.review_count,
        gp1_0.updated_at 
    from
        guide_profiles gp1_0 
    where
        gp1_0.id=?
2026-04-23 16:08:43.325 TRACE [5739301f] org.hibernate.orm.jdbc.bind - binding parameter (1:BIGINT) <- [940027]
2026-04-23 16:08:43.326 TRACE [9d8db805] org.hibernate.orm.jdbc.bind - binding parameter (1:BIGINT) <- [841027]
2026-04-23 16:08:43.328 TRACE [7de00463] org.hibernate.orm.jdbc.bind - binding parameter (1:BIGINT) <- [841027]
2026-04-23 16:08:43.329 INFO  [636cdc88] c.t.a.logging.MdcLoggingFilter - [HTTP] 요청 완료 - statusCode: 200, latencyMs: 134, requestUri: /api/guides/841027, method: GET
2026-04-23 16:08:43.333 TRACE [9d8db805] org.hibernate.orm.jdbc.bind - binding parameter (2:ENUM) <- [BLOCKED]
2026-04-23 16:08:43.364 DEBUG [7de00463] org.hibernate.SQL - 
    /* <criteria> */ select
        gs1_0.id,
        gs1_0.available_date,
        gs1_0.course_detail,
        gs1_0.created_at,
        gs1_0.end_time,
        gs1_0.guide_message,
        gs1_0.guide_id,
        gs1_0.is_paid,
        gs1_0.match_request_id,
        gs1_0.meeting_point,
        gs1_0.start_time,
        gs1_0.status,
        gs1_0.updated_at 
    from
        guide_schedules gs1_0 
    left join
        guide_profiles gp1_0 
            on gp1_0.id=gs1_0.guide_id 
    where
        gp1_0.id=? 
        and gs1_0.status=?
2026-04-23 16:08:43.363 DEBUG [5739301f] org.hibernate.SQL - 
    /* <criteria> */ select
        mr1_0.id,
        mr1_0.budget_max_won,
        mr1_0.budget_min_won,
        mr1_0.cancel_reason,
        mr1_0.cancelled_by,
        mr1_0.concept,
        mr1_0.concept_summary,
        mr1_0.created_at,
        mr1_0.desired_budget,
        mr1_0.desired_date,
        mr1_0.destination,
        mr1_0.guest_id,
        mr1_0.guide_id,
        mr1_0.guide_schedule_id,
        mr1_0.propose_message,
        mr1_0.proposed_schedule,
        mr1_0.status,
        mr1_0.updated_at 
    from
        match_request mr1_0 
    where
        mr1_0.guide_id=?
2026-04-23 16:08:43.371 TRACE [7de00463] org.hibernate.orm.jdbc.bind - binding parameter (1:BIGINT) <- [841027]
2026-04-23 16:08:43.371 TRACE [5739301f] org.hibernate.orm.jdbc.bind - binding parameter (1:BIGINT) <- [841027]
2026-04-23 16:08:43.374 TRACE [7de00463] org.hibernate.orm.jdbc.bind - binding parameter (2:ENUM) <- [PENDING]
2026-04-23 16:08:43.424 INFO  [5739301f] c.t.a.logging.MdcLoggingFilter - [HTTP] 요청 완료 - statusCode: 200, latencyMs: 426, requestUri: /api/matching/requests/guide/list, method: GET
2026-04-23 16:08:43.424 INFO  [9d8db805] c.t.a.logging.MdcLoggingFilter - [HTTP] 요청 완료 - statusCode: 200, latencyMs: 326, requestUri: /api/guides/841027/schedules/blocked, method: GET
2026-04-23 16:08:43.425 INFO  [7de00463] c.t.a.logging.MdcLoggingFilter - [HTTP] 요청 완료 - statusCode: 200, latencyMs: 383, requestUri: /api/guides/841027/schedules/pending, method: GET
2026-04-23 16:08:45.262 DEBUG [2483dffd] org.hibernate.SQL - 
    select
        gp1_0.id,
        gp1_0.average_rating,
        gp1_0.bio,
        gp1_0.created_at,
        gp1_0.default_course,
        gp1_0.guide_style,
        gp1_0.is_active,
        gp1_0.is_approved,
        gp1_0.keywords,
        gp1_0.language,
        gp1_0.local_story,
        gp1_0.member_id,
        gp1_0.nickname,
        gp1_0.price_per_hour,
        gp1_0.profile_image,
        gp1_0.region,
        gp1_0.residence_years,
        gp1_0.review_count,
        gp1_0.updated_at 
    from
        guide_profiles gp1_0 
    where
        gp1_0.id=?
2026-04-23 16:08:45.269 TRACE [2483dffd] org.hibernate.orm.jdbc.bind - binding parameter (1:BIGINT) <- [841027]
2026-04-23 16:08:45.348 DEBUG [7ed7ed88] org.hibernate.SQL - 
    /* <criteria> */ select
        gf1_0.id,
        gf1_0.content,
        gf1_0.created_at,
        gf1_0.guide_id,
        gf1_0.image_url,
        gf1_0.is_deleted,
        gf1_0.updated_at 
    from
        guide_feeds gf1_0 
    left join
        guide_profiles gp1_0 
            on gp1_0.id=gf1_0.guide_id 
    where
        gp1_0.id=? 
        and not(gf1_0.is_deleted) 
    order by
        gf1_0.created_at desc
2026-04-23 16:08:45.734 TRACE [7ed7ed88] org.hibernate.orm.jdbc.bind - binding parameter (1:BIGINT) <- [841027]
2026-04-23 16:08:45.595 DEBUG [677bd998] org.hibernate.SQL - 
    /* <criteria> */ select
        gs1_0.id,
        gs1_0.available_date,
        gs1_0.course_detail,
        gs1_0.created_at,
        gs1_0.end_time,
        gs1_0.guide_message,
        gs1_0.guide_id,
        gs1_0.is_paid,
        gs1_0.match_request_id,
        gs1_0.meeting_point,
        gs1_0.start_time,
        gs1_0.status,
        gs1_0.updated_at 
    from
        guide_schedules gs1_0 
    left join
        guide_profiles gp1_0 
            on gp1_0.id=gs1_0.guide_id 
    where
        gp1_0.id=? 
        and gs1_0.status=?
2026-04-23 16:08:45.847 TRACE [677bd998] org.hibernate.orm.jdbc.bind - binding parameter (1:BIGINT) <- [841027]
2026-04-23 16:08:45.826 INFO  [2483dffd] c.t.a.logging.MdcLoggingFilter - [HTTP] 요청 완료 - statusCode: 200, latencyMs: 866, requestUri: /api/guides/841027, method: GET
2026-04-23 16:08:45.691 DEBUG [776fa6c2] org.hibernate.SQL - 
    /* <criteria> */ select
        gs1_0.id,
        gs1_0.available_date,
        gs1_0.course_detail,
        gs1_0.created_at,
        gs1_0.end_time,
        gs1_0.guide_message,
        gs1_0.guide_id,
        gs1_0.is_paid,
        gs1_0.match_request_id,
        gs1_0.meeting_point,
        gs1_0.start_time,
        gs1_0.status,
        gs1_0.updated_at 
    from
        guide_schedules gs1_0 
    left join
        guide_profiles gp1_0 
            on gp1_0.id=gs1_0.guide_id 
    where
        gp1_0.id=? 
    order by
        gs1_0.available_date
2026-04-23 16:08:45.848 TRACE [677bd998] org.hibernate.orm.jdbc.bind - binding parameter (2:ENUM) <- [BLOCKED]
2026-04-23 16:08:46.419 DEBUG [394a44f1] org.hibernate.SQL - 
    /* <criteria> */ select
        m1_0.id,
        m1_0.created_at,
        m1_0.email,
        m1_0.name,
        m1_0.nickname,
        m1_0.password,
        m1_0.profile_image_url,
        m1_0.role,
        m1_0.social_type,
        m1_0.status,
        m1_0.updated_at 
    from
        member m1_0 
    where
        m1_0.email=? 
        and m1_0.role=?
2026-04-23 16:08:46.744 INFO  [7ed7ed88] c.t.a.logging.MdcLoggingFilter - [HTTP] 요청 완료 - statusCode: 200, latencyMs: 1847, requestUri: /api/guides/841027/feeds, method: GET
2026-04-23 16:08:46.882 DEBUG [28d25560] org.hibernate.SQL - 
    /* <criteria> */ select
        m1_0.id,
        m1_0.created_at,
        m1_0.email,
        m1_0.name,
        m1_0.nickname,
        m1_0.password,
        m1_0.profile_image_url,
        m1_0.role,
        m1_0.social_type,
        m1_0.status,
        m1_0.updated_at 
    from
        member m1_0 
    where
        m1_0.email=? 
        and m1_0.role=?
2026-04-23 16:09:12.189 TRACE [776fa6c2] org.hibernate.orm.jdbc.bind - binding parameter (1:BIGINT) <- [841027]
2026-04-23 16:09:00.088 DEBUG [] org.hibernate.SQL - 
    /* <criteria> */ select
        te1_0.id,
        te1_0.created_at,
        te1_0.deadline_at,
        te1_0.extended_date,
        te1_0.extended_price,
        te1_0.guest_id,
        te1_0.guide_approved_at,
        te1_0.match_request_id,
        te1_0.requested_at,
        te1_0.status,
        te1_0.updated_at 
    from
        tour_extension te1_0 
    where
        te1_0.status=? 
        and te1_0.deadline_at<?
2026-04-23 16:09:00.777 DEBUG [c6f76b7c] org.hibernate.SQL - 
    select
        gp1_0.id,
        gp1_0.average_rating,
        gp1_0.bio,
        gp1_0.created_at,
        gp1_0.default_course,
        gp1_0.guide_style,
        gp1_0.is_active,
        gp1_0.is_approved,
        gp1_0.keywords,
        gp1_0.language,
        gp1_0.local_story,
        gp1_0.member_id,
        gp1_0.nickname,
        gp1_0.price_per_hour,
        gp1_0.profile_image,
        gp1_0.region,
        gp1_0.residence_years,
        gp1_0.review_count,
        gp1_0.updated_at 
    from
        guide_profiles gp1_0 
    where
        gp1_0.id=?
2026-04-23 16:09:12.274 TRACE [394a44f1] org.hibernate.orm.jdbc.bind - binding parameter (1:VARCHAR) <- [guide27@localGuest.com]
2026-04-23 16:09:12.239 TRACE [28d25560] org.hibernate.orm.jdbc.bind - binding parameter (1:VARCHAR) <- [guide27@localGuest.com]
2026-04-23 16:09:16.780 TRACE [394a44f1] org.hibernate.orm.jdbc.bind - binding parameter (2:ENUM) <- [GUIDE]
2026-04-23 16:09:16.780 TRACE [] org.hibernate.orm.jdbc.bind - binding parameter (1:ENUM) <- [REQUESTED]
2026-04-23 16:09:16.781 TRACE [28d25560] org.hibernate.orm.jdbc.bind - binding parameter (2:ENUM) <- [GUIDE]
2026-04-23 16:09:14.728 DEBUG [7fd8ffd4] org.hibernate.SQL - 
    /* <criteria> */ select
        m1_0.id,
        m1_0.created_at,
        m1_0.email,
        m1_0.name,
        m1_0.nickname,
        m1_0.password,
        m1_0.profile_image_url,
        m1_0.role,
        m1_0.social_type,
        m1_0.status,
        m1_0.updated_at 
    from
        member m1_0 
    where
        m1_0.email=? 
        and m1_0.role=?
2026-04-23 16:09:16.781 TRACE [c6f76b7c] org.hibernate.orm.jdbc.bind - binding parameter (1:BIGINT) <- [841027]
2026-04-23 16:09:12.557 INFO  [776fa6c2] c.t.a.logging.MdcLoggingFilter - [HTTP] 요청 완료 - statusCode: 200, latencyMs: 27638, requestUri: /api/guides/841027/schedules, method: GET
2026-04-23 16:09:16.781 TRACE [] org.hibernate.orm.jdbc.bind - binding parameter (2:TIMESTAMP) <- [2026-04-23T16:09:00.042924600]
2026-04-23 16:09:12.628 INFO  [677bd998] c.t.a.logging.MdcLoggingFilter - [HTTP] 요청 완료 - statusCode: 200, latencyMs: 27685, requestUri: /api/guides/841027/schedules/blocked, method: GET
2026-04-23 16:09:16.784 TRACE [7fd8ffd4] org.hibernate.orm.jdbc.bind - binding parameter (1:VARCHAR) <- [guide27@localGuest.com]
2026-04-23 16:09:16.784 TRACE [7fd8ffd4] org.hibernate.orm.jdbc.bind - binding parameter (2:ENUM) <- [GUIDE]
2026-04-23 16:09:16.805 DEBUG [7fd8ffd4] org.hibernate.SQL - 
    select
        gp1_0.id,
        gp1_0.average_rating,
        gp1_0.bio,
        gp1_0.created_at,
        gp1_0.default_course,
        gp1_0.guide_style,
        gp1_0.is_active,
        gp1_0.is_approved,
        gp1_0.keywords,
        gp1_0.language,
        gp1_0.local_story,
        gp1_0.member_id,
        gp1_0.nickname,
        gp1_0.price_per_hour,
        gp1_0.profile_image,
        gp1_0.region,
        gp1_0.residence_years,
        gp1_0.review_count,
        gp1_0.updated_at 
    from
        guide_profiles gp1_0 
    where
        gp1_0.id=?
2026-04-23 16:09:16.805 DEBUG [394a44f1] org.hibernate.SQL - 
    /* <criteria> */ select
        gp1_0.id,
        gp1_0.average_rating,
        gp1_0.bio,
        gp1_0.created_at,
        gp1_0.default_course,
        gp1_0.guide_style,
        gp1_0.is_active,
        gp1_0.is_approved,
        gp1_0.keywords,
        gp1_0.language,
        gp1_0.local_story,
        gp1_0.member_id,
        gp1_0.nickname,
        gp1_0.price_per_hour,
        gp1_0.profile_image,
        gp1_0.region,
        gp1_0.residence_years,
        gp1_0.review_count,
        gp1_0.updated_at 
    from
        guide_profiles gp1_0 
    where
        gp1_0.member_id=?
2026-04-23 16:09:16.885 DEBUG [dc9870ec] org.hibernate.SQL - 
    select
        gp1_0.id,
        gp1_0.average_rating,
        gp1_0.bio,
        gp1_0.created_at,
        gp1_0.default_course,
        gp1_0.guide_style,
        gp1_0.is_active,
        gp1_0.is_approved,
        gp1_0.keywords,
        gp1_0.language,
        gp1_0.local_story,
        gp1_0.member_id,
        gp1_0.nickname,
        gp1_0.price_per_hour,
        gp1_0.profile_image,
        gp1_0.region,
        gp1_0.residence_years,
        gp1_0.review_count,
        gp1_0.updated_at 
    from
        guide_profiles gp1_0 
    where
        gp1_0.id=?
2026-04-23 16:09:16.928 DEBUG [17d876d2] org.hibernate.SQL - 
    /* <criteria> */ select
        r1_0.id,
        r1_0.content,
        r1_0.created_at,
        r1_0.deleted,
        r1_0.deleted_at,
        r1_0.guide_id,
        r1_0.match_request_id,
        r1_0.member_id,
        r1_0.rating,
        r1_0.updated_at 
    from
        review r1_0 
    where
        r1_0.guide_id=? 
        and not(r1_0.deleted) 
    order by
        r1_0.id desc 
    limit
        ?
2026-04-23 16:09:16.805 DEBUG [28d25560] org.hibernate.SQL - 
    select
        gp1_0.id,
        gp1_0.average_rating,
        gp1_0.bio,
        gp1_0.created_at,
        gp1_0.default_course,
        gp1_0.guide_style,
        gp1_0.is_active,
        gp1_0.is_approved,
        gp1_0.keywords,
        gp1_0.language,
        gp1_0.local_story,
        gp1_0.member_id,
        gp1_0.nickname,
        gp1_0.price_per_hour,
        gp1_0.profile_image,
        gp1_0.region,
        gp1_0.residence_years,
        gp1_0.review_count,
        gp1_0.updated_at 
    from
        guide_profiles gp1_0 
    where
        gp1_0.id=?
2026-04-23 16:09:16.809 INFO  [c6f76b7c] c.t.a.logging.MdcLoggingFilter - [HTTP] 요청 완료 - statusCode: 200, latencyMs: 16163, requestUri: /api/guides/841027, method: GET
2026-04-23 16:09:17.202 TRACE [7fd8ffd4] org.hibernate.orm.jdbc.bind - binding parameter (1:BIGINT) <- [841027]
2026-04-23 16:09:17.896 TRACE [17d876d2] org.hibernate.orm.jdbc.bind - binding parameter (1:BIGINT) <- [841027]
2026-04-23 16:09:17.203 TRACE [dc9870ec] org.hibernate.orm.jdbc.bind - binding parameter (1:BIGINT) <- [841027]
2026-04-23 16:09:17.896 TRACE [17d876d2] org.hibernate.orm.jdbc.bind - binding parameter (2:INTEGER) <- [10]
2026-04-23 16:09:17.337 DEBUG [499f9c18] org.hibernate.SQL - 
    /* <criteria> */ select
        m1_0.id,
        m1_0.created_at,
        m1_0.email,
        m1_0.name,
        m1_0.nickname,
        m1_0.password,
        m1_0.profile_image_url,
        m1_0.role,
        m1_0.social_type,
        m1_0.status,
        m1_0.updated_at 
    from
        member m1_0 
    where
        m1_0.email=? 
        and m1_0.role=?
2026-04-23 16:09:17.203 TRACE [394a44f1] org.hibernate.orm.jdbc.bind - binding parameter (1:BIGINT) <- [940027]
2026-04-23 16:09:17.896 TRACE [28d25560] org.hibernate.orm.jdbc.bind - binding parameter (1:BIGINT) <- [841027]
2026-04-23 16:09:17.907 TRACE [499f9c18] org.hibernate.orm.jdbc.bind - binding parameter (1:VARCHAR) <- [guide27@localGuest.com]
2026-04-23 16:09:17.913 TRACE [499f9c18] org.hibernate.orm.jdbc.bind - binding parameter (2:ENUM) <- [GUIDE]
2026-04-23 16:09:17.937 DEBUG [394a44f1] org.hibernate.SQL - 
    /* <criteria> */ select
        mr1_0.id,
        mr1_0.budget_max_won,
        mr1_0.budget_min_won,
        mr1_0.cancel_reason,
        mr1_0.cancelled_by,
        mr1_0.concept,
        mr1_0.concept_summary,
        mr1_0.created_at,
        mr1_0.desired_budget,
        mr1_0.desired_date,
        mr1_0.destination,
        mr1_0.guest_id,
        mr1_0.guide_id,
        mr1_0.guide_schedule_id,
        mr1_0.propose_message,
        mr1_0.proposed_schedule,
        mr1_0.status,
        mr1_0.updated_at 
    from
        match_request mr1_0 
    where
        mr1_0.guide_id=?
2026-04-23 16:09:17.944 TRACE [394a44f1] org.hibernate.orm.jdbc.bind - binding parameter (1:BIGINT) <- [841027]
2026-04-23 16:09:17.960 DEBUG [28d25560] org.hibernate.SQL - 
    /* <criteria> */ select
        gs1_0.id,
        gs1_0.available_date,
        gs1_0.course_detail,
        gs1_0.created_at,
        gs1_0.end_time,
        gs1_0.guide_message,
        gs1_0.guide_id,
        gs1_0.is_paid,
        gs1_0.match_request_id,
        gs1_0.meeting_point,
        gs1_0.start_time,
        gs1_0.status,
        gs1_0.updated_at 
    from
        guide_schedules gs1_0 
    left join
        guide_profiles gp1_0 
            on gp1_0.id=gs1_0.guide_id 
    where
        gp1_0.id=? 
        and gs1_0.status=?
2026-04-23 16:09:17.991 INFO  [394a44f1] c.t.a.logging.MdcLoggingFilter - [HTTP] 요청 완료 - statusCode: 200, latencyMs: 33089, requestUri: /api/matching/requests/guide/list, method: GET
2026-04-23 16:09:17.962 DEBUG [499f9c18] org.hibernate.SQL - 
    /* <criteria> */ select
        gp1_0.id,
        gp1_0.average_rating,
        gp1_0.bio,
        gp1_0.created_at,
        gp1_0.default_course,
        gp1_0.guide_style,
        gp1_0.is_active,
        gp1_0.is_approved,
        gp1_0.keywords,
        gp1_0.language,
        gp1_0.local_story,
        gp1_0.member_id,
        gp1_0.nickname,
        gp1_0.price_per_hour,
        gp1_0.profile_image,
        gp1_0.region,
        gp1_0.residence_years,
        gp1_0.review_count,
        gp1_0.updated_at 
    from
        guide_profiles gp1_0 
    where
        gp1_0.member_id=?
2026-04-23 16:09:17.977 INFO  [17d876d2] c.t.a.logging.MdcLoggingFilter - [HTTP] 요청 완료 - statusCode: 200, latencyMs: 1125, requestUri: /api/reviews/guide/841027, method: GET
2026-04-23 16:09:20.060 TRACE [28d25560] org.hibernate.orm.jdbc.bind - binding parameter (1:BIGINT) <- [841027]
2026-04-23 16:09:20.061 TRACE [28d25560] org.hibernate.orm.jdbc.bind - binding parameter (2:ENUM) <- [PENDING]
2026-04-23 16:09:17.990 DEBUG [7fd8ffd4] org.hibernate.SQL - 
    /* <criteria> */ select
        p1_0.id,
        p1_0.amount,
        p1_0.created_at,
        p1_0.match_request_id,
        p1_0.paid_at,
        p1_0.payer_id,
        p1_0.payment_type,
        p1_0.pg_order_no,
        p1_0.pg_transaction_id,
        p1_0.refund_deadline,
        p1_0.status,
        p1_0.updated_at 
    from
        payment p1_0 
    left join
        match_request mr1_0 
            on mr1_0.id=p1_0.match_request_id 
    where
        mr1_0.guide_id=? 
        and p1_0.status=?
2026-04-23 16:09:18.070 INFO  [dc9870ec] c.t.a.logging.MdcLoggingFilter - [HTTP] 요청 완료 - statusCode: 200, latencyMs: 1226, requestUri: /api/guides/841027/reviews/summary, method: GET
2026-04-23 16:09:20.060 TRACE [499f9c18] org.hibernate.orm.jdbc.bind - binding parameter (1:BIGINT) <- [940027]
2026-04-23 16:09:20.090 DEBUG [499f9c18] org.hibernate.SQL - 
    /* <criteria> */ select
        mr1_0.id,
        mr1_0.budget_max_won,
        mr1_0.budget_min_won,
        mr1_0.cancel_reason,
        mr1_0.cancelled_by,
        mr1_0.concept,
        mr1_0.concept_summary,
        mr1_0.created_at,
        mr1_0.desired_budget,
        mr1_0.desired_date,
        mr1_0.destination,
        mr1_0.guest_id,
        mr1_0.guide_id,
        mr1_0.guide_schedule_id,
        mr1_0.propose_message,
        mr1_0.proposed_schedule,
        mr1_0.status,
        mr1_0.updated_at 
    from
        match_request mr1_0 
    where
        mr1_0.guide_id=?
2026-04-23 16:09:20.097 INFO  [28d25560] c.t.a.logging.MdcLoggingFilter - [HTTP] 요청 완료 - statusCode: 200, latencyMs: 35171, requestUri: /api/guides/841027/schedules/pending, method: GET
2026-04-23 16:09:20.228 DEBUG [22c2f527] org.hibernate.SQL - 
    /* <criteria> */ select
        m1_0.id,
        m1_0.created_at,
        m1_0.email,
        m1_0.name,
        m1_0.nickname,
        m1_0.password,
        m1_0.profile_image_url,
        m1_0.role,
        m1_0.social_type,
        m1_0.status,
        m1_0.updated_at 
    from
        member m1_0 
    where
        m1_0.email=? 
        and m1_0.role=?
2026-04-23 16:09:20.930 TRACE [7fd8ffd4] org.hibernate.orm.jdbc.bind - binding parameter (1:BIGINT) <- [841027]
2026-04-23 16:09:20.226 DEBUG [ae80b71e] org.hibernate.SQL - 
    select
        gp1_0.id,
        gp1_0.average_rating,
        gp1_0.bio,
        gp1_0.created_at,
        gp1_0.default_course,
        gp1_0.guide_style,
        gp1_0.is_active,
        gp1_0.is_approved,
        gp1_0.keywords,
        gp1_0.language,
        gp1_0.local_story,
        gp1_0.member_id,
        gp1_0.nickname,
        gp1_0.price_per_hour,
        gp1_0.profile_image,
        gp1_0.region,
        gp1_0.residence_years,
        gp1_0.review_count,
        gp1_0.updated_at 
    from
        guide_profiles gp1_0 
    where
        gp1_0.id=?
2026-04-23 16:09:20.931 TRACE [7fd8ffd4] org.hibernate.orm.jdbc.bind - binding parameter (2:ENUM) <- [COMPLETED]
2026-04-23 16:09:20.249 DEBUG [92c51577] org.hibernate.SQL - 
    /* <criteria> */ select
        gs1_0.id,
        gs1_0.available_date,
        gs1_0.course_detail,
        gs1_0.created_at,
        gs1_0.end_time,
        gs1_0.guide_message,
        gs1_0.guide_id,
        gs1_0.is_paid,
        gs1_0.match_request_id,
        gs1_0.meeting_point,
        gs1_0.start_time,
        gs1_0.status,
        gs1_0.updated_at 
    from
        guide_schedules gs1_0 
    left join
        guide_profiles gp1_0 
            on gp1_0.id=gs1_0.guide_id 
    where
        gp1_0.id=? 
    order by
        gs1_0.available_date
2026-04-23 16:09:20.938 TRACE [499f9c18] org.hibernate.orm.jdbc.bind - binding parameter (1:BIGINT) <- [841027]
2026-04-23 16:09:20.943 TRACE [22c2f527] org.hibernate.orm.jdbc.bind - binding parameter (1:VARCHAR) <- [guide27@localGuest.com]
2026-04-23 16:09:21.085 DEBUG [11c58b93] org.hibernate.SQL - 
    /* <criteria> */ select
        m1_0.id,
        m1_0.created_at,
        m1_0.email,
        m1_0.name,
        m1_0.nickname,
        m1_0.password,
        m1_0.profile_image_url,
        m1_0.role,
        m1_0.social_type,
        m1_0.status,
        m1_0.updated_at 
    from
        member m1_0 
    where
        m1_0.email=? 
        and m1_0.role=?
2026-04-23 16:09:22.704 TRACE [ae80b71e] org.hibernate.orm.jdbc.bind - binding parameter (1:BIGINT) <- [841027]
2026-04-23 16:09:22.704 TRACE [22c2f527] org.hibernate.orm.jdbc.bind - binding parameter (2:ENUM) <- [GUIDE]
2026-04-23 16:09:21.095 INFO  [7fd8ffd4] c.t.a.logging.MdcLoggingFilter - [HTTP] 요청 완료 - statusCode: 200, latencyMs: 8205, requestUri: /api/guides/841027/settlement/expected, method: GET
2026-04-23 16:09:22.705 TRACE [11c58b93] org.hibernate.orm.jdbc.bind - binding parameter (1:VARCHAR) <- [guide27@localGuest.com]
2026-04-23 16:09:22.705 TRACE [11c58b93] org.hibernate.orm.jdbc.bind - binding parameter (2:ENUM) <- [GUIDE]
2026-04-23 16:09:22.718 TRACE [92c51577] org.hibernate.orm.jdbc.bind - binding parameter (1:BIGINT) <- [841027]
2026-04-23 16:09:22.724 DEBUG [22c2f527] org.hibernate.SQL - 
    /* <criteria> */ select
        gp1_0.id,
        gp1_0.average_rating,
        gp1_0.bio,
        gp1_0.created_at,
        gp1_0.default_course,
        gp1_0.guide_style,
        gp1_0.is_active,
        gp1_0.is_approved,
        gp1_0.keywords,
        gp1_0.language,
        gp1_0.local_story,
        gp1_0.member_id,
        gp1_0.nickname,
        gp1_0.price_per_hour,
        gp1_0.profile_image,
        gp1_0.region,
        gp1_0.residence_years,
        gp1_0.review_count,
        gp1_0.updated_at 
    from
        guide_profiles gp1_0 
    where
        gp1_0.member_id=?
2026-04-23 16:09:22.744 TRACE [22c2f527] org.hibernate.orm.jdbc.bind - binding parameter (1:BIGINT) <- [940027]
2026-04-23 16:09:22.756 INFO  [499f9c18] c.t.a.logging.MdcLoggingFilter - [HTTP] 요청 완료 - statusCode: 200, latencyMs: 5509, requestUri: /api/matching/requests/guide/list, method: GET
2026-04-23 16:09:22.788 INFO  [ae80b71e] c.t.a.logging.MdcLoggingFilter - [HTTP] 요청 완료 - statusCode: 200, latencyMs: 2594, requestUri: /api/guides/841027, method: GET
2026-04-23 16:09:22.824 INFO  [92c51577] c.t.a.logging.MdcLoggingFilter - [HTTP] 요청 완료 - statusCode: 200, latencyMs: 2633, requestUri: /api/guides/841027/schedules, method: GET
2026-04-23 16:09:22.739 DEBUG [11c58b93] org.hibernate.SQL - 
    /* <criteria> */ select
        gp1_0.id,
        gp1_0.average_rating,
        gp1_0.bio,
        gp1_0.created_at,
        gp1_0.default_course,
        gp1_0.guide_style,
        gp1_0.is_active,
        gp1_0.is_approved,
        gp1_0.keywords,
        gp1_0.language,
        gp1_0.local_story,
        gp1_0.member_id,
        gp1_0.nickname,
        gp1_0.price_per_hour,
        gp1_0.profile_image,
        gp1_0.region,
        gp1_0.residence_years,
        gp1_0.review_count,
        gp1_0.updated_at 
    from
        guide_profiles gp1_0 
    where
        gp1_0.member_id=?
2026-04-23 16:09:22.859 DEBUG [6f6d0af2] org.hibernate.SQL - 
    /* <criteria> */ select
        gs1_0.id,
        gs1_0.available_date,
        gs1_0.course_detail,
        gs1_0.created_at,
        gs1_0.end_time,
        gs1_0.guide_message,
        gs1_0.guide_id,
        gs1_0.is_paid,
        gs1_0.match_request_id,
        gs1_0.meeting_point,
        gs1_0.start_time,
        gs1_0.status,
        gs1_0.updated_at 
    from
        guide_schedules gs1_0 
    left join
        guide_profiles gp1_0 
            on gp1_0.id=gs1_0.guide_id 
    where
        gp1_0.id=? 
    order by
        gs1_0.available_date
2026-04-23 16:09:23.006 TRACE [11c58b93] org.hibernate.orm.jdbc.bind - binding parameter (1:BIGINT) <- [940027]
2026-04-23 16:09:23.005 TRACE [6f6d0af2] org.hibernate.orm.jdbc.bind - binding parameter (1:BIGINT) <- [841027]
2026-04-23 16:09:23.040 DEBUG [22c2f527] org.hibernate.SQL - 
    /* <criteria> */ select
        mr1_0.id,
        mr1_0.budget_max_won,
        mr1_0.budget_min_won,
        mr1_0.cancel_reason,
        mr1_0.cancelled_by,
        mr1_0.concept,
        mr1_0.concept_summary,
        mr1_0.created_at,
        mr1_0.desired_budget,
        mr1_0.desired_date,
        mr1_0.destination,
        mr1_0.guest_id,
        mr1_0.guide_id,
        mr1_0.guide_schedule_id,
        mr1_0.propose_message,
        mr1_0.proposed_schedule,
        mr1_0.status,
        mr1_0.updated_at 
    from
        match_request mr1_0 
    where
        mr1_0.guide_id=?
2026-04-23 16:09:23.044 DEBUG [11c58b93] org.hibernate.SQL - 
    /* <criteria> */ select
        mr1_0.id,
        mr1_0.budget_max_won,
        mr1_0.budget_min_won,
        mr1_0.cancel_reason,
        mr1_0.cancelled_by,
        mr1_0.concept,
        mr1_0.concept_summary,
        mr1_0.created_at,
        mr1_0.desired_budget,
        mr1_0.desired_date,
        mr1_0.destination,
        mr1_0.guest_id,
        mr1_0.guide_id,
        mr1_0.guide_schedule_id,
        mr1_0.propose_message,
        mr1_0.proposed_schedule,
        mr1_0.status,
        mr1_0.updated_at 
    from
        match_request mr1_0 
    where
        mr1_0.guide_id=?
2026-04-23 16:09:23.059 INFO  [6f6d0af2] c.t.a.logging.MdcLoggingFilter - [HTTP] 요청 완료 - statusCode: 200, latencyMs: 304, requestUri: /api/guides/841027/schedules, method: GET
2026-04-23 16:09:23.178 DEBUG [bbe0dc3e] org.hibernate.SQL - 
    select
        gp1_0.id,
        gp1_0.average_rating,
        gp1_0.bio,
        gp1_0.created_at,
        gp1_0.default_course,
        gp1_0.guide_style,
        gp1_0.is_active,
        gp1_0.is_approved,
        gp1_0.keywords,
        gp1_0.language,
        gp1_0.local_story,
        gp1_0.member_id,
        gp1_0.nickname,
        gp1_0.price_per_hour,
        gp1_0.profile_image,
        gp1_0.region,
        gp1_0.residence_years,
        gp1_0.review_count,
        gp1_0.updated_at 
    from
        guide_profiles gp1_0 
    where
        gp1_0.id=?
2026-04-23 16:09:23.194 DEBUG [bf51289f] org.hibernate.SQL - 
    /* <criteria> */ select
        m1_0.id,
        m1_0.created_at,
        m1_0.email,
        m1_0.name,
        m1_0.nickname,
        m1_0.password,
        m1_0.profile_image_url,
        m1_0.role,
        m1_0.social_type,
        m1_0.status,
        m1_0.updated_at 
    from
        member m1_0 
    where
        m1_0.email=? 
        and m1_0.role=?
2026-04-23 16:09:23.224 TRACE [22c2f527] org.hibernate.orm.jdbc.bind - binding parameter (1:BIGINT) <- [841027]
2026-04-23 16:09:23.225 TRACE [11c58b93] org.hibernate.orm.jdbc.bind - binding parameter (1:BIGINT) <- [841027]
2026-04-23 16:09:23.226 TRACE [bbe0dc3e] org.hibernate.orm.jdbc.bind - binding parameter (1:BIGINT) <- [841027]
2026-04-23 16:09:23.249 INFO  [22c2f527] c.t.a.logging.MdcLoggingFilter - [HTTP] 요청 완료 - statusCode: 200, latencyMs: 3058, requestUri: /api/matching/requests/guide/list, method: GET
2026-04-23 16:09:23.310 TRACE [bf51289f] org.hibernate.orm.jdbc.bind - binding parameter (1:VARCHAR) <- [guide27@localGuest.com]
2026-04-23 16:09:23.311 TRACE [bf51289f] org.hibernate.orm.jdbc.bind - binding parameter (2:ENUM) <- [GUIDE]
2026-04-23 16:09:23.338 DEBUG [bf51289f] org.hibernate.SQL - 
    select
        gp1_0.id,
        gp1_0.average_rating,
        gp1_0.bio,
        gp1_0.created_at,
        gp1_0.default_course,
        gp1_0.guide_style,
        gp1_0.is_active,
        gp1_0.is_approved,
        gp1_0.keywords,
        gp1_0.language,
        gp1_0.local_story,
        gp1_0.member_id,
        gp1_0.nickname,
        gp1_0.price_per_hour,
        gp1_0.profile_image,
        gp1_0.region,
        gp1_0.residence_years,
        gp1_0.review_count,
        gp1_0.updated_at 
    from
        guide_profiles gp1_0 
    where
        gp1_0.id=?
2026-04-23 16:09:23.341 TRACE [bf51289f] org.hibernate.orm.jdbc.bind - binding parameter (1:BIGINT) <- [841027]
2026-04-23 16:09:23.351 INFO  [11c58b93] c.t.a.logging.MdcLoggingFilter - [HTTP] 요청 완료 - statusCode: 200, latencyMs: 2361, requestUri: /api/matching/requests/guide/list, method: GET
2026-04-23 16:09:23.352 INFO  [bbe0dc3e] c.t.a.logging.MdcLoggingFilter - [HTTP] 요청 완료 - statusCode: 200, latencyMs: 204, requestUri: /api/guides/841027, method: GET
2026-04-23 16:09:23.384 DEBUG [bf51289f] org.hibernate.SQL - 
    /* <criteria> */ select
        p1_0.id,
        p1_0.amount,
        p1_0.created_at,
        p1_0.match_request_id,
        p1_0.paid_at,
        p1_0.payer_id,
        p1_0.payment_type,
        p1_0.pg_order_no,
        p1_0.pg_transaction_id,
        p1_0.refund_deadline,
        p1_0.status,
        p1_0.updated_at 
    from
        payment p1_0 
    left join
        match_request mr1_0 
            on mr1_0.id=p1_0.match_request_id 
    where
        mr1_0.guide_id=? 
        and p1_0.status=?
2026-04-23 16:09:23.391 TRACE [bf51289f] org.hibernate.orm.jdbc.bind - binding parameter (1:BIGINT) <- [841027]
2026-04-23 16:09:23.502 DEBUG [ca8c8721] org.hibernate.SQL - 
    select
        gp1_0.id,
        gp1_0.average_rating,
        gp1_0.bio,
        gp1_0.created_at,
        gp1_0.default_course,
        gp1_0.guide_style,
        gp1_0.is_active,
        gp1_0.is_approved,
        gp1_0.keywords,
        gp1_0.language,
        gp1_0.local_story,
        gp1_0.member_id,
        gp1_0.nickname,
        gp1_0.price_per_hour,
        gp1_0.profile_image,
        gp1_0.region,
        gp1_0.residence_years,
        gp1_0.review_count,
        gp1_0.updated_at 
    from
        guide_profiles gp1_0 
    where
        gp1_0.id=?
2026-04-23 16:09:23.521 DEBUG [51727797] org.hibernate.SQL - 
    /* <criteria> */ select
        m1_0.id,
        m1_0.created_at,
        m1_0.email,
        m1_0.name,
        m1_0.nickname,
        m1_0.password,
        m1_0.profile_image_url,
        m1_0.role,
        m1_0.social_type,
        m1_0.status,
        m1_0.updated_at 
    from
        member m1_0 
    where
        m1_0.email=? 
        and m1_0.role=?
2026-04-23 16:09:23.793 TRACE [bf51289f] org.hibernate.orm.jdbc.bind - binding parameter (2:ENUM) <- [COMPLETED]
2026-04-23 16:09:23.795 TRACE [51727797] org.hibernate.orm.jdbc.bind - binding parameter (1:VARCHAR) <- [guide27@localGuest.com]
2026-04-23 16:09:23.795 TRACE [ca8c8721] org.hibernate.orm.jdbc.bind - binding parameter (1:BIGINT) <- [841027]
2026-04-23 16:09:23.796 TRACE [51727797] org.hibernate.orm.jdbc.bind - binding parameter (2:ENUM) <- [GUIDE]
2026-04-23 16:09:23.818 DEBUG [51727797] org.hibernate.SQL - 
    /* <criteria> */ select
        gp1_0.id,
        gp1_0.average_rating,
        gp1_0.bio,
        gp1_0.created_at,
        gp1_0.default_course,
        gp1_0.guide_style,
        gp1_0.is_active,
        gp1_0.is_approved,
        gp1_0.keywords,
        gp1_0.language,
        gp1_0.local_story,
        gp1_0.member_id,
        gp1_0.nickname,
        gp1_0.price_per_hour,
        gp1_0.profile_image,
        gp1_0.region,
        gp1_0.residence_years,
        gp1_0.review_count,
        gp1_0.updated_at 
    from
        guide_profiles gp1_0 
    where
        gp1_0.member_id=?
2026-04-23 16:09:23.823 INFO  [bf51289f] c.t.a.logging.MdcLoggingFilter - [HTTP] 요청 완료 - statusCode: 200, latencyMs: 682, requestUri: /api/guides/841027/settlement/expected, method: GET
2026-04-23 16:09:23.826 TRACE [51727797] org.hibernate.orm.jdbc.bind - binding parameter (1:BIGINT) <- [940027]
2026-04-23 16:09:23.829 INFO  [ca8c8721] c.t.a.logging.MdcLoggingFilter - [HTTP] 요청 완료 - statusCode: 200, latencyMs: 384, requestUri: /api/guides/841027, method: GET
2026-04-23 16:09:23.919 DEBUG [1d757f8b] org.hibernate.SQL - 
    select
        gp1_0.id,
        gp1_0.average_rating,
        gp1_0.bio,
        gp1_0.created_at,
        gp1_0.default_course,
        gp1_0.guide_style,
        gp1_0.is_active,
        gp1_0.is_approved,
        gp1_0.keywords,
        gp1_0.language,
        gp1_0.local_story,
        gp1_0.member_id,
        gp1_0.nickname,
        gp1_0.price_per_hour,
        gp1_0.profile_image,
        gp1_0.region,
        gp1_0.residence_years,
        gp1_0.review_count,
        gp1_0.updated_at 
    from
        guide_profiles gp1_0 
    where
        gp1_0.id=?
2026-04-23 16:09:23.974 TRACE [1d757f8b] org.hibernate.orm.jdbc.bind - binding parameter (1:BIGINT) <- [841027]
2026-04-23 16:09:24.005 DEBUG [51727797] org.hibernate.SQL - 
    /* <criteria> */ select
        mr1_0.id,
        mr1_0.budget_max_won,
        mr1_0.budget_min_won,
        mr1_0.cancel_reason,
        mr1_0.cancelled_by,
        mr1_0.concept,
        mr1_0.concept_summary,
        mr1_0.created_at,
        mr1_0.desired_budget,
        mr1_0.desired_date,
        mr1_0.destination,
        mr1_0.guest_id,
        mr1_0.guide_id,
        mr1_0.guide_schedule_id,
        mr1_0.propose_message,
        mr1_0.proposed_schedule,
        mr1_0.status,
        mr1_0.updated_at 
    from
        match_request mr1_0 
    where
        mr1_0.guide_id=?
2026-04-23 16:09:24.007 TRACE [51727797] org.hibernate.orm.jdbc.bind - binding parameter (1:BIGINT) <- [841027]
2026-04-23 16:09:24.023 INFO  [1d757f8b] c.t.a.logging.MdcLoggingFilter - [HTTP] 요청 완료 - statusCode: 200, latencyMs: 159, requestUri: /api/guides/841027, method: GET
2026-04-23 16:09:24.055 INFO  [51727797] c.t.a.logging.MdcLoggingFilter - [HTTP] 요청 완료 - statusCode: 200, latencyMs: 609, requestUri: /api/matching/requests/guide/list, method: GET
2026-04-23 16:09:24.151 DEBUG [8de65f49] org.hibernate.SQL - 
    select
        gp1_0.id,
        gp1_0.average_rating,
        gp1_0.bio,
        gp1_0.created_at,
        gp1_0.default_course,
        gp1_0.guide_style,
        gp1_0.is_active,
        gp1_0.is_approved,
        gp1_0.keywords,
        gp1_0.language,
        gp1_0.local_story,
        gp1_0.member_id,
        gp1_0.nickname,
        gp1_0.price_per_hour,
        gp1_0.profile_image,
        gp1_0.region,
        gp1_0.residence_years,
        gp1_0.review_count,
        gp1_0.updated_at 
    from
        guide_profiles gp1_0 
    where
        gp1_0.id=?
2026-04-23 16:09:24.153 TRACE [8de65f49] org.hibernate.orm.jdbc.bind - binding parameter (1:BIGINT) <- [841027]
2026-04-23 16:09:24.213 INFO  [8de65f49] c.t.a.logging.MdcLoggingFilter - [HTTP] 요청 완료 - statusCode: 200, latencyMs: 123, requestUri: /api/guides/841027, method: GET
2026-04-23 16:09:24.218 DEBUG [5a579c1c] org.hibernate.SQL - 
    /* <criteria> */ select
        m1_0.id,
        m1_0.created_at,
        m1_0.email,
        m1_0.name,
        m1_0.nickname,
        m1_0.password,
        m1_0.profile_image_url,
        m1_0.role,
        m1_0.social_type,
        m1_0.status,
        m1_0.updated_at 
    from
        member m1_0 
    where
        m1_0.email=? 
        and m1_0.role=?
2026-04-23 16:09:24.223 TRACE [5a579c1c] org.hibernate.orm.jdbc.bind - binding parameter (1:VARCHAR) <- [guide27@localGuest.com]
2026-04-23 16:09:24.228 TRACE [5a579c1c] org.hibernate.orm.jdbc.bind - binding parameter (2:ENUM) <- [GUIDE]
2026-04-23 16:09:24.261 DEBUG [5a579c1c] org.hibernate.SQL - 
    /* <criteria> */ select
        gp1_0.id,
        gp1_0.average_rating,
        gp1_0.bio,
        gp1_0.created_at,
        gp1_0.default_course,
        gp1_0.guide_style,
        gp1_0.is_active,
        gp1_0.is_approved,
        gp1_0.keywords,
        gp1_0.language,
        gp1_0.local_story,
        gp1_0.member_id,
        gp1_0.nickname,
        gp1_0.price_per_hour,
        gp1_0.profile_image,
        gp1_0.region,
        gp1_0.residence_years,
        gp1_0.review_count,
        gp1_0.updated_at 
    from
        guide_profiles gp1_0 
    where
        gp1_0.member_id=?
2026-04-23 16:09:24.273 DEBUG [b0dcdfd4] org.hibernate.SQL - 
    select
        gp1_0.id,
        gp1_0.average_rating,
        gp1_0.bio,
        gp1_0.created_at,
        gp1_0.default_course,
        gp1_0.guide_style,
        gp1_0.is_active,
        gp1_0.is_approved,
        gp1_0.keywords,
        gp1_0.language,
        gp1_0.local_story,
        gp1_0.member_id,
        gp1_0.nickname,
        gp1_0.price_per_hour,
        gp1_0.profile_image,
        gp1_0.region,
        gp1_0.residence_years,
        gp1_0.review_count,
        gp1_0.updated_at 
    from
        guide_profiles gp1_0 
    where
        gp1_0.id=?
2026-04-23 16:09:24.289 TRACE [5a579c1c] org.hibernate.orm.jdbc.bind - binding parameter (1:BIGINT) <- [940027]
2026-04-23 16:09:24.290 TRACE [b0dcdfd4] org.hibernate.orm.jdbc.bind - binding parameter (1:BIGINT) <- [841027]
2026-04-23 16:09:24.333 INFO  [b0dcdfd4] c.t.a.logging.MdcLoggingFilter - [HTTP] 요청 완료 - statusCode: 200, latencyMs: 102, requestUri: /api/guides/841027, method: GET
2026-04-23 16:09:24.330 DEBUG [5a579c1c] org.hibernate.SQL - 
    /* <criteria> */ select
        mr1_0.id,
        mr1_0.budget_max_won,
        mr1_0.budget_min_won,
        mr1_0.cancel_reason,
        mr1_0.cancelled_by,
        mr1_0.concept,
        mr1_0.concept_summary,
        mr1_0.created_at,
        mr1_0.desired_budget,
        mr1_0.desired_date,
        mr1_0.destination,
        mr1_0.guest_id,
        mr1_0.guide_id,
        mr1_0.guide_schedule_id,
        mr1_0.propose_message,
        mr1_0.proposed_schedule,
        mr1_0.status,
        mr1_0.updated_at 
    from
        match_request mr1_0 
    where
        mr1_0.guide_id=?
2026-04-23 16:09:24.336 TRACE [5a579c1c] org.hibernate.orm.jdbc.bind - binding parameter (1:BIGINT) <- [841027]
2026-04-23 16:09:24.380 INFO  [5a579c1c] c.t.a.logging.MdcLoggingFilter - [HTTP] 요청 완료 - statusCode: 200, latencyMs: 237, requestUri: /api/matching/requests/guide/list, method: GET
2026-04-23 16:09:24.417 DEBUG [46427cfd] org.hibernate.SQL - 
    select
        gp1_0.id,
        gp1_0.average_rating,
        gp1_0.bio,
        gp1_0.created_at,
        gp1_0.default_course,
        gp1_0.guide_style,
        gp1_0.is_active,
        gp1_0.is_approved,
        gp1_0.keywords,
        gp1_0.language,
        gp1_0.local_story,
        gp1_0.member_id,
        gp1_0.nickname,
        gp1_0.price_per_hour,
        gp1_0.profile_image,
        gp1_0.region,
        gp1_0.residence_years,
        gp1_0.review_count,
        gp1_0.updated_at 
    from
        guide_profiles gp1_0 
    where
        gp1_0.id=?
2026-04-23 16:09:24.472 DEBUG [18260b40] org.hibernate.SQL - 
    /* <criteria> */ select
        m1_0.id,
        m1_0.created_at,
        m1_0.email,
        m1_0.name,
        m1_0.nickname,
        m1_0.password,
        m1_0.profile_image_url,
        m1_0.role,
        m1_0.social_type,
        m1_0.status,
        m1_0.updated_at 
    from
        member m1_0 
    where
        m1_0.email=? 
        and m1_0.role=?
2026-04-23 16:09:24.482 TRACE [46427cfd] org.hibernate.orm.jdbc.bind - binding parameter (1:BIGINT) <- [841027]
2026-04-23 16:09:24.494 TRACE [18260b40] org.hibernate.orm.jdbc.bind - binding parameter (1:VARCHAR) <- [guide27@localGuest.com]
2026-04-23 16:09:24.496 TRACE [18260b40] org.hibernate.orm.jdbc.bind - binding parameter (2:ENUM) <- [GUIDE]
2026-04-23 16:09:24.595 INFO  [46427cfd] c.t.a.logging.MdcLoggingFilter - [HTTP] 요청 완료 - statusCode: 200, latencyMs: 226, requestUri: /api/guides/841027, method: GET
2026-04-23 16:09:24.621 DEBUG [18260b40] org.hibernate.SQL - 
    /* <criteria> */ select
        gp1_0.id,
        gp1_0.average_rating,
        gp1_0.bio,
        gp1_0.created_at,
        gp1_0.default_course,
        gp1_0.guide_style,
        gp1_0.is_active,
        gp1_0.is_approved,
        gp1_0.keywords,
        gp1_0.language,
        gp1_0.local_story,
        gp1_0.member_id,
        gp1_0.nickname,
        gp1_0.price_per_hour,
        gp1_0.profile_image,
        gp1_0.region,
        gp1_0.residence_years,
        gp1_0.review_count,
        gp1_0.updated_at 
    from
        guide_profiles gp1_0 
    where
        gp1_0.member_id=?
2026-04-23 16:09:24.627 TRACE [18260b40] org.hibernate.orm.jdbc.bind - binding parameter (1:BIGINT) <- [940027]
2026-04-23 16:09:24.696 DEBUG [18260b40] org.hibernate.SQL - 
    /* <criteria> */ select
        mr1_0.id,
        mr1_0.budget_max_won,
        mr1_0.budget_min_won,
        mr1_0.cancel_reason,
        mr1_0.cancelled_by,
        mr1_0.concept,
        mr1_0.concept_summary,
        mr1_0.created_at,
        mr1_0.desired_budget,
        mr1_0.desired_date,
        mr1_0.destination,
        mr1_0.guest_id,
        mr1_0.guide_id,
        mr1_0.guide_schedule_id,
        mr1_0.propose_message,
        mr1_0.proposed_schedule,
        mr1_0.status,
        mr1_0.updated_at 
    from
        match_request mr1_0 
    where
        mr1_0.guide_id=?
2026-04-23 16:09:24.724 TRACE [18260b40] org.hibernate.orm.jdbc.bind - binding parameter (1:BIGINT) <- [841027]
2026-04-23 16:09:24.761 INFO  [18260b40] c.t.a.logging.MdcLoggingFilter - [HTTP] 요청 완료 - statusCode: 200, latencyMs: 342, requestUri: /api/matching/requests/guide/list, method: GET
2026-04-23 16:09:24.908 DEBUG [1b9b943a] org.hibernate.SQL - 
    /* <criteria> */ select
        m1_0.id,
        m1_0.created_at,
        m1_0.email,
        m1_0.name,
        m1_0.nickname,
        m1_0.password,
        m1_0.profile_image_url,
        m1_0.role,
        m1_0.social_type,
        m1_0.status,
        m1_0.updated_at 
    from
        member m1_0 
    where
        m1_0.email=? 
        and m1_0.role=?
2026-04-23 16:09:24.919 TRACE [1b9b943a] org.hibernate.orm.jdbc.bind - binding parameter (1:VARCHAR) <- [guide27@localGuest.com]
2026-04-23 16:09:24.921 TRACE [1b9b943a] org.hibernate.orm.jdbc.bind - binding parameter (2:ENUM) <- [GUIDE]
2026-04-23 16:09:24.953 DEBUG [1b9b943a] org.hibernate.SQL - 
    /* <criteria> */ select
        gp1_0.id,
        gp1_0.average_rating,
        gp1_0.bio,
        gp1_0.created_at,
        gp1_0.default_course,
        gp1_0.guide_style,
        gp1_0.is_active,
        gp1_0.is_approved,
        gp1_0.keywords,
        gp1_0.language,
        gp1_0.local_story,
        gp1_0.member_id,
        gp1_0.nickname,
        gp1_0.price_per_hour,
        gp1_0.profile_image,
        gp1_0.region,
        gp1_0.residence_years,
        gp1_0.review_count,
        gp1_0.updated_at 
    from
        guide_profiles gp1_0 
    where
        gp1_0.member_id=?
2026-04-23 16:09:24.959 TRACE [1b9b943a] org.hibernate.orm.jdbc.bind - binding parameter (1:BIGINT) <- [940027]
2026-04-23 16:09:25.005 DEBUG [1b9b943a] org.hibernate.SQL - 
    /* <criteria> */ select
        mr1_0.id,
        mr1_0.budget_max_won,
        mr1_0.budget_min_won,
        mr1_0.cancel_reason,
        mr1_0.cancelled_by,
        mr1_0.concept,
        mr1_0.concept_summary,
        mr1_0.created_at,
        mr1_0.desired_budget,
        mr1_0.desired_date,
        mr1_0.destination,
        mr1_0.guest_id,
        mr1_0.guide_id,
        mr1_0.guide_schedule_id,
        mr1_0.propose_message,
        mr1_0.proposed_schedule,
        mr1_0.status,
        mr1_0.updated_at 
    from
        match_request mr1_0 
    where
        mr1_0.guide_id=?
2026-04-23 16:09:25.763 TRACE [1b9b943a] org.hibernate.orm.jdbc.bind - binding parameter (1:BIGINT) <- [841027]
2026-04-23 16:09:25.783 INFO  [1b9b943a] c.t.a.logging.MdcLoggingFilter - [HTTP] 요청 완료 - statusCode: 200, latencyMs: 973, requestUri: /api/matching/requests/guide/list, method: GET
2026-04-23 16:09:25.879 DEBUG [4d14f38d] org.hibernate.SQL - 
    /* <criteria> */ select
        m1_0.id,
        m1_0.created_at,
        m1_0.email,
        m1_0.name,
        m1_0.nickname,
        m1_0.password,
        m1_0.profile_image_url,
        m1_0.role,
        m1_0.social_type,
        m1_0.status,
        m1_0.updated_at 
    from
        member m1_0 
    where
        m1_0.email=? 
        and m1_0.role=?
2026-04-23 16:09:25.885 TRACE [4d14f38d] org.hibernate.orm.jdbc.bind - binding parameter (1:VARCHAR) <- [guide27@localGuest.com]
2026-04-23 16:09:25.888 TRACE [4d14f38d] org.hibernate.orm.jdbc.bind - binding parameter (2:ENUM) <- [GUIDE]
2026-04-23 16:09:25.935 DEBUG [4d14f38d] org.hibernate.SQL - 
    /* <criteria> */ select
        gp1_0.id,
        gp1_0.average_rating,
        gp1_0.bio,
        gp1_0.created_at,
        gp1_0.default_course,
        gp1_0.guide_style,
        gp1_0.is_active,
        gp1_0.is_approved,
        gp1_0.keywords,
        gp1_0.language,
        gp1_0.local_story,
        gp1_0.member_id,
        gp1_0.nickname,
        gp1_0.price_per_hour,
        gp1_0.profile_image,
        gp1_0.region,
        gp1_0.residence_years,
        gp1_0.review_count,
        gp1_0.updated_at 
    from
        guide_profiles gp1_0 
    where
        gp1_0.member_id=?
2026-04-23 16:09:25.946 TRACE [4d14f38d] org.hibernate.orm.jdbc.bind - binding parameter (1:BIGINT) <- [940027]
2026-04-23 16:09:25.993 DEBUG [4d14f38d] org.hibernate.SQL - 
    /* <criteria> */ select
        mr1_0.id,
        mr1_0.budget_max_won,
        mr1_0.budget_min_won,
        mr1_0.cancel_reason,
        mr1_0.cancelled_by,
        mr1_0.concept,
        mr1_0.concept_summary,
        mr1_0.created_at,
        mr1_0.desired_budget,
        mr1_0.desired_date,
        mr1_0.destination,
        mr1_0.guest_id,
        mr1_0.guide_id,
        mr1_0.guide_schedule_id,
        mr1_0.propose_message,
        mr1_0.proposed_schedule,
        mr1_0.status,
        mr1_0.updated_at 
    from
        match_request mr1_0 
    where
        mr1_0.guide_id=?
2026-04-23 16:09:26.281 TRACE [4d14f38d] org.hibernate.orm.jdbc.bind - binding parameter (1:BIGINT) <- [841027]
2026-04-23 16:09:26.311 INFO  [4d14f38d] c.t.a.logging.MdcLoggingFilter - [HTTP] 요청 완료 - statusCode: 200, latencyMs: 489, requestUri: /api/matching/requests/guide/list, method: GET
2026-04-23 16:09:26.351 DEBUG [067396d0] org.hibernate.SQL - 
    /* <criteria> */ select
        m1_0.id,
        m1_0.created_at,
        m1_0.email,
        m1_0.name,
        m1_0.nickname,
        m1_0.password,
        m1_0.profile_image_url,
        m1_0.role,
        m1_0.social_type,
        m1_0.status,
        m1_0.updated_at 
    from
        member m1_0 
    where
        m1_0.email=? 
        and m1_0.role=?
2026-04-23 16:09:26.353 TRACE [067396d0] org.hibernate.orm.jdbc.bind - binding parameter (1:VARCHAR) <- [guide27@localGuest.com]
2026-04-23 16:09:26.353 TRACE [067396d0] org.hibernate.orm.jdbc.bind - binding parameter (2:ENUM) <- [GUIDE]
2026-04-23 16:09:26.361 DEBUG [067396d0] org.hibernate.SQL - 
    /* <criteria> */ select
        gp1_0.id,
        gp1_0.average_rating,
        gp1_0.bio,
        gp1_0.created_at,
        gp1_0.default_course,
        gp1_0.guide_style,
        gp1_0.is_active,
        gp1_0.is_approved,
        gp1_0.keywords,
        gp1_0.language,
        gp1_0.local_story,
        gp1_0.member_id,
        gp1_0.nickname,
        gp1_0.price_per_hour,
        gp1_0.profile_image,
        gp1_0.region,
        gp1_0.residence_years,
        gp1_0.review_count,
        gp1_0.updated_at 
    from
        guide_profiles gp1_0 
    where
        gp1_0.member_id=?
2026-04-23 16:09:26.366 TRACE [067396d0] org.hibernate.orm.jdbc.bind - binding parameter (1:BIGINT) <- [940027]
2026-04-23 16:09:26.381 DEBUG [067396d0] org.hibernate.SQL - 
    /* <criteria> */ select
        mr1_0.id,
        mr1_0.budget_max_won,
        mr1_0.budget_min_won,
        mr1_0.cancel_reason,
        mr1_0.cancelled_by,
        mr1_0.concept,
        mr1_0.concept_summary,
        mr1_0.created_at,
        mr1_0.desired_budget,
        mr1_0.desired_date,
        mr1_0.destination,
        mr1_0.guest_id,
        mr1_0.guide_id,
        mr1_0.guide_schedule_id,
        mr1_0.propose_message,
        mr1_0.proposed_schedule,
        mr1_0.status,
        mr1_0.updated_at 
    from
        match_request mr1_0 
    where
        mr1_0.guide_id=?
2026-04-23 16:09:26.383 TRACE [067396d0] org.hibernate.orm.jdbc.bind - binding parameter (1:BIGINT) <- [841027]
2026-04-23 16:09:26.399 INFO  [067396d0] c.t.a.logging.MdcLoggingFilter - [HTTP] 요청 완료 - statusCode: 200, latencyMs: 67, requestUri: /api/matching/requests/guide/list, method: GET
2026-04-23 16:09:26.458 DEBUG [22f3d341] org.hibernate.SQL - 
    /* <criteria> */ select
        m1_0.id,
        m1_0.created_at,
        m1_0.email,
        m1_0.name,
        m1_0.nickname,
        m1_0.password,
        m1_0.profile_image_url,
        m1_0.role,
        m1_0.social_type,
        m1_0.status,
        m1_0.updated_at 
    from
        member m1_0 
    where
        m1_0.email=? 
        and m1_0.role=?
2026-04-23 16:09:26.465 TRACE [22f3d341] org.hibernate.orm.jdbc.bind - binding parameter (1:VARCHAR) <- [guide27@localGuest.com]
2026-04-23 16:09:26.468 TRACE [22f3d341] org.hibernate.orm.jdbc.bind - binding parameter (2:ENUM) <- [GUIDE]
2026-04-23 16:09:26.493 DEBUG [22f3d341] org.hibernate.SQL - 
    /* <criteria> */ select
        gp1_0.id,
        gp1_0.average_rating,
        gp1_0.bio,
        gp1_0.created_at,
        gp1_0.default_course,
        gp1_0.guide_style,
        gp1_0.is_active,
        gp1_0.is_approved,
        gp1_0.keywords,
        gp1_0.language,
        gp1_0.local_story,
        gp1_0.member_id,
        gp1_0.nickname,
        gp1_0.price_per_hour,
        gp1_0.profile_image,
        gp1_0.region,
        gp1_0.residence_years,
        gp1_0.review_count,
        gp1_0.updated_at 
    from
        guide_profiles gp1_0 
    where
        gp1_0.member_id=?
2026-04-23 16:09:26.497 TRACE [22f3d341] org.hibernate.orm.jdbc.bind - binding parameter (1:BIGINT) <- [940027]
2026-04-23 16:09:26.515 DEBUG [22f3d341] org.hibernate.SQL - 
    /* <criteria> */ select
        mr1_0.id,
        mr1_0.budget_max_won,
        mr1_0.budget_min_won,
        mr1_0.cancel_reason,
        mr1_0.cancelled_by,
        mr1_0.concept,
        mr1_0.concept_summary,
        mr1_0.created_at,
        mr1_0.desired_budget,
        mr1_0.desired_date,
        mr1_0.destination,
        mr1_0.guest_id,
        mr1_0.guide_id,
        mr1_0.guide_schedule_id,
        mr1_0.propose_message,
        mr1_0.proposed_schedule,
        mr1_0.status,
        mr1_0.updated_at 
    from
        match_request mr1_0 
    where
        mr1_0.guide_id=?
2026-04-23 16:09:26.518 TRACE [22f3d341] org.hibernate.orm.jdbc.bind - binding parameter (1:BIGINT) <- [841027]
2026-04-23 16:09:26.545 INFO  [22f3d341] c.t.a.logging.MdcLoggingFilter - [HTTP] 요청 완료 - statusCode: 200, latencyMs: 116, requestUri: /api/matching/requests/guide/list, method: GET
2026-04-23 16:09:26.641 DEBUG [280af444] org.hibernate.SQL - 
    /* <criteria> */ select
        m1_0.id,
        m1_0.created_at,
        m1_0.email,
        m1_0.name,
        m1_0.nickname,
        m1_0.password,
        m1_0.profile_image_url,
        m1_0.role,
        m1_0.social_type,
        m1_0.status,
        m1_0.updated_at 
    from
        member m1_0 
    where
        m1_0.email=? 
        and m1_0.role=?
2026-04-23 16:09:26.650 TRACE [280af444] org.hibernate.orm.jdbc.bind - binding parameter (1:VARCHAR) <- [guide27@localGuest.com]
2026-04-23 16:09:26.653 TRACE [280af444] org.hibernate.orm.jdbc.bind - binding parameter (2:ENUM) <- [GUIDE]
2026-04-23 16:09:26.685 DEBUG [280af444] org.hibernate.SQL - 
    /* <criteria> */ select
        gp1_0.id,
        gp1_0.average_rating,
        gp1_0.bio,
        gp1_0.created_at,
        gp1_0.default_course,
        gp1_0.guide_style,
        gp1_0.is_active,
        gp1_0.is_approved,
        gp1_0.keywords,
        gp1_0.language,
        gp1_0.local_story,
        gp1_0.member_id,
        gp1_0.nickname,
        gp1_0.price_per_hour,
        gp1_0.profile_image,
        gp1_0.region,
        gp1_0.residence_years,
        gp1_0.review_count,
        gp1_0.updated_at 
    from
        guide_profiles gp1_0 
    where
        gp1_0.member_id=?
2026-04-23 16:09:26.690 TRACE [280af444] org.hibernate.orm.jdbc.bind - binding parameter (1:BIGINT) <- [940027]
2026-04-23 16:09:26.752 DEBUG [280af444] org.hibernate.SQL - 
    /* <criteria> */ select
        mr1_0.id,
        mr1_0.budget_max_won,
        mr1_0.budget_min_won,
        mr1_0.cancel_reason,
        mr1_0.cancelled_by,
        mr1_0.concept,
        mr1_0.concept_summary,
        mr1_0.created_at,
        mr1_0.desired_budget,
        mr1_0.desired_date,
        mr1_0.destination,
        mr1_0.guest_id,
        mr1_0.guide_id,
        mr1_0.guide_schedule_id,
        mr1_0.propose_message,
        mr1_0.proposed_schedule,
        mr1_0.status,
        mr1_0.updated_at 
    from
        match_request mr1_0 
    where
        mr1_0.guide_id=?
2026-04-23 16:09:26.760 TRACE [280af444] org.hibernate.orm.jdbc.bind - binding parameter (1:BIGINT) <- [841027]
2026-04-23 16:09:26.834 INFO  [280af444] c.t.a.logging.MdcLoggingFilter - [HTTP] 요청 완료 - statusCode: 200, latencyMs: 252, requestUri: /api/matching/requests/guide/list, method: GET
2026-04-23 16:09:28.283 DEBUG [ac8bf090] org.hibernate.SQL - 
    select
        gp1_0.id,
        gp1_0.average_rating,
        gp1_0.bio,
        gp1_0.created_at,
        gp1_0.default_course,
        gp1_0.guide_style,
        gp1_0.is_active,
        gp1_0.is_approved,
        gp1_0.keywords,
        gp1_0.language,
        gp1_0.local_story,
        gp1_0.member_id,
        gp1_0.nickname,
        gp1_0.price_per_hour,
        gp1_0.profile_image,
        gp1_0.region,
        gp1_0.residence_years,
        gp1_0.review_count,
        gp1_0.updated_at 
    from
        guide_profiles gp1_0 
    where
        gp1_0.id=?
2026-04-23 16:09:28.279 DEBUG [9cdf3487] org.hibernate.SQL - 
    /* <criteria> */ select
        m1_0.id,
        m1_0.created_at,
        m1_0.email,
        m1_0.name,
        m1_0.nickname,
        m1_0.password,
        m1_0.profile_image_url,
        m1_0.role,
        m1_0.social_type,
        m1_0.status,
        m1_0.updated_at 
    from
        member m1_0 
    where
        m1_0.email=? 
        and m1_0.role=?
2026-04-23 16:09:28.290 TRACE [ac8bf090] org.hibernate.orm.jdbc.bind - binding parameter (1:BIGINT) <- [841027]
2026-04-23 16:09:28.290 DEBUG [67cfe2ad] org.hibernate.SQL - 
    /* <criteria> */ select
        gs1_0.id,
        gs1_0.available_date,
        gs1_0.course_detail,
        gs1_0.created_at,
        gs1_0.end_time,
        gs1_0.guide_message,
        gs1_0.guide_id,
        gs1_0.is_paid,
        gs1_0.match_request_id,
        gs1_0.meeting_point,
        gs1_0.start_time,
        gs1_0.status,
        gs1_0.updated_at 
    from
        guide_schedules gs1_0 
    left join
        guide_profiles gp1_0 
            on gp1_0.id=gs1_0.guide_id 
    where
        gp1_0.id=? 
    order by
        gs1_0.available_date
2026-04-23 16:09:28.296 DEBUG [8e3f0187] org.hibernate.SQL - 
    /* <criteria> */ select
        gs1_0.id,
        gs1_0.available_date,
        gs1_0.course_detail,
        gs1_0.created_at,
        gs1_0.end_time,
        gs1_0.guide_message,
        gs1_0.guide_id,
        gs1_0.is_paid,
        gs1_0.match_request_id,
        gs1_0.meeting_point,
        gs1_0.start_time,
        gs1_0.status,
        gs1_0.updated_at 
    from
        guide_schedules gs1_0 
    left join
        guide_profiles gp1_0 
            on gp1_0.id=gs1_0.guide_id 
    where
        gp1_0.id=? 
        and gs1_0.status=?
2026-04-23 16:09:28.296 TRACE [9cdf3487] org.hibernate.orm.jdbc.bind - binding parameter (1:VARCHAR) <- [guide27@localGuest.com]
2026-04-23 16:09:28.307 TRACE [9cdf3487] org.hibernate.orm.jdbc.bind - binding parameter (2:ENUM) <- [GUIDE]
2026-04-23 16:09:28.308 TRACE [8e3f0187] org.hibernate.orm.jdbc.bind - binding parameter (1:BIGINT) <- [841027]
2026-04-23 16:09:28.301 DEBUG [eaee790b] org.hibernate.SQL - 
    /* <criteria> */ select
        m1_0.id,
        m1_0.created_at,
        m1_0.email,
        m1_0.name,
        m1_0.nickname,
        m1_0.password,
        m1_0.profile_image_url,
        m1_0.role,
        m1_0.social_type,
        m1_0.status,
        m1_0.updated_at 
    from
        member m1_0 
    where
        m1_0.email=? 
        and m1_0.role=?
2026-04-23 16:09:28.293 TRACE [67cfe2ad] org.hibernate.orm.jdbc.bind - binding parameter (1:BIGINT) <- [841027]
2026-04-23 16:09:28.302 DEBUG [91a83623] org.hibernate.SQL - 
    /* <criteria> */ select
        gf1_0.id,
        gf1_0.content,
        gf1_0.created_at,
        gf1_0.guide_id,
        gf1_0.image_url,
        gf1_0.is_deleted,
        gf1_0.updated_at 
    from
        guide_feeds gf1_0 
    left join
        guide_profiles gp1_0 
            on gp1_0.id=gf1_0.guide_id 
    where
        gp1_0.id=? 
        and not(gf1_0.is_deleted) 
    order by
        gf1_0.created_at desc
2026-04-23 16:09:28.309 TRACE [8e3f0187] org.hibernate.orm.jdbc.bind - binding parameter (2:ENUM) <- [BLOCKED]
2026-04-23 16:09:28.318 TRACE [91a83623] org.hibernate.orm.jdbc.bind - binding parameter (1:BIGINT) <- [841027]
2026-04-23 16:09:28.319 TRACE [eaee790b] org.hibernate.orm.jdbc.bind - binding parameter (1:VARCHAR) <- [guide27@localGuest.com]
2026-04-23 16:09:28.320 TRACE [eaee790b] org.hibernate.orm.jdbc.bind - binding parameter (2:ENUM) <- [GUIDE]
2026-04-23 16:09:28.339 DEBUG [9cdf3487] org.hibernate.SQL - 
    /* <criteria> */ select
        gp1_0.id,
        gp1_0.average_rating,
        gp1_0.bio,
        gp1_0.created_at,
        gp1_0.default_course,
        gp1_0.guide_style,
        gp1_0.is_active,
        gp1_0.is_approved,
        gp1_0.keywords,
        gp1_0.language,
        gp1_0.local_story,
        gp1_0.member_id,
        gp1_0.nickname,
        gp1_0.price_per_hour,
        gp1_0.profile_image,
        gp1_0.region,
        gp1_0.residence_years,
        gp1_0.review_count,
        gp1_0.updated_at 
    from
        guide_profiles gp1_0 
    where
        gp1_0.member_id=?
2026-04-23 16:09:28.349 TRACE [9cdf3487] org.hibernate.orm.jdbc.bind - binding parameter (1:BIGINT) <- [940027]
2026-04-23 16:09:28.345 INFO  [8e3f0187] c.t.a.logging.MdcLoggingFilter - [HTTP] 요청 완료 - statusCode: 200, latencyMs: 138, requestUri: /api/guides/841027/schedules/blocked, method: GET
2026-04-23 16:09:28.347 INFO  [ac8bf090] c.t.a.logging.MdcLoggingFilter - [HTTP] 요청 완료 - statusCode: 200, latencyMs: 133, requestUri: /api/guides/841027, method: GET
2026-04-23 16:09:28.360 DEBUG [eaee790b] org.hibernate.SQL - 
    select
        gp1_0.id,
        gp1_0.average_rating,
        gp1_0.bio,
        gp1_0.created_at,
        gp1_0.default_course,
        gp1_0.guide_style,
        gp1_0.is_active,
        gp1_0.is_approved,
        gp1_0.keywords,
        gp1_0.language,
        gp1_0.local_story,
        gp1_0.member_id,
        gp1_0.nickname,
        gp1_0.price_per_hour,
        gp1_0.profile_image,
        gp1_0.region,
        gp1_0.residence_years,
        gp1_0.review_count,
        gp1_0.updated_at 
    from
        guide_profiles gp1_0 
    where
        gp1_0.id=?
2026-04-23 16:09:28.369 INFO  [67cfe2ad] c.t.a.logging.MdcLoggingFilter - [HTTP] 요청 완료 - statusCode: 200, latencyMs: 172, requestUri: /api/guides/841027/schedules, method: GET
2026-04-23 16:09:28.369 TRACE [eaee790b] org.hibernate.orm.jdbc.bind - binding parameter (1:BIGINT) <- [841027]
2026-04-23 16:09:28.395 INFO  [91a83623] c.t.a.logging.MdcLoggingFilter - [HTTP] 요청 완료 - statusCode: 200, latencyMs: 197, requestUri: /api/guides/841027/feeds, method: GET
2026-04-23 16:09:28.419 DEBUG [9cdf3487] org.hibernate.SQL - 
    /* <criteria> */ select
        mr1_0.id,
        mr1_0.budget_max_won,
        mr1_0.budget_min_won,
        mr1_0.cancel_reason,
        mr1_0.cancelled_by,
        mr1_0.concept,
        mr1_0.concept_summary,
        mr1_0.created_at,
        mr1_0.desired_budget,
        mr1_0.desired_date,
        mr1_0.destination,
        mr1_0.guest_id,
        mr1_0.guide_id,
        mr1_0.guide_schedule_id,
        mr1_0.propose_message,
        mr1_0.proposed_schedule,
        mr1_0.status,
        mr1_0.updated_at 
    from
        match_request mr1_0 
    where
        mr1_0.guide_id=?
2026-04-23 16:09:28.422 DEBUG [eaee790b] org.hibernate.SQL - 
    /* <criteria> */ select
        gs1_0.id,
        gs1_0.available_date,
        gs1_0.course_detail,
        gs1_0.created_at,
        gs1_0.end_time,
        gs1_0.guide_message,
        gs1_0.guide_id,
        gs1_0.is_paid,
        gs1_0.match_request_id,
        gs1_0.meeting_point,
        gs1_0.start_time,
        gs1_0.status,
        gs1_0.updated_at 
    from
        guide_schedules gs1_0 
    left join
        guide_profiles gp1_0 
            on gp1_0.id=gs1_0.guide_id 
    where
        gp1_0.id=? 
        and gs1_0.status=?
2026-04-23 16:09:29.637 DEBUG [b8680952] org.hibernate.SQL - 
    /* <criteria> */ select
        m1_0.id,
        m1_0.created_at,
        m1_0.email,
        m1_0.name,
        m1_0.nickname,
        m1_0.password,
        m1_0.profile_image_url,
        m1_0.role,
        m1_0.social_type,
        m1_0.status,
        m1_0.updated_at 
    from
        member m1_0 
    where
        m1_0.email=? 
        and m1_0.role=?
2026-04-23 16:09:32.843 TRACE [9cdf3487] org.hibernate.orm.jdbc.bind - binding parameter (1:BIGINT) <- [841027]
2026-04-23 16:09:29.673 DEBUG [6056a0fa] org.hibernate.SQL - 
    select
        gp1_0.id,
        gp1_0.average_rating,
        gp1_0.bio,
        gp1_0.created_at,
        gp1_0.default_course,
        gp1_0.guide_style,
        gp1_0.is_active,
        gp1_0.is_approved,
        gp1_0.keywords,
        gp1_0.language,
        gp1_0.local_story,
        gp1_0.member_id,
        gp1_0.nickname,
        gp1_0.price_per_hour,
        gp1_0.profile_image,
        gp1_0.region,
        gp1_0.residence_years,
        gp1_0.review_count,
        gp1_0.updated_at 
    from
        guide_profiles gp1_0 
    where
        gp1_0.id=?
2026-04-23 16:09:32.843 TRACE [eaee790b] org.hibernate.orm.jdbc.bind - binding parameter (1:BIGINT) <- [841027]
2026-04-23 16:09:32.845 TRACE [eaee790b] org.hibernate.orm.jdbc.bind - binding parameter (2:ENUM) <- [PENDING]
2026-04-23 16:09:34.027 TRACE [6056a0fa] org.hibernate.orm.jdbc.bind - binding parameter (1:BIGINT) <- [841027]
2026-04-23 16:09:32.881 INFO  [9cdf3487] c.t.a.logging.MdcLoggingFilter - [HTTP] 요청 완료 - statusCode: 200, latencyMs: 4690, requestUri: /api/matching/requests/guide/list, method: GET
2026-04-23 16:09:32.850 TRACE [b8680952] org.hibernate.orm.jdbc.bind - binding parameter (1:VARCHAR) <- [guide27@localGuest.com]
2026-04-23 16:09:33.042 DEBUG [ba7ad43e] org.hibernate.SQL - 
    /* <criteria> */ select
        m1_0.id,
        m1_0.created_at,
        m1_0.email,
        m1_0.name,
        m1_0.nickname,
        m1_0.password,
        m1_0.profile_image_url,
        m1_0.role,
        m1_0.social_type,
        m1_0.status,
        m1_0.updated_at 
    from
        member m1_0 
    where
        m1_0.email=? 
        and m1_0.role=?
2026-04-23 16:09:34.029 TRACE [b8680952] org.hibernate.orm.jdbc.bind - binding parameter (2:ENUM) <- [GUIDE]
2026-04-23 16:09:34.036 TRACE [ba7ad43e] org.hibernate.orm.jdbc.bind - binding parameter (1:VARCHAR) <- [guide27@localGuest.com]
2026-04-23 16:09:34.038 TRACE [ba7ad43e] org.hibernate.orm.jdbc.bind - binding parameter (2:ENUM) <- [GUIDE]
2026-04-23 16:09:34.067 DEBUG [b8680952] org.hibernate.SQL - 
    select
        gp1_0.id,
        gp1_0.average_rating,
        gp1_0.bio,
        gp1_0.created_at,
        gp1_0.default_course,
        gp1_0.guide_style,
        gp1_0.is_active,
        gp1_0.is_approved,
        gp1_0.keywords,
        gp1_0.language,
        gp1_0.local_story,
        gp1_0.member_id,
        gp1_0.nickname,
        gp1_0.price_per_hour,
        gp1_0.profile_image,
        gp1_0.region,
        gp1_0.residence_years,
        gp1_0.review_count,
        gp1_0.updated_at 
    from
        guide_profiles gp1_0 
    where
        gp1_0.id=?
2026-04-23 16:09:34.073 TRACE [b8680952] org.hibernate.orm.jdbc.bind - binding parameter (1:BIGINT) <- [841027]
2026-04-23 16:09:34.074 INFO  [6056a0fa] c.t.a.logging.MdcLoggingFilter - [HTTP] 요청 완료 - statusCode: 200, latencyMs: 4496, requestUri: /api/guides/841027, method: GET
2026-04-23 16:09:34.074 INFO  [eaee790b] c.t.a.logging.MdcLoggingFilter - [HTTP] 요청 완료 - statusCode: 200, latencyMs: 5874, requestUri: /api/guides/841027/schedules/pending, method: GET
2026-04-23 16:09:34.073 DEBUG [ba7ad43e] org.hibernate.SQL - 
    /* <criteria> */ select
        gp1_0.id,
        gp1_0.average_rating,
        gp1_0.bio,
        gp1_0.created_at,
        gp1_0.default_course,
        gp1_0.guide_style,
        gp1_0.is_active,
        gp1_0.is_approved,
        gp1_0.keywords,
        gp1_0.language,
        gp1_0.local_story,
        gp1_0.member_id,
        gp1_0.nickname,
        gp1_0.price_per_hour,
        gp1_0.profile_image,
        gp1_0.region,
        gp1_0.residence_years,
        gp1_0.review_count,
        gp1_0.updated_at 
    from
        guide_profiles gp1_0 
    where
        gp1_0.member_id=?
2026-04-23 16:09:34.100 DEBUG [b8680952] org.hibernate.SQL - 
    /* <criteria> */ select
        p1_0.id,
        p1_0.amount,
        p1_0.created_at,
        p1_0.match_request_id,
        p1_0.paid_at,
        p1_0.payer_id,
        p1_0.payment_type,
        p1_0.pg_order_no,
        p1_0.pg_transaction_id,
        p1_0.refund_deadline,
        p1_0.status,
        p1_0.updated_at 
    from
        payment p1_0 
    left join
        match_request mr1_0 
            on mr1_0.id=p1_0.match_request_id 
    where
        mr1_0.guide_id=? 
        and p1_0.status=?
2026-04-23 16:09:34.327 TRACE [ba7ad43e] org.hibernate.orm.jdbc.bind - binding parameter (1:BIGINT) <- [940027]
2026-04-23 16:09:34.327 TRACE [b8680952] org.hibernate.orm.jdbc.bind - binding parameter (1:BIGINT) <- [841027]
2026-04-23 16:09:34.329 TRACE [b8680952] org.hibernate.orm.jdbc.bind - binding parameter (2:ENUM) <- [COMPLETED]
2026-04-23 16:09:34.340 DEBUG [ba7ad43e] org.hibernate.SQL - 
    /* <criteria> */ select
        mr1_0.id,
        mr1_0.budget_max_won,
        mr1_0.budget_min_won,
        mr1_0.cancel_reason,
        mr1_0.cancelled_by,
        mr1_0.concept,
        mr1_0.concept_summary,
        mr1_0.created_at,
        mr1_0.desired_budget,
        mr1_0.desired_date,
        mr1_0.destination,
        mr1_0.guest_id,
        mr1_0.guide_id,
        mr1_0.guide_schedule_id,
        mr1_0.propose_message,
        mr1_0.proposed_schedule,
        mr1_0.status,
        mr1_0.updated_at 
    from
        match_request mr1_0 
    where
        mr1_0.guide_id=?
2026-04-23 16:09:34.342 TRACE [ba7ad43e] org.hibernate.orm.jdbc.bind - binding parameter (1:BIGINT) <- [841027]
2026-04-23 16:09:34.368 INFO  [b8680952] c.t.a.logging.MdcLoggingFilter - [HTTP] 요청 완료 - statusCode: 200, latencyMs: 4918, requestUri: /api/guides/841027/settlement/expected, method: GET
2026-04-23 16:09:34.379 INFO  [ba7ad43e] c.t.a.logging.MdcLoggingFilter - [HTTP] 요청 완료 - statusCode: 200, latencyMs: 1456, requestUri: /api/matching/requests/guide/list, method: GET
2026-04-23 16:09:34.620 DEBUG [033ea385] org.hibernate.SQL - 
    /* <criteria> */ select
        m1_0.id,
        m1_0.created_at,
        m1_0.email,
        m1_0.name,
        m1_0.nickname,
        m1_0.password,
        m1_0.profile_image_url,
        m1_0.role,
        m1_0.social_type,
        m1_0.status,
        m1_0.updated_at 
    from
        member m1_0 
    where
        m1_0.email=? 
        and m1_0.role=?
2026-04-23 16:09:34.624 TRACE [033ea385] org.hibernate.orm.jdbc.bind - binding parameter (1:VARCHAR) <- [guide27@localGuest.com]
2026-04-23 16:09:34.625 TRACE [033ea385] org.hibernate.orm.jdbc.bind - binding parameter (2:ENUM) <- [GUIDE]
2026-04-23 16:09:34.628 DEBUG [56aac390] org.hibernate.SQL - 
    /* <criteria> */ select
        m1_0.id,
        m1_0.created_at,
        m1_0.email,
        m1_0.name,
        m1_0.nickname,
        m1_0.password,
        m1_0.profile_image_url,
        m1_0.role,
        m1_0.social_type,
        m1_0.status,
        m1_0.updated_at 
    from
        member m1_0 
    where
        m1_0.email=? 
        and m1_0.role=?
2026-04-23 16:09:34.639 TRACE [56aac390] org.hibernate.orm.jdbc.bind - binding parameter (1:VARCHAR) <- [guide27@localGuest.com]
2026-04-23 16:09:34.644 DEBUG [033ea385] org.hibernate.SQL - 
    select
        gp1_0.id,
        gp1_0.average_rating,
        gp1_0.bio,
        gp1_0.created_at,
        gp1_0.default_course,
        gp1_0.guide_style,
        gp1_0.is_active,
        gp1_0.is_approved,
        gp1_0.keywords,
        gp1_0.language,
        gp1_0.local_story,
        gp1_0.member_id,
        gp1_0.nickname,
        gp1_0.price_per_hour,
        gp1_0.profile_image,
        gp1_0.region,
        gp1_0.residence_years,
        gp1_0.review_count,
        gp1_0.updated_at 
    from
        guide_profiles gp1_0 
    where
        gp1_0.id=?
2026-04-23 16:09:35.905 TRACE [56aac390] org.hibernate.orm.jdbc.bind - binding parameter (2:ENUM) <- [GUIDE]
2026-04-23 16:09:35.906 TRACE [033ea385] org.hibernate.orm.jdbc.bind - binding parameter (1:BIGINT) <- [841027]
2026-04-23 16:09:35.926 DEBUG [56aac390] org.hibernate.SQL - 
    /* <criteria> */ select
        gp1_0.id,
        gp1_0.average_rating,
        gp1_0.bio,
        gp1_0.created_at,
        gp1_0.default_course,
        gp1_0.guide_style,
        gp1_0.is_active,
        gp1_0.is_approved,
        gp1_0.keywords,
        gp1_0.language,
        gp1_0.local_story,
        gp1_0.member_id,
        gp1_0.nickname,
        gp1_0.price_per_hour,
        gp1_0.profile_image,
        gp1_0.region,
        gp1_0.residence_years,
        gp1_0.review_count,
        gp1_0.updated_at 
    from
        guide_profiles gp1_0 
    where
        gp1_0.member_id=?
2026-04-23 16:09:35.926 DEBUG [033ea385] org.hibernate.SQL - 
    /* <criteria> */ select
        p1_0.id,
        p1_0.amount,
        p1_0.created_at,
        p1_0.match_request_id,
        p1_0.paid_at,
        p1_0.payer_id,
        p1_0.payment_type,
        p1_0.pg_order_no,
        p1_0.pg_transaction_id,
        p1_0.refund_deadline,
        p1_0.status,
        p1_0.updated_at 
    from
        payment p1_0 
    left join
        match_request mr1_0 
            on mr1_0.id=p1_0.match_request_id 
    where
        mr1_0.guide_id=? 
        and p1_0.status=?
2026-04-23 16:09:35.928 TRACE [033ea385] org.hibernate.orm.jdbc.bind - binding parameter (1:BIGINT) <- [841027]
2026-04-23 16:09:35.928 TRACE [56aac390] org.hibernate.orm.jdbc.bind - binding parameter (1:BIGINT) <- [940027]
2026-04-23 16:09:35.957 TRACE [033ea385] org.hibernate.orm.jdbc.bind - binding parameter (2:ENUM) <- [COMPLETED]
2026-04-23 16:09:35.978 DEBUG [56aac390] org.hibernate.SQL - 
    /* <criteria> */ select
        mr1_0.id,
        mr1_0.budget_max_won,
        mr1_0.budget_min_won,
        mr1_0.cancel_reason,
        mr1_0.cancelled_by,
        mr1_0.concept,
        mr1_0.concept_summary,
        mr1_0.created_at,
        mr1_0.desired_budget,
        mr1_0.desired_date,
        mr1_0.destination,
        mr1_0.guest_id,
        mr1_0.guide_id,
        mr1_0.guide_schedule_id,
        mr1_0.propose_message,
        mr1_0.proposed_schedule,
        mr1_0.status,
        mr1_0.updated_at 
    from
        match_request mr1_0 
    where
        mr1_0.guide_id=?
2026-04-23 16:09:35.982 TRACE [56aac390] org.hibernate.orm.jdbc.bind - binding parameter (1:BIGINT) <- [841027]
2026-04-23 16:09:35.989 INFO  [033ea385] c.t.a.logging.MdcLoggingFilter - [HTTP] 요청 완료 - statusCode: 200, latencyMs: 1535, requestUri: /api/guides/841027/settlement/expected, method: GET
2026-04-23 16:09:36.016 INFO  [56aac390] c.t.a.logging.MdcLoggingFilter - [HTTP] 요청 완료 - statusCode: 200, latencyMs: 1540, requestUri: /api/matching/requests/guide/list, method: GET
2026-04-23 16:09:48.101 DEBUG [65c99885] org.hibernate.SQL - 
    select
        gp1_0.id,
        gp1_0.average_rating,
        gp1_0.bio,
        gp1_0.created_at,
        gp1_0.default_course,
        gp1_0.guide_style,
        gp1_0.is_active,
        gp1_0.is_approved,
        gp1_0.keywords,
        gp1_0.language,
        gp1_0.local_story,
        gp1_0.member_id,
        gp1_0.nickname,
        gp1_0.price_per_hour,
        gp1_0.profile_image,
        gp1_0.region,
        gp1_0.residence_years,
        gp1_0.review_count,
        gp1_0.updated_at 
    from
        guide_profiles gp1_0 
    where
        gp1_0.id=?
2026-04-23 16:09:48.106 TRACE [65c99885] org.hibernate.orm.jdbc.bind - binding parameter (1:BIGINT) <- [841027]
2026-04-23 16:09:48.110 DEBUG [fe43d386] org.hibernate.SQL - 
    select
        gp1_0.id,
        gp1_0.average_rating,
        gp1_0.bio,
        gp1_0.created_at,
        gp1_0.default_course,
        gp1_0.guide_style,
        gp1_0.is_active,
        gp1_0.is_approved,
        gp1_0.keywords,
        gp1_0.language,
        gp1_0.local_story,
        gp1_0.member_id,
        gp1_0.nickname,
        gp1_0.price_per_hour,
        gp1_0.profile_image,
        gp1_0.region,
        gp1_0.residence_years,
        gp1_0.review_count,
        gp1_0.updated_at 
    from
        guide_profiles gp1_0 
    where
        gp1_0.id=?
2026-04-23 16:09:48.116 TRACE [fe43d386] org.hibernate.orm.jdbc.bind - binding parameter (1:BIGINT) <- [841027]
2026-04-23 16:09:48.120 DEBUG [3b10009a] org.hibernate.SQL - 
    /* <criteria> */ select
        r1_0.id,
        r1_0.content,
        r1_0.created_at,
        r1_0.deleted,
        r1_0.deleted_at,
        r1_0.guide_id,
        r1_0.match_request_id,
        r1_0.member_id,
        r1_0.rating,
        r1_0.updated_at 
    from
        review r1_0 
    where
        r1_0.guide_id=? 
        and not(r1_0.deleted) 
    order by
        r1_0.id desc 
    limit
        ?
2026-04-23 16:09:48.124 TRACE [3b10009a] org.hibernate.orm.jdbc.bind - binding parameter (1:BIGINT) <- [841027]
2026-04-23 16:09:48.126 TRACE [3b10009a] org.hibernate.orm.jdbc.bind - binding parameter (2:INTEGER) <- [10]
2026-04-23 16:09:48.143 INFO  [65c99885] c.t.a.logging.MdcLoggingFilter - [HTTP] 요청 완료 - statusCode: 200, latencyMs: 78, requestUri: /api/guides/841027/reviews/summary, method: GET
2026-04-23 16:09:48.156 INFO  [fe43d386] c.t.a.logging.MdcLoggingFilter - [HTTP] 요청 완료 - statusCode: 200, latencyMs: 78, requestUri: /api/guides/841027, method: GET
2026-04-23 16:09:48.164 INFO  [3b10009a] c.t.a.logging.MdcLoggingFilter - [HTTP] 요청 완료 - statusCode: 200, latencyMs: 88, requestUri: /api/reviews/guide/841027, method: GET
2026-04-23 16:09:49.723 DEBUG [0d997cec] org.hibernate.SQL - 
    select
        gp1_0.id,
        gp1_0.average_rating,
        gp1_0.bio,
        gp1_0.created_at,
        gp1_0.default_course,
        gp1_0.guide_style,
        gp1_0.is_active,
        gp1_0.is_approved,
        gp1_0.keywords,
        gp1_0.language,
        gp1_0.local_story,
        gp1_0.member_id,
        gp1_0.nickname,
        gp1_0.price_per_hour,
        gp1_0.profile_image,
        gp1_0.region,
        gp1_0.residence_years,
        gp1_0.review_count,
        gp1_0.updated_at 
    from
        guide_profiles gp1_0 
    where
        gp1_0.id=?
2026-04-23 16:09:49.727 TRACE [0d997cec] org.hibernate.orm.jdbc.bind - binding parameter (1:BIGINT) <- [841027]
2026-04-23 16:09:49.770 INFO  [0d997cec] c.t.a.logging.MdcLoggingFilter - [HTTP] 요청 완료 - statusCode: 200, latencyMs: 76, requestUri: /api/guides/841027, method: GET
2026-04-23 16:09:49.832 DEBUG [d0a6f00e] org.hibernate.SQL - 
    select
        gp1_0.id,
        gp1_0.average_rating,
        gp1_0.bio,
        gp1_0.created_at,
        gp1_0.default_course,
        gp1_0.guide_style,
        gp1_0.is_active,
        gp1_0.is_approved,
        gp1_0.keywords,
        gp1_0.language,
        gp1_0.local_story,
        gp1_0.member_id,
        gp1_0.nickname,
        gp1_0.price_per_hour,
        gp1_0.profile_image,
        gp1_0.region,
        gp1_0.residence_years,
        gp1_0.review_count,
        gp1_0.updated_at 
    from
        guide_profiles gp1_0 
    where
        gp1_0.id=?
2026-04-23 16:09:49.835 TRACE [d0a6f00e] org.hibernate.orm.jdbc.bind - binding parameter (1:BIGINT) <- [841027]
2026-04-23 16:09:49.861 INFO  [d0a6f00e] c.t.a.logging.MdcLoggingFilter - [HTTP] 요청 완료 - statusCode: 200, latencyMs: 66, requestUri: /api/guides/841027, method: GET
2026-04-23 16:09:52.052 DEBUG [b376387a] org.hibernate.SQL - 
    select
        gp1_0.id,
        gp1_0.average_rating,
        gp1_0.bio,
        gp1_0.created_at,
        gp1_0.default_course,
        gp1_0.guide_style,
        gp1_0.is_active,
        gp1_0.is_approved,
        gp1_0.keywords,
        gp1_0.language,
        gp1_0.local_story,
        gp1_0.member_id,
        gp1_0.nickname,
        gp1_0.price_per_hour,
        gp1_0.profile_image,
        gp1_0.region,
        gp1_0.residence_years,
        gp1_0.review_count,
        gp1_0.updated_at 
    from
        guide_profiles gp1_0 
    where
        gp1_0.id=?
2026-04-23 16:09:52.056 TRACE [b376387a] org.hibernate.orm.jdbc.bind - binding parameter (1:BIGINT) <- [841027]
2026-04-23 16:09:52.059 DEBUG [6ab70709] org.hibernate.SQL - 
    /* <criteria> */ select
        m1_0.id,
        m1_0.created_at,
        m1_0.email,
        m1_0.name,
        m1_0.nickname,
        m1_0.password,
        m1_0.profile_image_url,
        m1_0.role,
        m1_0.social_type,
        m1_0.status,
        m1_0.updated_at 
    from
        member m1_0 
    where
        m1_0.email=? 
        and m1_0.role=?
2026-04-23 16:09:52.069 TRACE [6ab70709] org.hibernate.orm.jdbc.bind - binding parameter (1:VARCHAR) <- [guide27@localGuest.com]
2026-04-23 16:09:52.069 TRACE [6ab70709] org.hibernate.orm.jdbc.bind - binding parameter (2:ENUM) <- [GUIDE]
2026-04-23 16:09:52.071 DEBUG [73106b39] org.hibernate.SQL - 
    /* <criteria> */ select
        m1_0.id,
        m1_0.created_at,
        m1_0.email,
        m1_0.name,
        m1_0.nickname,
        m1_0.password,
        m1_0.profile_image_url,
        m1_0.role,
        m1_0.social_type,
        m1_0.status,
        m1_0.updated_at 
    from
        member m1_0 
    where
        m1_0.email=? 
        and m1_0.role=?
2026-04-23 16:09:52.081 TRACE [73106b39] org.hibernate.orm.jdbc.bind - binding parameter (1:VARCHAR) <- [guide27@localGuest.com]
2026-04-23 16:09:52.086 TRACE [73106b39] org.hibernate.orm.jdbc.bind - binding parameter (2:ENUM) <- [GUIDE]
2026-04-23 16:09:52.090 DEBUG [6ab70709] org.hibernate.SQL - 
    /* <criteria> */ select
        gp1_0.id,
        gp1_0.average_rating,
        gp1_0.bio,
        gp1_0.created_at,
        gp1_0.default_course,
        gp1_0.guide_style,
        gp1_0.is_active,
        gp1_0.is_approved,
        gp1_0.keywords,
        gp1_0.language,
        gp1_0.local_story,
        gp1_0.member_id,
        gp1_0.nickname,
        gp1_0.price_per_hour,
        gp1_0.profile_image,
        gp1_0.region,
        gp1_0.residence_years,
        gp1_0.review_count,
        gp1_0.updated_at 
    from
        guide_profiles gp1_0 
    where
        gp1_0.member_id=?
2026-04-23 16:09:52.108 INFO  [b376387a] c.t.a.logging.MdcLoggingFilter - [HTTP] 요청 완료 - statusCode: 200, latencyMs: 93, requestUri: /api/guides/841027, method: GET
2026-04-23 16:09:52.111 DEBUG [73106b39] org.hibernate.SQL - 
    select
        gp1_0.id,
        gp1_0.average_rating,
        gp1_0.bio,
        gp1_0.created_at,
        gp1_0.default_course,
        gp1_0.guide_style,
        gp1_0.is_active,
        gp1_0.is_approved,
        gp1_0.keywords,
        gp1_0.language,
        gp1_0.local_story,
        gp1_0.member_id,
        gp1_0.nickname,
        gp1_0.price_per_hour,
        gp1_0.profile_image,
        gp1_0.region,
        gp1_0.residence_years,
        gp1_0.review_count,
        gp1_0.updated_at 
    from
        guide_profiles gp1_0 
    where
        gp1_0.id=?
2026-04-23 16:09:52.186 TRACE [6ab70709] org.hibernate.orm.jdbc.bind - binding parameter (1:BIGINT) <- [940027]
2026-04-23 16:09:52.193 TRACE [73106b39] org.hibernate.orm.jdbc.bind - binding parameter (1:BIGINT) <- [841027]
2026-04-23 16:09:52.205 DEBUG [6ab70709] org.hibernate.SQL - 
    /* <criteria> */ select
        mr1_0.id,
        mr1_0.budget_max_won,
        mr1_0.budget_min_won,
        mr1_0.cancel_reason,
        mr1_0.cancelled_by,
        mr1_0.concept,
        mr1_0.concept_summary,
        mr1_0.created_at,
        mr1_0.desired_budget,
        mr1_0.desired_date,
        mr1_0.destination,
        mr1_0.guest_id,
        mr1_0.guide_id,
        mr1_0.guide_schedule_id,
        mr1_0.propose_message,
        mr1_0.proposed_schedule,
        mr1_0.status,
        mr1_0.updated_at 
    from
        match_request mr1_0 
    where
        mr1_0.guide_id=?
2026-04-23 16:09:52.208 TRACE [6ab70709] org.hibernate.orm.jdbc.bind - binding parameter (1:BIGINT) <- [841027]
2026-04-23 16:09:52.210 DEBUG [73106b39] org.hibernate.SQL - 
    /* <criteria> */ select
        p1_0.id,
        p1_0.amount,
        p1_0.created_at,
        p1_0.match_request_id,
        p1_0.paid_at,
        p1_0.payer_id,
        p1_0.payment_type,
        p1_0.pg_order_no,
        p1_0.pg_transaction_id,
        p1_0.refund_deadline,
        p1_0.status,
        p1_0.updated_at 
    from
        payment p1_0 
    left join
        match_request mr1_0 
            on mr1_0.id=p1_0.match_request_id 
    where
        mr1_0.guide_id=? 
        and p1_0.status=?
2026-04-23 16:09:52.224 TRACE [73106b39] org.hibernate.orm.jdbc.bind - binding parameter (1:BIGINT) <- [841027]
2026-04-23 16:09:52.225 TRACE [73106b39] org.hibernate.orm.jdbc.bind - binding parameter (2:ENUM) <- [COMPLETED]
2026-04-23 16:09:52.275 INFO  [6ab70709] c.t.a.logging.MdcLoggingFilter - [HTTP] 요청 완료 - statusCode: 200, latencyMs: 255, requestUri: /api/matching/requests/guide/list, method: GET
2026-04-23 16:09:52.294 INFO  [73106b39] c.t.a.logging.MdcLoggingFilter - [HTTP] 요청 완료 - statusCode: 200, latencyMs: 279, requestUri: /api/guides/841027/settlement/expected, method: GET
2026-04-23 16:09:52.329 DEBUG [59e87504] org.hibernate.SQL - 
    /* <criteria> */ select
        m1_0.id,
        m1_0.created_at,
        m1_0.email,
        m1_0.name,
        m1_0.nickname,
        m1_0.password,
        m1_0.profile_image_url,
        m1_0.role,
        m1_0.social_type,
        m1_0.status,
        m1_0.updated_at 
    from
        member m1_0 
    where
        m1_0.email=? 
        and m1_0.role=?
2026-04-23 16:09:52.335 TRACE [59e87504] org.hibernate.orm.jdbc.bind - binding parameter (1:VARCHAR) <- [guide27@localGuest.com]
2026-04-23 16:09:52.340 TRACE [59e87504] org.hibernate.orm.jdbc.bind - binding parameter (2:ENUM) <- [GUIDE]
2026-04-23 16:09:52.359 DEBUG [59e87504] org.hibernate.SQL - 
    /* <criteria> */ select
        gp1_0.id,
        gp1_0.average_rating,
        gp1_0.bio,
        gp1_0.created_at,
        gp1_0.default_course,
        gp1_0.guide_style,
        gp1_0.is_active,
        gp1_0.is_approved,
        gp1_0.keywords,
        gp1_0.language,
        gp1_0.local_story,
        gp1_0.member_id,
        gp1_0.nickname,
        gp1_0.price_per_hour,
        gp1_0.profile_image,
        gp1_0.region,
        gp1_0.residence_years,
        gp1_0.review_count,
        gp1_0.updated_at 
    from
        guide_profiles gp1_0 
    where
        gp1_0.member_id=?
2026-04-23 16:09:52.364 TRACE [59e87504] org.hibernate.orm.jdbc.bind - binding parameter (1:BIGINT) <- [940027]
2026-04-23 16:09:52.396 DEBUG [59e87504] org.hibernate.SQL - 
    /* <criteria> */ select
        mr1_0.id,
        mr1_0.budget_max_won,
        mr1_0.budget_min_won,
        mr1_0.cancel_reason,
        mr1_0.cancelled_by,
        mr1_0.concept,
        mr1_0.concept_summary,
        mr1_0.created_at,
        mr1_0.desired_budget,
        mr1_0.desired_date,
        mr1_0.destination,
        mr1_0.guest_id,
        mr1_0.guide_id,
        mr1_0.guide_schedule_id,
        mr1_0.propose_message,
        mr1_0.proposed_schedule,
        mr1_0.status,
        mr1_0.updated_at 
    from
        match_request mr1_0 
    where
        mr1_0.guide_id=?
2026-04-23 16:09:52.409 DEBUG [88b47600] org.hibernate.SQL - 
    /* <criteria> */ select
        m1_0.id,
        m1_0.created_at,
        m1_0.email,
        m1_0.name,
        m1_0.nickname,
        m1_0.password,
        m1_0.profile_image_url,
        m1_0.role,
        m1_0.social_type,
        m1_0.status,
        m1_0.updated_at 
    from
        member m1_0 
    where
        m1_0.email=? 
        and m1_0.role=?
2026-04-23 16:09:52.429 TRACE [59e87504] org.hibernate.orm.jdbc.bind - binding parameter (1:BIGINT) <- [841027]
2026-04-23 16:09:52.439 TRACE [88b47600] org.hibernate.orm.jdbc.bind - binding parameter (1:VARCHAR) <- [guide27@localGuest.com]
2026-04-23 16:09:52.440 TRACE [88b47600] org.hibernate.orm.jdbc.bind - binding parameter (2:ENUM) <- [GUIDE]
2026-04-23 16:09:52.463 INFO  [59e87504] c.t.a.logging.MdcLoggingFilter - [HTTP] 요청 완료 - statusCode: 200, latencyMs: 177, requestUri: /api/matching/requests/guide/list, method: GET
2026-04-23 16:09:52.460 DEBUG [88b47600] org.hibernate.SQL - 
    select
        gp1_0.id,
        gp1_0.average_rating,
        gp1_0.bio,
        gp1_0.created_at,
        gp1_0.default_course,
        gp1_0.guide_style,
        gp1_0.is_active,
        gp1_0.is_approved,
        gp1_0.keywords,
        gp1_0.language,
        gp1_0.local_story,
        gp1_0.member_id,
        gp1_0.nickname,
        gp1_0.price_per_hour,
        gp1_0.profile_image,
        gp1_0.region,
        gp1_0.residence_years,
        gp1_0.review_count,
        gp1_0.updated_at 
    from
        guide_profiles gp1_0 
    where
        gp1_0.id=?
2026-04-23 16:09:52.472 TRACE [88b47600] org.hibernate.orm.jdbc.bind - binding parameter (1:BIGINT) <- [841027]
2026-04-23 16:09:52.494 DEBUG [88b47600] org.hibernate.SQL - 
    /* <criteria> */ select
        p1_0.id,
        p1_0.amount,
        p1_0.created_at,
        p1_0.match_request_id,
        p1_0.paid_at,
        p1_0.payer_id,
        p1_0.payment_type,
        p1_0.pg_order_no,
        p1_0.pg_transaction_id,
        p1_0.refund_deadline,
        p1_0.status,
        p1_0.updated_at 
    from
        payment p1_0 
    left join
        match_request mr1_0 
            on mr1_0.id=p1_0.match_request_id 
    where
        mr1_0.guide_id=? 
        and p1_0.status=?
2026-04-23 16:09:52.501 TRACE [88b47600] org.hibernate.orm.jdbc.bind - binding parameter (1:BIGINT) <- [841027]
2026-04-23 16:09:52.517 TRACE [88b47600] org.hibernate.orm.jdbc.bind - binding parameter (2:ENUM) <- [COMPLETED]
2026-04-23 16:09:52.567 INFO  [88b47600] c.t.a.logging.MdcLoggingFilter - [HTTP] 요청 완료 - statusCode: 200, latencyMs: 216, requestUri: /api/guides/841027/settlement/expected, method: GET
2026-04-23 16:09:53.362 DEBUG [d13479f6] org.hibernate.SQL - 
    /* <criteria> */ select
        m1_0.id,
        m1_0.created_at,
        m1_0.email,
        m1_0.name,
        m1_0.nickname,
        m1_0.password,
        m1_0.profile_image_url,
        m1_0.role,
        m1_0.social_type,
        m1_0.status,
        m1_0.updated_at 
    from
        member m1_0 
    where
        m1_0.email=? 
        and m1_0.role=?
2026-04-23 16:09:53.366 TRACE [d13479f6] org.hibernate.orm.jdbc.bind - binding parameter (1:VARCHAR) <- [guide27@localGuest.com]
2026-04-23 16:09:53.367 TRACE [d13479f6] org.hibernate.orm.jdbc.bind - binding parameter (2:ENUM) <- [GUIDE]
2026-04-23 16:09:53.371 DEBUG [d13479f6] org.hibernate.SQL - 
    /* <criteria> */ select
        gp1_0.id,
        gp1_0.average_rating,
        gp1_0.bio,
        gp1_0.created_at,
        gp1_0.default_course,
        gp1_0.guide_style,
        gp1_0.is_active,
        gp1_0.is_approved,
        gp1_0.keywords,
        gp1_0.language,
        gp1_0.local_story,
        gp1_0.member_id,
        gp1_0.nickname,
        gp1_0.price_per_hour,
        gp1_0.profile_image,
        gp1_0.region,
        gp1_0.residence_years,
        gp1_0.review_count,
        gp1_0.updated_at 
    from
        guide_profiles gp1_0 
    where
        gp1_0.member_id=?
2026-04-23 16:09:53.373 TRACE [d13479f6] org.hibernate.orm.jdbc.bind - binding parameter (1:BIGINT) <- [940027]
2026-04-23 16:09:53.383 DEBUG [d13479f6] org.hibernate.SQL - 
    /* <criteria> */ select
        mr1_0.id,
        mr1_0.budget_max_won,
        mr1_0.budget_min_won,
        mr1_0.cancel_reason,
        mr1_0.cancelled_by,
        mr1_0.concept,
        mr1_0.concept_summary,
        mr1_0.created_at,
        mr1_0.desired_budget,
        mr1_0.desired_date,
        mr1_0.destination,
        mr1_0.guest_id,
        mr1_0.guide_id,
        mr1_0.guide_schedule_id,
        mr1_0.propose_message,
        mr1_0.proposed_schedule,
        mr1_0.status,
        mr1_0.updated_at 
    from
        match_request mr1_0 
    where
        mr1_0.guide_id=?
2026-04-23 16:09:53.383 TRACE [d13479f6] org.hibernate.orm.jdbc.bind - binding parameter (1:BIGINT) <- [841027]
2026-04-23 16:09:53.399 INFO  [d13479f6] c.t.a.logging.MdcLoggingFilter - [HTTP] 요청 완료 - statusCode: 200, latencyMs: 83, requestUri: /api/matching/requests/guide/list, method: GET
2026-04-23 16:09:53.536 DEBUG [f3555e42] org.hibernate.SQL - 
    select
        gp1_0.id,
        gp1_0.average_rating,
        gp1_0.bio,
        gp1_0.created_at,
        gp1_0.default_course,
        gp1_0.guide_style,
        gp1_0.is_active,
        gp1_0.is_approved,
        gp1_0.keywords,
        gp1_0.language,
        gp1_0.local_story,
        gp1_0.member_id,
        gp1_0.nickname,
        gp1_0.price_per_hour,
        gp1_0.profile_image,
        gp1_0.region,
        gp1_0.residence_years,
        gp1_0.review_count,
        gp1_0.updated_at 
    from
        guide_profiles gp1_0 
    where
        gp1_0.id=?
2026-04-23 16:09:53.538 TRACE [f3555e42] org.hibernate.orm.jdbc.bind - binding parameter (1:BIGINT) <- [841027]
2026-04-23 16:09:53.569 INFO  [f3555e42] c.t.a.logging.MdcLoggingFilter - [HTTP] 요청 완료 - statusCode: 200, latencyMs: 80, requestUri: /api/guides/841027, method: GET
2026-04-23 16:09:53.643 DEBUG [4d4d4842] org.hibernate.SQL - 
    select
        gp1_0.id,
        gp1_0.average_rating,
        gp1_0.bio,
        gp1_0.created_at,
        gp1_0.default_course,
        gp1_0.guide_style,
        gp1_0.is_active,
        gp1_0.is_approved,
        gp1_0.keywords,
        gp1_0.language,
        gp1_0.local_story,
        gp1_0.member_id,
        gp1_0.nickname,
        gp1_0.price_per_hour,
        gp1_0.profile_image,
        gp1_0.region,
        gp1_0.residence_years,
        gp1_0.review_count,
        gp1_0.updated_at 
    from
        guide_profiles gp1_0 
    where
        gp1_0.id=?
2026-04-23 16:09:53.657 TRACE [4d4d4842] org.hibernate.orm.jdbc.bind - binding parameter (1:BIGINT) <- [841027]
2026-04-23 16:09:53.724 INFO  [4d4d4842] c.t.a.logging.MdcLoggingFilter - [HTTP] 요청 완료 - statusCode: 200, latencyMs: 113, requestUri: /api/guides/841027, method: GET
2026-04-23 16:10:00.028 DEBUG [] org.hibernate.SQL - 
    /* <criteria> */ select
        te1_0.id,
        te1_0.created_at,
        te1_0.deadline_at,
        te1_0.extended_date,
        te1_0.extended_price,
        te1_0.guest_id,
        te1_0.guide_approved_at,
        te1_0.match_request_id,
        te1_0.requested_at,
        te1_0.status,
        te1_0.updated_at 
    from
        tour_extension te1_0 
    where
        te1_0.status=? 
        and te1_0.deadline_at<?
2026-04-23 16:10:00.032 TRACE [] org.hibernate.orm.jdbc.bind - binding parameter (1:ENUM) <- [REQUESTED]
2026-04-23 16:10:00.037 TRACE [] org.hibernate.orm.jdbc.bind - binding parameter (2:TIMESTAMP) <- [2026-04-23T16:10:00.018588900]
2026-04-23 16:10:15.335 DEBUG [8208ced8] org.hibernate.SQL - 
    /* <criteria> */ select
        gp1_0.id,
        gp1_0.average_rating,
        gp1_0.bio,
        gp1_0.created_at,
        gp1_0.default_course,
        gp1_0.guide_style,
        gp1_0.is_active,
        gp1_0.is_approved,
        gp1_0.keywords,
        gp1_0.language,
        gp1_0.local_story,
        gp1_0.member_id,
        gp1_0.nickname,
        gp1_0.price_per_hour,
        gp1_0.profile_image,
        gp1_0.region,
        gp1_0.residence_years,
        gp1_0.review_count,
        gp1_0.updated_at 
    from
        guide_profiles gp1_0 
    where
        gp1_0.is_approved 
        and gp1_0.is_active
2026-04-23 16:10:15.834 INFO  [8208ced8] c.t.a.logging.MdcLoggingFilter - [HTTP] 요청 완료 - statusCode: 200, latencyMs: 601, requestUri: /api/guides, method: GET
2026-04-23 16:10:15.874 DEBUG [d309faf4] org.hibernate.SQL - 
    /* <criteria> */ select
        gp1_0.id,
        gp1_0.average_rating,
        gp1_0.bio,
        gp1_0.created_at,
        gp1_0.default_course,
        gp1_0.guide_style,
        gp1_0.is_active,
        gp1_0.is_approved,
        gp1_0.keywords,
        gp1_0.language,
        gp1_0.local_story,
        gp1_0.member_id,
        gp1_0.nickname,
        gp1_0.price_per_hour,
        gp1_0.profile_image,
        gp1_0.region,
        gp1_0.residence_years,
        gp1_0.review_count,
        gp1_0.updated_at 
    from
        guide_profiles gp1_0 
    where
        gp1_0.is_approved 
        and gp1_0.is_active
2026-04-23 16:10:16.018 INFO  [d309faf4] c.t.a.logging.MdcLoggingFilter - [HTTP] 요청 완료 - statusCode: 200, latencyMs: 200, requestUri: /api/guides, method: GET
2026-04-23 16:10:19.366 DEBUG [df3dab13] org.hibernate.SQL - 
    /* <criteria> */ select
        gp1_0.id,
        gp1_0.average_rating,
        gp1_0.bio,
        gp1_0.created_at,
        gp1_0.default_course,
        gp1_0.guide_style,
        gp1_0.is_active,
        gp1_0.is_approved,
        gp1_0.keywords,
        gp1_0.language,
        gp1_0.local_story,
        gp1_0.member_id,
        gp1_0.nickname,
        gp1_0.price_per_hour,
        gp1_0.profile_image,
        gp1_0.region,
        gp1_0.residence_years,
        gp1_0.review_count,
        gp1_0.updated_at 
    from
        guide_profiles gp1_0 
    where
        gp1_0.is_approved 
        and gp1_0.is_active
2026-04-23 16:10:19.455 INFO  [ea211519] c.t.m.c.c.NotificationController - [SSE Subscribe] User Email: guide27@localGuest.com
2026-04-23 16:10:19.502 INFO  [ea211519] c.t.a.logging.MdcLoggingFilter - [HTTP] 요청 완료 - statusCode: 200, latencyMs: 126, requestUri: /api/notifications/subscribe, method: GET
2026-04-23 16:10:19.605 INFO  [df3dab13] c.t.a.logging.MdcLoggingFilter - [HTTP] 요청 완료 - statusCode: 200, latencyMs: 300, requestUri: /api/guides, method: GET
2026-04-23 16:10:19.668 DEBUG [96d09515] org.hibernate.SQL - 
    /* SELECT
        DISTINCT r 
    FROM
        ChatRoom r 
    JOIN
        
    FETCH
        r.participants p 
    WHERE
        r.id IN (SELECT
            r2.id 
        FROM
            ChatRoom r2 
        JOIN
            r2.participants p2 
        WHERE
            p2.userEmail = :userEmail) */ select
            distinct cr1_0.id,
            cr1_0.created_at,
            cr1_0.last_message,
            cr1_0.last_message_at,
            cr1_0.owner_email,
            cr1_0.participant_count,
            p1_0.chat_room_id,
            p1_0.id,
            p1_0.created_at,
            p1_0.is_alarm_on,
            p1_0.last_read_at,
            p1_0.updated_at,
            p1_0.user_email,
            p1_0.user_id,
            p1_0.user_nickname,
            cr1_0.room_id,
            cr1_0.title,
            cr1_0.updated_at 
        from
            chat_rooms cr1_0 
        join
            chat_participants p1_0 
                on cr1_0.id=p1_0.chat_room_id 
        where
            cr1_0.id in (select
                cr2_0.id 
            from
                chat_rooms cr2_0 
            join
                chat_participants p2_0 
                    on cr2_0.id=p2_0.chat_room_id 
            where
                p2_0.user_email=?)
2026-04-23 16:10:19.668 DEBUG [d1a36a3c] org.hibernate.SQL - 
    /* <criteria> */ select
        gp1_0.id,
        gp1_0.average_rating,
        gp1_0.bio,
        gp1_0.created_at,
        gp1_0.default_course,
        gp1_0.guide_style,
        gp1_0.is_active,
        gp1_0.is_approved,
        gp1_0.keywords,
        gp1_0.language,
        gp1_0.local_story,
        gp1_0.member_id,
        gp1_0.nickname,
        gp1_0.price_per_hour,
        gp1_0.profile_image,
        gp1_0.region,
        gp1_0.residence_years,
        gp1_0.review_count,
        gp1_0.updated_at 
    from
        guide_profiles gp1_0 
    where
        gp1_0.is_approved 
        and gp1_0.is_active
2026-04-23 16:10:19.669 TRACE [96d09515] org.hibernate.orm.jdbc.bind - binding parameter (1:VARCHAR) <- [guide27@localGuest.com]
2026-04-23 16:10:19.713 INFO  [96d09515] c.t.a.logging.MdcLoggingFilter - [HTTP] 요청 완료 - statusCode: 200, latencyMs: 137, requestUri: /api/chat/rooms, method: GET
2026-04-23 16:10:19.749 INFO  [79e31763] c.t.a.logging.MdcLoggingFilter - [HTTP] 요청 완료 - statusCode: 200, latencyMs: 377, requestUri: /api/matching/chat/rooms, method: GET
2026-04-23 16:10:19.803 INFO  [d1a36a3c] c.t.a.logging.MdcLoggingFilter - [HTTP] 요청 완료 - statusCode: 200, latencyMs: 170, requestUri: /api/guides, method: GET
2026-04-23 16:10:19.922 DEBUG [9a212ae7] org.hibernate.SQL - 
    /* SELECT
        DISTINCT r 
    FROM
        ChatRoom r 
    JOIN
        
    FETCH
        r.participants p 
    WHERE
        r.id IN (SELECT
            r2.id 
        FROM
            ChatRoom r2 
        JOIN
            r2.participants p2 
        WHERE
            p2.userEmail = :userEmail) */ select
            distinct cr1_0.id,
            cr1_0.created_at,
            cr1_0.last_message,
            cr1_0.last_message_at,
            cr1_0.owner_email,
            cr1_0.participant_count,
            p1_0.chat_room_id,
            p1_0.id,
            p1_0.created_at,
            p1_0.is_alarm_on,
            p1_0.last_read_at,
            p1_0.updated_at,
            p1_0.user_email,
            p1_0.user_id,
            p1_0.user_nickname,
            cr1_0.room_id,
            cr1_0.title,
            cr1_0.updated_at 
        from
            chat_rooms cr1_0 
        join
            chat_participants p1_0 
                on cr1_0.id=p1_0.chat_room_id 
        where
            cr1_0.id in (select
                cr2_0.id 
            from
                chat_rooms cr2_0 
            join
                chat_participants p2_0 
                    on cr2_0.id=p2_0.chat_room_id 
            where
                p2_0.user_email=?)
2026-04-23 16:10:19.936 TRACE [9a212ae7] org.hibernate.orm.jdbc.bind - binding parameter (1:VARCHAR) <- [guide27@localGuest.com]
2026-04-23 16:10:19.974 INFO  [9a212ae7] c.t.a.logging.MdcLoggingFilter - [HTTP] 요청 완료 - statusCode: 200, latencyMs: 104, requestUri: /api/chat/rooms, method: GET
2026-04-23 16:10:19.990 INFO  [97fa2df5] c.t.a.logging.MdcLoggingFilter - [HTTP] 요청 완료 - statusCode: 200, latencyMs: 160, requestUri: /api/matching/chat/rooms, method: GET
2026-04-23 16:10:20.354 DEBUG [48dc2842] org.hibernate.SQL - 
    /* <criteria> */ select
        gp1_0.id,
        gp1_0.average_rating,
        gp1_0.bio,
        gp1_0.created_at,
        gp1_0.default_course,
        gp1_0.guide_style,
        gp1_0.is_active,
        gp1_0.is_approved,
        gp1_0.keywords,
        gp1_0.language,
        gp1_0.local_story,
        gp1_0.member_id,
        gp1_0.nickname,
        gp1_0.price_per_hour,
        gp1_0.profile_image,
        gp1_0.region,
        gp1_0.residence_years,
        gp1_0.review_count,
        gp1_0.updated_at 
    from
        guide_profiles gp1_0 
    where
        gp1_0.is_approved 
        and gp1_0.is_active
2026-04-23 16:10:21.076 INFO  [48dc2842] c.t.a.logging.MdcLoggingFilter - [HTTP] 요청 완료 - statusCode: 200, latencyMs: 766, requestUri: /api/guides, method: GET
2026-04-23 16:10:21.104 DEBUG [798c322f] org.hibernate.SQL - 
    /* <criteria> */ select
        gp1_0.id,
        gp1_0.average_rating,
        gp1_0.bio,
        gp1_0.created_at,
        gp1_0.default_course,
        gp1_0.guide_style,
        gp1_0.is_active,
        gp1_0.is_approved,
        gp1_0.keywords,
        gp1_0.language,
        gp1_0.local_story,
        gp1_0.member_id,
        gp1_0.nickname,
        gp1_0.price_per_hour,
        gp1_0.profile_image,
        gp1_0.region,
        gp1_0.residence_years,
        gp1_0.review_count,
        gp1_0.updated_at 
    from
        guide_profiles gp1_0 
    where
        gp1_0.is_approved 
        and gp1_0.is_active
2026-04-23 16:10:21.537 INFO  [798c322f] c.t.a.logging.MdcLoggingFilter - [HTTP] 요청 완료 - statusCode: 200, latencyMs: 599, requestUri: /api/guides, method: GET
2026-04-23 16:10:31.693 DEBUG [9fb60c8b] org.hibernate.SQL - 
    /* <criteria> */ select
        m1_0.id,
        m1_0.created_at,
        m1_0.email,
        m1_0.name,
        m1_0.nickname,
        m1_0.password,
        m1_0.profile_image_url,
        m1_0.role,
        m1_0.social_type,
        m1_0.status,
        m1_0.updated_at 
    from
        member m1_0 
    where
        m1_0.email=? 
        and m1_0.role=?
2026-04-23 16:10:31.697 TRACE [9fb60c8b] org.hibernate.orm.jdbc.bind - binding parameter (1:VARCHAR) <- [guide27@localGuest.com]
2026-04-23 16:10:31.699 TRACE [9fb60c8b] org.hibernate.orm.jdbc.bind - binding parameter (2:ENUM) <- [GUIDE]
2026-04-23 16:10:31.709 DEBUG [9fb60c8b] org.hibernate.SQL - 
    /* <criteria> */ select
        gp1_0.id,
        gp1_0.average_rating,
        gp1_0.bio,
        gp1_0.created_at,
        gp1_0.default_course,
        gp1_0.guide_style,
        gp1_0.is_active,
        gp1_0.is_approved,
        gp1_0.keywords,
        gp1_0.language,
        gp1_0.local_story,
        gp1_0.member_id,
        gp1_0.nickname,
        gp1_0.price_per_hour,
        gp1_0.profile_image,
        gp1_0.region,
        gp1_0.residence_years,
        gp1_0.review_count,
        gp1_0.updated_at 
    from
        guide_profiles gp1_0 
    where
        gp1_0.member_id=?
2026-04-23 16:10:31.709 DEBUG [9f3a130b] org.hibernate.SQL - 
    /* <criteria> */ select
        gs1_0.id,
        gs1_0.available_date,
        gs1_0.course_detail,
        gs1_0.created_at,
        gs1_0.end_time,
        gs1_0.guide_message,
        gs1_0.guide_id,
        gs1_0.is_paid,
        gs1_0.match_request_id,
        gs1_0.meeting_point,
        gs1_0.start_time,
        gs1_0.status,
        gs1_0.updated_at 
    from
        guide_schedules gs1_0 
    left join
        guide_profiles gp1_0 
            on gp1_0.id=gs1_0.guide_id 
    where
        gp1_0.id=? 
    order by
        gs1_0.available_date
2026-04-23 16:10:31.714 TRACE [9fb60c8b] org.hibernate.orm.jdbc.bind - binding parameter (1:BIGINT) <- [940027]
2026-04-23 16:10:31.714 TRACE [9f3a130b] org.hibernate.orm.jdbc.bind - binding parameter (1:BIGINT) <- [841027]
2026-04-23 16:10:31.734 DEBUG [9fb60c8b] org.hibernate.SQL - 
    /* <criteria> */ select
        mr1_0.id,
        mr1_0.budget_max_won,
        mr1_0.budget_min_won,
        mr1_0.cancel_reason,
        mr1_0.cancelled_by,
        mr1_0.concept,
        mr1_0.concept_summary,
        mr1_0.created_at,
        mr1_0.desired_budget,
        mr1_0.desired_date,
        mr1_0.destination,
        mr1_0.guest_id,
        mr1_0.guide_id,
        mr1_0.guide_schedule_id,
        mr1_0.propose_message,
        mr1_0.proposed_schedule,
        mr1_0.status,
        mr1_0.updated_at 
    from
        match_request mr1_0 
    where
        mr1_0.guide_id=?
2026-04-23 16:10:31.736 TRACE [9fb60c8b] org.hibernate.orm.jdbc.bind - binding parameter (1:BIGINT) <- [841027]
2026-04-23 16:10:31.748 INFO  [9f3a130b] c.t.a.logging.MdcLoggingFilter - [HTTP] 요청 완료 - statusCode: 200, latencyMs: 57, requestUri: /api/guides/841027/schedules, method: GET
2026-04-23 16:10:31.779 INFO  [9fb60c8b] c.t.a.logging.MdcLoggingFilter - [HTTP] 요청 완료 - statusCode: 200, latencyMs: 93, requestUri: /api/matching/requests/guide/list, method: GET
2026-04-23 16:10:31.855 DEBUG [3605ac95] org.hibernate.SQL - 
    /* <criteria> */ select
        m1_0.id,
        m1_0.created_at,
        m1_0.email,
        m1_0.name,
        m1_0.nickname,
        m1_0.password,
        m1_0.profile_image_url,
        m1_0.role,
        m1_0.social_type,
        m1_0.status,
        m1_0.updated_at 
    from
        member m1_0 
    where
        m1_0.email=? 
        and m1_0.role=?
2026-04-23 16:10:31.858 TRACE [3605ac95] org.hibernate.orm.jdbc.bind - binding parameter (1:VARCHAR) <- [guide27@localGuest.com]
2026-04-23 16:10:31.859 TRACE [3605ac95] org.hibernate.orm.jdbc.bind - binding parameter (2:ENUM) <- [GUIDE]
2026-04-23 16:10:31.884 DEBUG [47180d5b] org.hibernate.SQL - 
    /* <criteria> */ select
        m1_0.id,
        m1_0.created_at,
        m1_0.email,
        m1_0.name,
        m1_0.nickname,
        m1_0.password,
        m1_0.profile_image_url,
        m1_0.role,
        m1_0.social_type,
        m1_0.status,
        m1_0.updated_at 
    from
        member m1_0 
    where
        m1_0.email=? 
        and m1_0.role=?
2026-04-23 16:10:31.884 DEBUG [c1d427fd] org.hibernate.SQL - 
    /* <criteria> */ select
        m1_0.id,
        m1_0.created_at,
        m1_0.email,
        m1_0.name,
        m1_0.nickname,
        m1_0.password,
        m1_0.profile_image_url,
        m1_0.role,
        m1_0.social_type,
        m1_0.status,
        m1_0.updated_at 
    from
        member m1_0 
    where
        m1_0.email=? 
        and m1_0.role=?
2026-04-23 16:10:31.884 DEBUG [3605ac95] org.hibernate.SQL - 
    /* <criteria> */ select
        gp1_0.id,
        gp1_0.average_rating,
        gp1_0.bio,
        gp1_0.created_at,
        gp1_0.default_course,
        gp1_0.guide_style,
        gp1_0.is_active,
        gp1_0.is_approved,
        gp1_0.keywords,
        gp1_0.language,
        gp1_0.local_story,
        gp1_0.member_id,
        gp1_0.nickname,
        gp1_0.price_per_hour,
        gp1_0.profile_image,
        gp1_0.region,
        gp1_0.residence_years,
        gp1_0.review_count,
        gp1_0.updated_at 
    from
        guide_profiles gp1_0 
    where
        gp1_0.member_id=?
2026-04-23 16:10:31.886 TRACE [47180d5b] org.hibernate.orm.jdbc.bind - binding parameter (1:VARCHAR) <- [guide27@localGuest.com]
2026-04-23 16:10:31.886 TRACE [3605ac95] org.hibernate.orm.jdbc.bind - binding parameter (1:BIGINT) <- [940027]
2026-04-23 16:10:31.888 TRACE [47180d5b] org.hibernate.orm.jdbc.bind - binding parameter (2:ENUM) <- [GUIDE]
2026-04-23 16:10:31.888 TRACE [c1d427fd] org.hibernate.orm.jdbc.bind - binding parameter (1:VARCHAR) <- [guide27@localGuest.com]
2026-04-23 16:10:31.889 TRACE [c1d427fd] org.hibernate.orm.jdbc.bind - binding parameter (2:ENUM) <- [GUIDE]
2026-04-23 16:10:31.902 DEBUG [3605ac95] org.hibernate.SQL - 
    /* <criteria> */ select
        mr1_0.id,
        mr1_0.budget_max_won,
        mr1_0.budget_min_won,
        mr1_0.cancel_reason,
        mr1_0.cancelled_by,
        mr1_0.concept,
        mr1_0.concept_summary,
        mr1_0.created_at,
        mr1_0.desired_budget,
        mr1_0.desired_date,
        mr1_0.destination,
        mr1_0.guest_id,
        mr1_0.guide_id,
        mr1_0.guide_schedule_id,
        mr1_0.propose_message,
        mr1_0.proposed_schedule,
        mr1_0.status,
        mr1_0.updated_at 
    from
        match_request mr1_0 
    where
        mr1_0.guide_id=?
2026-04-23 16:10:31.906 DEBUG [47180d5b] org.hibernate.SQL - 
    /* <criteria> */ select
        gp1_0.id,
        gp1_0.average_rating,
        gp1_0.bio,
        gp1_0.created_at,
        gp1_0.default_course,
        gp1_0.guide_style,
        gp1_0.is_active,
        gp1_0.is_approved,
        gp1_0.keywords,
        gp1_0.language,
        gp1_0.local_story,
        gp1_0.member_id,
        gp1_0.nickname,
        gp1_0.price_per_hour,
        gp1_0.profile_image,
        gp1_0.region,
        gp1_0.residence_years,
        gp1_0.review_count,
        gp1_0.updated_at 
    from
        guide_profiles gp1_0 
    where
        gp1_0.member_id=?
2026-04-23 16:10:31.906 DEBUG [c1d427fd] org.hibernate.SQL - 
    /* <criteria> */ select
        gp1_0.id,
        gp1_0.average_rating,
        gp1_0.bio,
        gp1_0.created_at,
        gp1_0.default_course,
        gp1_0.guide_style,
        gp1_0.is_active,
        gp1_0.is_approved,
        gp1_0.keywords,
        gp1_0.language,
        gp1_0.local_story,
        gp1_0.member_id,
        gp1_0.nickname,
        gp1_0.price_per_hour,
        gp1_0.profile_image,
        gp1_0.region,
        gp1_0.residence_years,
        gp1_0.review_count,
        gp1_0.updated_at 
    from
        guide_profiles gp1_0 
    where
        gp1_0.member_id=?
2026-04-23 16:10:31.907 TRACE [3605ac95] org.hibernate.orm.jdbc.bind - binding parameter (1:BIGINT) <- [841027]
2026-04-23 16:10:31.908 TRACE [47180d5b] org.hibernate.orm.jdbc.bind - binding parameter (1:BIGINT) <- [940027]
2026-04-23 16:10:31.908 TRACE [c1d427fd] org.hibernate.orm.jdbc.bind - binding parameter (1:BIGINT) <- [940027]
2026-04-23 16:10:31.924 DEBUG [47180d5b] org.hibernate.SQL - 
    select
        mr1_0.id,
        mr1_0.budget_max_won,
        mr1_0.budget_min_won,
        mr1_0.cancel_reason,
        mr1_0.cancelled_by,
        mr1_0.concept,
        mr1_0.concept_summary,
        mr1_0.created_at,
        mr1_0.desired_budget,
        mr1_0.desired_date,
        mr1_0.destination,
        mr1_0.guest_id,
        mr1_0.guide_id,
        mr1_0.guide_schedule_id,
        mr1_0.propose_message,
        mr1_0.proposed_schedule,
        mr1_0.status,
        mr1_0.updated_at 
    from
        match_request mr1_0 
    where
        mr1_0.id=?
2026-04-23 16:10:31.924 DEBUG [c1d427fd] org.hibernate.SQL - 
    select
        mr1_0.id,
        mr1_0.budget_max_won,
        mr1_0.budget_min_won,
        mr1_0.cancel_reason,
        mr1_0.cancelled_by,
        mr1_0.concept,
        mr1_0.concept_summary,
        mr1_0.created_at,
        mr1_0.desired_budget,
        mr1_0.desired_date,
        mr1_0.destination,
        mr1_0.guest_id,
        mr1_0.guide_id,
        mr1_0.guide_schedule_id,
        mr1_0.propose_message,
        mr1_0.proposed_schedule,
        mr1_0.status,
        mr1_0.updated_at 
    from
        match_request mr1_0 
    where
        mr1_0.id=?
2026-04-23 16:10:31.930 TRACE [47180d5b] org.hibernate.orm.jdbc.bind - binding parameter (1:BIGINT) <- [862027]
2026-04-23 16:10:31.934 TRACE [c1d427fd] org.hibernate.orm.jdbc.bind - binding parameter (1:BIGINT) <- [862102]
2026-04-23 16:10:31.940 INFO  [3605ac95] c.t.a.logging.MdcLoggingFilter - [HTTP] 요청 완료 - statusCode: 200, latencyMs: 125, requestUri: /api/matching/requests/guide/list, method: GET
2026-04-23 16:10:31.964 DEBUG [47180d5b] org.hibernate.SQL - 
    /* <criteria> */ select
        te1_0.id,
        te1_0.created_at,
        te1_0.deadline_at,
        te1_0.extended_date,
        te1_0.extended_price,
        te1_0.guest_id,
        te1_0.guide_approved_at,
        te1_0.match_request_id,
        te1_0.requested_at,
        te1_0.status,
        te1_0.updated_at 
    from
        tour_extension te1_0 
    left join
        match_request mr1_0 
            on mr1_0.id=te1_0.match_request_id 
    where
        mr1_0.id=?
2026-04-23 16:10:31.970 TRACE [47180d5b] org.hibernate.orm.jdbc.bind - binding parameter (1:BIGINT) <- [862027]
2026-04-23 16:10:31.970 DEBUG [c1d427fd] org.hibernate.SQL - 
    /* <criteria> */ select
        te1_0.id,
        te1_0.created_at,
        te1_0.deadline_at,
        te1_0.extended_date,
        te1_0.extended_price,
        te1_0.guest_id,
        te1_0.guide_approved_at,
        te1_0.match_request_id,
        te1_0.requested_at,
        te1_0.status,
        te1_0.updated_at 
    from
        tour_extension te1_0 
    left join
        match_request mr1_0 
            on mr1_0.id=te1_0.match_request_id 
    where
        mr1_0.id=?
2026-04-23 16:10:31.976 TRACE [c1d427fd] org.hibernate.orm.jdbc.bind - binding parameter (1:BIGINT) <- [862102]
2026-04-23 16:10:32.019 INFO  [c1d427fd] c.t.a.logging.MdcLoggingFilter - [HTTP] 요청 완료 - statusCode: 204, latencyMs: 181, requestUri: /api/matching/extensions/862102, method: GET
2026-04-23 16:10:32.019 INFO  [47180d5b] c.t.a.logging.MdcLoggingFilter - [HTTP] 요청 완료 - statusCode: 204, latencyMs: 184, requestUri: /api/matching/extensions/862027, method: GET
2026-04-23 16:10:32.035 DEBUG [d4cadb07] org.hibernate.SQL - 
    /* <criteria> */ select
        m1_0.id,
        m1_0.created_at,
        m1_0.email,
        m1_0.name,
        m1_0.nickname,
        m1_0.password,
        m1_0.profile_image_url,
        m1_0.role,
        m1_0.social_type,
        m1_0.status,
        m1_0.updated_at 
    from
        member m1_0 
    where
        m1_0.email=? 
        and m1_0.role=?
2026-04-23 16:10:32.037 TRACE [d4cadb07] org.hibernate.orm.jdbc.bind - binding parameter (1:VARCHAR) <- [guide27@localGuest.com]
2026-04-23 16:10:32.039 TRACE [d4cadb07] org.hibernate.orm.jdbc.bind - binding parameter (2:ENUM) <- [GUIDE]
2026-04-23 16:10:32.054 DEBUG [d4cadb07] org.hibernate.SQL - 
    /* <criteria> */ select
        gp1_0.id,
        gp1_0.average_rating,
        gp1_0.bio,
        gp1_0.created_at,
        gp1_0.default_course,
        gp1_0.guide_style,
        gp1_0.is_active,
        gp1_0.is_approved,
        gp1_0.keywords,
        gp1_0.language,
        gp1_0.local_story,
        gp1_0.member_id,
        gp1_0.nickname,
        gp1_0.price_per_hour,
        gp1_0.profile_image,
        gp1_0.region,
        gp1_0.residence_years,
        gp1_0.review_count,
        gp1_0.updated_at 
    from
        guide_profiles gp1_0 
    where
        gp1_0.member_id=?
2026-04-23 16:10:32.059 TRACE [d4cadb07] org.hibernate.orm.jdbc.bind - binding parameter (1:BIGINT) <- [940027]
2026-04-23 16:10:32.083 DEBUG [d4cadb07] org.hibernate.SQL - 
    /* <criteria> */ select
        mr1_0.id,
        mr1_0.budget_max_won,
        mr1_0.budget_min_won,
        mr1_0.cancel_reason,
        mr1_0.cancelled_by,
        mr1_0.concept,
        mr1_0.concept_summary,
        mr1_0.created_at,
        mr1_0.desired_budget,
        mr1_0.desired_date,
        mr1_0.destination,
        mr1_0.guest_id,
        mr1_0.guide_id,
        mr1_0.guide_schedule_id,
        mr1_0.propose_message,
        mr1_0.proposed_schedule,
        mr1_0.status,
        mr1_0.updated_at 
    from
        match_request mr1_0 
    where
        mr1_0.guide_id=?
2026-04-23 16:10:32.096 TRACE [d4cadb07] org.hibernate.orm.jdbc.bind - binding parameter (1:BIGINT) <- [841027]
2026-04-23 16:10:32.133 INFO  [d4cadb07] c.t.a.logging.MdcLoggingFilter - [HTTP] 요청 완료 - statusCode: 200, latencyMs: 153, requestUri: /api/matching/requests/guide/list, method: GET
2026-04-23 16:10:32.155 DEBUG [6fd5e7b4] org.hibernate.SQL - 
    /* <criteria> */ select
        m1_0.id,
        m1_0.created_at,
        m1_0.email,
        m1_0.name,
        m1_0.nickname,
        m1_0.password,
        m1_0.profile_image_url,
        m1_0.role,
        m1_0.social_type,
        m1_0.status,
        m1_0.updated_at 
    from
        member m1_0 
    where
        m1_0.email=? 
        and m1_0.role=?
2026-04-23 16:10:32.157 TRACE [6fd5e7b4] org.hibernate.orm.jdbc.bind - binding parameter (1:VARCHAR) <- [guide27@localGuest.com]
2026-04-23 16:10:32.159 TRACE [6fd5e7b4] org.hibernate.orm.jdbc.bind - binding parameter (2:ENUM) <- [GUIDE]
2026-04-23 16:10:32.165 DEBUG [25b56472] org.hibernate.SQL - 
    /* <criteria> */ select
        m1_0.id,
        m1_0.created_at,
        m1_0.email,
        m1_0.name,
        m1_0.nickname,
        m1_0.password,
        m1_0.profile_image_url,
        m1_0.role,
        m1_0.social_type,
        m1_0.status,
        m1_0.updated_at 
    from
        member m1_0 
    where
        m1_0.email=? 
        and m1_0.role=?
2026-04-23 16:10:32.168 TRACE [25b56472] org.hibernate.orm.jdbc.bind - binding parameter (1:VARCHAR) <- [guide27@localGuest.com]
2026-04-23 16:10:32.170 TRACE [25b56472] org.hibernate.orm.jdbc.bind - binding parameter (2:ENUM) <- [GUIDE]
2026-04-23 16:10:32.175 DEBUG [6fd5e7b4] org.hibernate.SQL - 
    /* <criteria> */ select
        gp1_0.id,
        gp1_0.average_rating,
        gp1_0.bio,
        gp1_0.created_at,
        gp1_0.default_course,
        gp1_0.guide_style,
        gp1_0.is_active,
        gp1_0.is_approved,
        gp1_0.keywords,
        gp1_0.language,
        gp1_0.local_story,
        gp1_0.member_id,
        gp1_0.nickname,
        gp1_0.price_per_hour,
        gp1_0.profile_image,
        gp1_0.region,
        gp1_0.residence_years,
        gp1_0.review_count,
        gp1_0.updated_at 
    from
        guide_profiles gp1_0 
    where
        gp1_0.member_id=?
2026-04-23 16:10:32.186 TRACE [6fd5e7b4] org.hibernate.orm.jdbc.bind - binding parameter (1:BIGINT) <- [940027]
2026-04-23 16:10:32.192 DEBUG [25b56472] org.hibernate.SQL - 
    /* <criteria> */ select
        gp1_0.id,
        gp1_0.average_rating,
        gp1_0.bio,
        gp1_0.created_at,
        gp1_0.default_course,
        gp1_0.guide_style,
        gp1_0.is_active,
        gp1_0.is_approved,
        gp1_0.keywords,
        gp1_0.language,
        gp1_0.local_story,
        gp1_0.member_id,
        gp1_0.nickname,
        gp1_0.price_per_hour,
        gp1_0.profile_image,
        gp1_0.region,
        gp1_0.residence_years,
        gp1_0.review_count,
        gp1_0.updated_at 
    from
        guide_profiles gp1_0 
    where
        gp1_0.member_id=?
2026-04-23 16:10:32.194 TRACE [25b56472] org.hibernate.orm.jdbc.bind - binding parameter (1:BIGINT) <- [940027]
2026-04-23 16:10:32.202 DEBUG [6fd5e7b4] org.hibernate.SQL - 
    select
        mr1_0.id,
        mr1_0.budget_max_won,
        mr1_0.budget_min_won,
        mr1_0.cancel_reason,
        mr1_0.cancelled_by,
        mr1_0.concept,
        mr1_0.concept_summary,
        mr1_0.created_at,
        mr1_0.desired_budget,
        mr1_0.desired_date,
        mr1_0.destination,
        mr1_0.guest_id,
        mr1_0.guide_id,
        mr1_0.guide_schedule_id,
        mr1_0.propose_message,
        mr1_0.proposed_schedule,
        mr1_0.status,
        mr1_0.updated_at 
    from
        match_request mr1_0 
    where
        mr1_0.id=?
2026-04-23 16:10:32.204 TRACE [6fd5e7b4] org.hibernate.orm.jdbc.bind - binding parameter (1:BIGINT) <- [862102]
2026-04-23 16:10:32.208 DEBUG [25b56472] org.hibernate.SQL - 
    select
        mr1_0.id,
        mr1_0.budget_max_won,
        mr1_0.budget_min_won,
        mr1_0.cancel_reason,
        mr1_0.cancelled_by,
        mr1_0.concept,
        mr1_0.concept_summary,
        mr1_0.created_at,
        mr1_0.desired_budget,
        mr1_0.desired_date,
        mr1_0.destination,
        mr1_0.guest_id,
        mr1_0.guide_id,
        mr1_0.guide_schedule_id,
        mr1_0.propose_message,
        mr1_0.proposed_schedule,
        mr1_0.status,
        mr1_0.updated_at 
    from
        match_request mr1_0 
    where
        mr1_0.id=?
2026-04-23 16:10:32.214 TRACE [25b56472] org.hibernate.orm.jdbc.bind - binding parameter (1:BIGINT) <- [862027]
2026-04-23 16:10:32.219 DEBUG [6fd5e7b4] org.hibernate.SQL - 
    /* <criteria> */ select
        te1_0.id,
        te1_0.created_at,
        te1_0.deadline_at,
        te1_0.extended_date,
        te1_0.extended_price,
        te1_0.guest_id,
        te1_0.guide_approved_at,
        te1_0.match_request_id,
        te1_0.requested_at,
        te1_0.status,
        te1_0.updated_at 
    from
        tour_extension te1_0 
    left join
        match_request mr1_0 
            on mr1_0.id=te1_0.match_request_id 
    where
        mr1_0.id=?
2026-04-23 16:10:32.222 TRACE [6fd5e7b4] org.hibernate.orm.jdbc.bind - binding parameter (1:BIGINT) <- [862102]
2026-04-23 16:10:32.230 DEBUG [25b56472] org.hibernate.SQL - 
    /* <criteria> */ select
        te1_0.id,
        te1_0.created_at,
        te1_0.deadline_at,
        te1_0.extended_date,
        te1_0.extended_price,
        te1_0.guest_id,
        te1_0.guide_approved_at,
        te1_0.match_request_id,
        te1_0.requested_at,
        te1_0.status,
        te1_0.updated_at 
    from
        tour_extension te1_0 
    left join
        match_request mr1_0 
            on mr1_0.id=te1_0.match_request_id 
    where
        mr1_0.id=?
2026-04-23 16:10:32.232 TRACE [25b56472] org.hibernate.orm.jdbc.bind - binding parameter (1:BIGINT) <- [862027]
2026-04-23 16:10:32.236 DEBUG [10b14289] org.hibernate.SQL - 
    /* <criteria> */ select
        m1_0.id,
        m1_0.created_at,
        m1_0.email,
        m1_0.name,
        m1_0.nickname,
        m1_0.password,
        m1_0.profile_image_url,
        m1_0.role,
        m1_0.social_type,
        m1_0.status,
        m1_0.updated_at 
    from
        member m1_0 
    where
        m1_0.email=? 
        and m1_0.role=?
2026-04-23 16:10:32.240 INFO  [6fd5e7b4] c.t.a.logging.MdcLoggingFilter - [HTTP] 요청 완료 - statusCode: 204, latencyMs: 139, requestUri: /api/matching/extensions/862102, method: GET
2026-04-23 16:10:32.240 TRACE [10b14289] org.hibernate.orm.jdbc.bind - binding parameter (1:VARCHAR) <- [guide27@localGuest.com]
2026-04-23 16:10:32.241 TRACE [10b14289] org.hibernate.orm.jdbc.bind - binding parameter (2:ENUM) <- [GUIDE]
2026-04-23 16:10:32.247 INFO  [25b56472] c.t.a.logging.MdcLoggingFilter - [HTTP] 요청 완료 - statusCode: 204, latencyMs: 144, requestUri: /api/matching/extensions/862027, method: GET
2026-04-23 16:10:32.254 DEBUG [10b14289] org.hibernate.SQL - 
    /* <criteria> */ select
        gp1_0.id,
        gp1_0.average_rating,
        gp1_0.bio,
        gp1_0.created_at,
        gp1_0.default_course,
        gp1_0.guide_style,
        gp1_0.is_active,
        gp1_0.is_approved,
        gp1_0.keywords,
        gp1_0.language,
        gp1_0.local_story,
        gp1_0.member_id,
        gp1_0.nickname,
        gp1_0.price_per_hour,
        gp1_0.profile_image,
        gp1_0.region,
        gp1_0.residence_years,
        gp1_0.review_count,
        gp1_0.updated_at 
    from
        guide_profiles gp1_0 
    where
        gp1_0.member_id=?
2026-04-23 16:10:32.257 TRACE [10b14289] org.hibernate.orm.jdbc.bind - binding parameter (1:BIGINT) <- [940027]
2026-04-23 16:10:32.276 DEBUG [10b14289] org.hibernate.SQL - 
    /* <criteria> */ select
        mr1_0.id,
        mr1_0.budget_max_won,
        mr1_0.budget_min_won,
        mr1_0.cancel_reason,
        mr1_0.cancelled_by,
        mr1_0.concept,
        mr1_0.concept_summary,
        mr1_0.created_at,
        mr1_0.desired_budget,
        mr1_0.desired_date,
        mr1_0.destination,
        mr1_0.guest_id,
        mr1_0.guide_id,
        mr1_0.guide_schedule_id,
        mr1_0.propose_message,
        mr1_0.proposed_schedule,
        mr1_0.status,
        mr1_0.updated_at 
    from
        match_request mr1_0 
    where
        mr1_0.guide_id=?
2026-04-23 16:10:32.280 TRACE [10b14289] org.hibernate.orm.jdbc.bind - binding parameter (1:BIGINT) <- [841027]
2026-04-23 16:10:32.315 INFO  [10b14289] c.t.a.logging.MdcLoggingFilter - [HTTP] 요청 완료 - statusCode: 200, latencyMs: 125, requestUri: /api/matching/requests/guide/list, method: GET
2026-04-23 16:10:33.128 DEBUG [c1b4f72e] org.hibernate.SQL - 
    /* <criteria> */ select
        gp1_0.id,
        gp1_0.average_rating,
        gp1_0.bio,
        gp1_0.created_at,
        gp1_0.default_course,
        gp1_0.guide_style,
        gp1_0.is_active,
        gp1_0.is_approved,
        gp1_0.keywords,
        gp1_0.language,
        gp1_0.local_story,
        gp1_0.member_id,
        gp1_0.nickname,
        gp1_0.price_per_hour,
        gp1_0.profile_image,
        gp1_0.region,
        gp1_0.residence_years,
        gp1_0.review_count,
        gp1_0.updated_at 
    from
        guide_profiles gp1_0 
    where
        gp1_0.is_approved 
        and gp1_0.is_active
2026-04-23 16:10:33.240 INFO  [7a828889] c.t.m.c.c.NotificationController - [SSE Subscribe] User Email: guide27@localGuest.com
2026-04-23 16:10:33.254 INFO  [7a828889] c.t.a.logging.MdcLoggingFilter - [HTTP] 요청 완료 - statusCode: 200, latencyMs: 40, requestUri: /api/notifications/subscribe, method: GET
2026-04-23 16:10:33.255 INFO  [c1b4f72e] c.t.a.logging.MdcLoggingFilter - [HTTP] 요청 완료 - statusCode: 200, latencyMs: 133, requestUri: /api/guides, method: GET
2026-04-23 16:10:33.274 DEBUG [0907beea] org.hibernate.SQL - 
    /* SELECT
        DISTINCT r 
    FROM
        ChatRoom r 
    JOIN
        
    FETCH
        r.participants p 
    WHERE
        r.id IN (SELECT
            r2.id 
        FROM
            ChatRoom r2 
        JOIN
            r2.participants p2 
        WHERE
            p2.userEmail = :userEmail) */ select
            distinct cr1_0.id,
            cr1_0.created_at,
            cr1_0.last_message,
            cr1_0.last_message_at,
            cr1_0.owner_email,
            cr1_0.participant_count,
            p1_0.chat_room_id,
            p1_0.id,
            p1_0.created_at,
            p1_0.is_alarm_on,
            p1_0.last_read_at,
            p1_0.updated_at,
            p1_0.user_email,
            p1_0.user_id,
            p1_0.user_nickname,
            cr1_0.room_id,
            cr1_0.title,
            cr1_0.updated_at 
        from
            chat_rooms cr1_0 
        join
            chat_participants p1_0 
                on cr1_0.id=p1_0.chat_room_id 
        where
            cr1_0.id in (select
                cr2_0.id 
            from
                chat_rooms cr2_0 
            join
                chat_participants p2_0 
                    on cr2_0.id=p2_0.chat_room_id 
            where
                p2_0.user_email=?)
2026-04-23 16:10:33.277 TRACE [0907beea] org.hibernate.orm.jdbc.bind - binding parameter (1:VARCHAR) <- [guide27@localGuest.com]
2026-04-23 16:10:33.302 DEBUG [c9e1245a] org.hibernate.SQL - 
    /* <criteria> */ select
        gp1_0.id,
        gp1_0.average_rating,
        gp1_0.bio,
        gp1_0.created_at,
        gp1_0.default_course,
        gp1_0.guide_style,
        gp1_0.is_active,
        gp1_0.is_approved,
        gp1_0.keywords,
        gp1_0.language,
        gp1_0.local_story,
        gp1_0.member_id,
        gp1_0.nickname,
        gp1_0.price_per_hour,
        gp1_0.profile_image,
        gp1_0.region,
        gp1_0.residence_years,
        gp1_0.review_count,
        gp1_0.updated_at 
    from
        guide_profiles gp1_0 
    where
        gp1_0.is_approved 
        and gp1_0.is_active
2026-04-23 16:10:33.319 INFO  [0907beea] c.t.a.logging.MdcLoggingFilter - [HTTP] 요청 완료 - statusCode: 200, latencyMs: 79, requestUri: /api/chat/rooms, method: GET
2026-04-23 16:10:33.336 INFO  [43485d8f] c.t.a.logging.MdcLoggingFilter - [HTTP] 요청 완료 - statusCode: 200, latencyMs: 135, requestUri: /api/matching/chat/rooms, method: GET
2026-04-23 16:10:33.479 INFO  [c9e1245a] c.t.a.logging.MdcLoggingFilter - [HTTP] 요청 완료 - statusCode: 200, latencyMs: 200, requestUri: /api/guides, method: GET
2026-04-23 16:10:33.503 DEBUG [e4ddf9b6] org.hibernate.SQL - 
    /* SELECT
        DISTINCT r 
    FROM
        ChatRoom r 
    JOIN
        
    FETCH
        r.participants p 
    WHERE
        r.id IN (SELECT
            r2.id 
        FROM
            ChatRoom r2 
        JOIN
            r2.participants p2 
        WHERE
            p2.userEmail = :userEmail) */ select
            distinct cr1_0.id,
            cr1_0.created_at,
            cr1_0.last_message,
            cr1_0.last_message_at,
            cr1_0.owner_email,
            cr1_0.participant_count,
            p1_0.chat_room_id,
            p1_0.id,
            p1_0.created_at,
            p1_0.is_alarm_on,
            p1_0.last_read_at,
            p1_0.updated_at,
            p1_0.user_email,
            p1_0.user_id,
            p1_0.user_nickname,
            cr1_0.room_id,
            cr1_0.title,
            cr1_0.updated_at 
        from
            chat_rooms cr1_0 
        join
            chat_participants p1_0 
                on cr1_0.id=p1_0.chat_room_id 
        where
            cr1_0.id in (select
                cr2_0.id 
            from
                chat_rooms cr2_0 
            join
                chat_participants p2_0 
                    on cr2_0.id=p2_0.chat_room_id 
            where
                p2_0.user_email=?)
2026-04-23 16:10:33.506 TRACE [e4ddf9b6] org.hibernate.orm.jdbc.bind - binding parameter (1:VARCHAR) <- [guide27@localGuest.com]
2026-04-23 16:10:33.531 INFO  [e4ddf9b6] c.t.a.logging.MdcLoggingFilter - [HTTP] 요청 완료 - statusCode: 200, latencyMs: 65, requestUri: /api/chat/rooms, method: GET
2026-04-23 16:10:33.548 INFO  [6cc30aed] c.t.a.logging.MdcLoggingFilter - [HTTP] 요청 완료 - statusCode: 200, latencyMs: 168, requestUri: /api/matching/chat/rooms, method: GET
2026-04-23 16:10:33.934 DEBUG [194b67eb] org.hibernate.SQL - 
    select
        gp1_0.id,
        gp1_0.average_rating,
        gp1_0.bio,
        gp1_0.created_at,
        gp1_0.default_course,
        gp1_0.guide_style,
        gp1_0.is_active,
        gp1_0.is_approved,
        gp1_0.keywords,
        gp1_0.language,
        gp1_0.local_story,
        gp1_0.member_id,
        gp1_0.nickname,
        gp1_0.price_per_hour,
        gp1_0.profile_image,
        gp1_0.region,
        gp1_0.residence_years,
        gp1_0.review_count,
        gp1_0.updated_at 
    from
        guide_profiles gp1_0 
    where
        gp1_0.id=?
2026-04-23 16:10:33.939 TRACE [194b67eb] org.hibernate.orm.jdbc.bind - binding parameter (1:BIGINT) <- [841027]
2026-04-23 16:10:33.967 INFO  [194b67eb] c.t.a.logging.MdcLoggingFilter - [HTTP] 요청 완료 - statusCode: 200, latencyMs: 56, requestUri: /api/guides/841027, method: GET
2026-04-23 16:10:34.033 DEBUG [ed5412b5] org.hibernate.SQL - 
    select
        gp1_0.id,
        gp1_0.average_rating,
        gp1_0.bio,
        gp1_0.created_at,
        gp1_0.default_course,
        gp1_0.guide_style,
        gp1_0.is_active,
        gp1_0.is_approved,
        gp1_0.keywords,
        gp1_0.language,
        gp1_0.local_story,
        gp1_0.member_id,
        gp1_0.nickname,
        gp1_0.price_per_hour,
        gp1_0.profile_image,
        gp1_0.region,
        gp1_0.residence_years,
        gp1_0.review_count,
        gp1_0.updated_at 
    from
        guide_profiles gp1_0 
    where
        gp1_0.id=?
2026-04-23 16:10:34.037 TRACE [ed5412b5] org.hibernate.orm.jdbc.bind - binding parameter (1:BIGINT) <- [841027]
2026-04-23 16:10:34.075 INFO  [ed5412b5] c.t.a.logging.MdcLoggingFilter - [HTTP] 요청 완료 - statusCode: 200, latencyMs: 73, requestUri: /api/guides/841027, method: GET
2026-04-23 16:10:35.255 DEBUG [a90b46e0] org.hibernate.SQL - 
    /* <criteria> */ select
        m1_0.id,
        m1_0.created_at,
        m1_0.email,
        m1_0.name,
        m1_0.nickname,
        m1_0.password,
        m1_0.profile_image_url,
        m1_0.role,
        m1_0.social_type,
        m1_0.status,
        m1_0.updated_at 
    from
        member m1_0 
    where
        m1_0.email=? 
        and m1_0.role=?
2026-04-23 16:10:35.260 TRACE [a90b46e0] org.hibernate.orm.jdbc.bind - binding parameter (1:VARCHAR) <- [guide27@localGuest.com]
2026-04-23 16:10:35.270 TRACE [a90b46e0] org.hibernate.orm.jdbc.bind - binding parameter (2:ENUM) <- [GUIDE]
2026-04-23 16:10:35.275 DEBUG [18fee7bb] org.hibernate.SQL - 
    /* <criteria> */ select
        gf1_0.id,
        gf1_0.content,
        gf1_0.created_at,
        gf1_0.guide_id,
        gf1_0.image_url,
        gf1_0.is_deleted,
        gf1_0.updated_at 
    from
        guide_feeds gf1_0 
    left join
        guide_profiles gp1_0 
            on gp1_0.id=gf1_0.guide_id 
    where
        gp1_0.id=? 
        and not(gf1_0.is_deleted) 
    order by
        gf1_0.created_at desc
2026-04-23 16:10:35.280 TRACE [18fee7bb] org.hibernate.orm.jdbc.bind - binding parameter (1:BIGINT) <- [841027]
2026-04-23 16:10:35.283 DEBUG [3da494a0] org.hibernate.SQL - 
    /* <criteria> */ select
        gs1_0.id,
        gs1_0.available_date,
        gs1_0.course_detail,
        gs1_0.created_at,
        gs1_0.end_time,
        gs1_0.guide_message,
        gs1_0.guide_id,
        gs1_0.is_paid,
        gs1_0.match_request_id,
        gs1_0.meeting_point,
        gs1_0.start_time,
        gs1_0.status,
        gs1_0.updated_at 
    from
        guide_schedules gs1_0 
    left join
        guide_profiles gp1_0 
            on gp1_0.id=gs1_0.guide_id 
    where
        gp1_0.id=? 
    order by
        gs1_0.available_date
2026-04-23 16:10:35.285 TRACE [3da494a0] org.hibernate.orm.jdbc.bind - binding parameter (1:BIGINT) <- [841027]
2026-04-23 16:10:35.297 DEBUG [a90b46e0] org.hibernate.SQL - 
    /* <criteria> */ select
        gp1_0.id,
        gp1_0.average_rating,
        gp1_0.bio,
        gp1_0.created_at,
        gp1_0.default_course,
        gp1_0.guide_style,
        gp1_0.is_active,
        gp1_0.is_approved,
        gp1_0.keywords,
        gp1_0.language,
        gp1_0.local_story,
        gp1_0.member_id,
        gp1_0.nickname,
        gp1_0.price_per_hour,
        gp1_0.profile_image,
        gp1_0.region,
        gp1_0.residence_years,
        gp1_0.review_count,
        gp1_0.updated_at 
    from
        guide_profiles gp1_0 
    where
        gp1_0.member_id=?
2026-04-23 16:10:35.305 DEBUG [67e8f86e] org.hibernate.SQL - 
    /* <criteria> */ select
        m1_0.id,
        m1_0.created_at,
        m1_0.email,
        m1_0.name,
        m1_0.nickname,
        m1_0.password,
        m1_0.profile_image_url,
        m1_0.role,
        m1_0.social_type,
        m1_0.status,
        m1_0.updated_at 
    from
        member m1_0 
    where
        m1_0.email=? 
        and m1_0.role=?
2026-04-23 16:10:35.306 TRACE [a90b46e0] org.hibernate.orm.jdbc.bind - binding parameter (1:BIGINT) <- [940027]
2026-04-23 16:10:35.311 TRACE [67e8f86e] org.hibernate.orm.jdbc.bind - binding parameter (1:VARCHAR) <- [guide27@localGuest.com]
2026-04-23 16:10:35.316 TRACE [67e8f86e] org.hibernate.orm.jdbc.bind - binding parameter (2:ENUM) <- [GUIDE]
2026-04-23 16:10:35.313 DEBUG [fcef21c3] org.hibernate.SQL - 
    select
        gp1_0.id,
        gp1_0.average_rating,
        gp1_0.bio,
        gp1_0.created_at,
        gp1_0.default_course,
        gp1_0.guide_style,
        gp1_0.is_active,
        gp1_0.is_approved,
        gp1_0.keywords,
        gp1_0.language,
        gp1_0.local_story,
        gp1_0.member_id,
        gp1_0.nickname,
        gp1_0.price_per_hour,
        gp1_0.profile_image,
        gp1_0.region,
        gp1_0.residence_years,
        gp1_0.review_count,
        gp1_0.updated_at 
    from
        guide_profiles gp1_0 
    where
        gp1_0.id=?
2026-04-23 16:10:35.318 TRACE [fcef21c3] org.hibernate.orm.jdbc.bind - binding parameter (1:BIGINT) <- [841027]
2026-04-23 16:10:35.318 INFO  [18fee7bb] c.t.a.logging.MdcLoggingFilter - [HTTP] 요청 완료 - statusCode: 200, latencyMs: 101, requestUri: /api/guides/841027/feeds, method: GET
2026-04-23 16:10:35.334 DEBUG [67e8f86e] org.hibernate.SQL - 
    select
        gp1_0.id,
        gp1_0.average_rating,
        gp1_0.bio,
        gp1_0.created_at,
        gp1_0.default_course,
        gp1_0.guide_style,
        gp1_0.is_active,
        gp1_0.is_approved,
        gp1_0.keywords,
        gp1_0.language,
        gp1_0.local_story,
        gp1_0.member_id,
        gp1_0.nickname,
        gp1_0.price_per_hour,
        gp1_0.profile_image,
        gp1_0.region,
        gp1_0.residence_years,
        gp1_0.review_count,
        gp1_0.updated_at 
    from
        guide_profiles gp1_0 
    where
        gp1_0.id=?
2026-04-23 16:10:35.336 DEBUG [05cb6c42] org.hibernate.SQL - 
    /* <criteria> */ select
        gs1_0.id,
        gs1_0.available_date,
        gs1_0.course_detail,
        gs1_0.created_at,
        gs1_0.end_time,
        gs1_0.guide_message,
        gs1_0.guide_id,
        gs1_0.is_paid,
        gs1_0.match_request_id,
        gs1_0.meeting_point,
        gs1_0.start_time,
        gs1_0.status,
        gs1_0.updated_at 
    from
        guide_schedules gs1_0 
    left join
        guide_profiles gp1_0 
            on gp1_0.id=gs1_0.guide_id 
    where
        gp1_0.id=? 
        and gs1_0.status=?
2026-04-23 16:10:35.337 TRACE [67e8f86e] org.hibernate.orm.jdbc.bind - binding parameter (1:BIGINT) <- [841027]
2026-04-23 16:10:35.353 TRACE [05cb6c42] org.hibernate.orm.jdbc.bind - binding parameter (1:BIGINT) <- [841027]
2026-04-23 16:10:35.337 DEBUG [a90b46e0] org.hibernate.SQL - 
    /* <criteria> */ select
        mr1_0.id,
        mr1_0.budget_max_won,
        mr1_0.budget_min_won,
        mr1_0.cancel_reason,
        mr1_0.cancelled_by,
        mr1_0.concept,
        mr1_0.concept_summary,
        mr1_0.created_at,
        mr1_0.desired_budget,
        mr1_0.desired_date,
        mr1_0.destination,
        mr1_0.guest_id,
        mr1_0.guide_id,
        mr1_0.guide_schedule_id,
        mr1_0.propose_message,
        mr1_0.proposed_schedule,
        mr1_0.status,
        mr1_0.updated_at 
    from
        match_request mr1_0 
    where
        mr1_0.guide_id=?
2026-04-23 16:10:35.346 INFO  [3da494a0] c.t.a.logging.MdcLoggingFilter - [HTTP] 요청 완료 - statusCode: 200, latencyMs: 124, requestUri: /api/guides/841027/schedules, method: GET
2026-04-23 16:10:35.357 TRACE [05cb6c42] org.hibernate.orm.jdbc.bind - binding parameter (2:ENUM) <- [BLOCKED]
2026-04-23 16:10:35.356 TRACE [a90b46e0] org.hibernate.orm.jdbc.bind - binding parameter (1:BIGINT) <- [841027]
2026-04-23 16:10:35.357 INFO  [fcef21c3] c.t.a.logging.MdcLoggingFilter - [HTTP] 요청 완료 - statusCode: 200, latencyMs: 87, requestUri: /api/guides/841027, method: GET
2026-04-23 16:10:35.383 DEBUG [67e8f86e] org.hibernate.SQL - 
    /* <criteria> */ select
        gs1_0.id,
        gs1_0.available_date,
        gs1_0.course_detail,
        gs1_0.created_at,
        gs1_0.end_time,
        gs1_0.guide_message,
        gs1_0.guide_id,
        gs1_0.is_paid,
        gs1_0.match_request_id,
        gs1_0.meeting_point,
        gs1_0.start_time,
        gs1_0.status,
        gs1_0.updated_at 
    from
        guide_schedules gs1_0 
    left join
        guide_profiles gp1_0 
            on gp1_0.id=gs1_0.guide_id 
    where
        gp1_0.id=? 
        and gs1_0.status=?
2026-04-23 16:10:35.385 TRACE [67e8f86e] org.hibernate.orm.jdbc.bind - binding parameter (1:BIGINT) <- [841027]
2026-04-23 16:10:35.386 TRACE [67e8f86e] org.hibernate.orm.jdbc.bind - binding parameter (2:ENUM) <- [PENDING]
2026-04-23 16:10:35.392 INFO  [05cb6c42] c.t.a.logging.MdcLoggingFilter - [HTTP] 요청 완료 - statusCode: 200, latencyMs: 122, requestUri: /api/guides/841027/schedules/blocked, method: GET
2026-04-23 16:10:35.396 INFO  [a90b46e0] c.t.a.logging.MdcLoggingFilter - [HTTP] 요청 완료 - statusCode: 200, latencyMs: 183, requestUri: /api/matching/requests/guide/list, method: GET
2026-04-23 16:10:35.420 INFO  [67e8f86e] c.t.a.logging.MdcLoggingFilter - [HTTP] 요청 완료 - statusCode: 200, latencyMs: 185, requestUri: /api/guides/841027/schedules/pending, method: GET
2026-04-23 16:10:36.611 DEBUG [4f820f7e] org.hibernate.SQL - 
    /* <criteria> */ select
        gs1_0.id,
        gs1_0.available_date,
        gs1_0.course_detail,
        gs1_0.created_at,
        gs1_0.end_time,
        gs1_0.guide_message,
        gs1_0.guide_id,
        gs1_0.is_paid,
        gs1_0.match_request_id,
        gs1_0.meeting_point,
        gs1_0.start_time,
        gs1_0.status,
        gs1_0.updated_at 
    from
        guide_schedules gs1_0 
    left join
        guide_profiles gp1_0 
            on gp1_0.id=gs1_0.guide_id 
    where
        gp1_0.id=? 
    order by
        gs1_0.available_date
2026-04-23 16:10:36.626 TRACE [4f820f7e] org.hibernate.orm.jdbc.bind - binding parameter (1:BIGINT) <- [841027]
2026-04-23 16:10:36.631 DEBUG [87ff92b5] org.hibernate.SQL - 
    /* <criteria> */ select
        m1_0.id,
        m1_0.created_at,
        m1_0.email,
        m1_0.name,
        m1_0.nickname,
        m1_0.password,
        m1_0.profile_image_url,
        m1_0.role,
        m1_0.social_type,
        m1_0.status,
        m1_0.updated_at 
    from
        member m1_0 
    where
        m1_0.email=? 
        and m1_0.role=?
2026-04-23 16:10:36.634 DEBUG [cdb0a05a] org.hibernate.SQL - 
    /* <criteria> */ select
        gf1_0.id,
        gf1_0.content,
        gf1_0.created_at,
        gf1_0.guide_id,
        gf1_0.image_url,
        gf1_0.is_deleted,
        gf1_0.updated_at 
    from
        guide_feeds gf1_0 
    left join
        guide_profiles gp1_0 
            on gp1_0.id=gf1_0.guide_id 
    where
        gp1_0.id=? 
        and not(gf1_0.is_deleted) 
    order by
        gf1_0.created_at desc
2026-04-23 16:10:36.635 DEBUG [21c62d47] org.hibernate.SQL - 
    /* <criteria> */ select
        m1_0.id,
        m1_0.created_at,
        m1_0.email,
        m1_0.name,
        m1_0.nickname,
        m1_0.password,
        m1_0.profile_image_url,
        m1_0.role,
        m1_0.social_type,
        m1_0.status,
        m1_0.updated_at 
    from
        member m1_0 
    where
        m1_0.email=? 
        and m1_0.role=?
2026-04-23 16:10:36.640 TRACE [87ff92b5] org.hibernate.orm.jdbc.bind - binding parameter (1:VARCHAR) <- [guide27@localGuest.com]
2026-04-23 16:10:36.640 TRACE [cdb0a05a] org.hibernate.orm.jdbc.bind - binding parameter (1:BIGINT) <- [841027]
2026-04-23 16:10:36.645 TRACE [87ff92b5] org.hibernate.orm.jdbc.bind - binding parameter (2:ENUM) <- [GUIDE]
2026-04-23 16:10:36.643 TRACE [21c62d47] org.hibernate.orm.jdbc.bind - binding parameter (1:VARCHAR) <- [guide27@localGuest.com]
2026-04-23 16:10:36.647 TRACE [21c62d47] org.hibernate.orm.jdbc.bind - binding parameter (2:ENUM) <- [GUIDE]
2026-04-23 16:10:36.646 DEBUG [23878a39] org.hibernate.SQL - 
    select
        gp1_0.id,
        gp1_0.average_rating,
        gp1_0.bio,
        gp1_0.created_at,
        gp1_0.default_course,
        gp1_0.guide_style,
        gp1_0.is_active,
        gp1_0.is_approved,
        gp1_0.keywords,
        gp1_0.language,
        gp1_0.local_story,
        gp1_0.member_id,
        gp1_0.nickname,
        gp1_0.price_per_hour,
        gp1_0.profile_image,
        gp1_0.region,
        gp1_0.residence_years,
        gp1_0.review_count,
        gp1_0.updated_at 
    from
        guide_profiles gp1_0 
    where
        gp1_0.id=?
2026-04-23 16:10:36.650 TRACE [23878a39] org.hibernate.orm.jdbc.bind - binding parameter (1:BIGINT) <- [841027]
2026-04-23 16:10:36.652 DEBUG [1cc3ea87] org.hibernate.SQL - 
    /* <criteria> */ select
        gs1_0.id,
        gs1_0.available_date,
        gs1_0.course_detail,
        gs1_0.created_at,
        gs1_0.end_time,
        gs1_0.guide_message,
        gs1_0.guide_id,
        gs1_0.is_paid,
        gs1_0.match_request_id,
        gs1_0.meeting_point,
        gs1_0.start_time,
        gs1_0.status,
        gs1_0.updated_at 
    from
        guide_schedules gs1_0 
    left join
        guide_profiles gp1_0 
            on gp1_0.id=gs1_0.guide_id 
    where
        gp1_0.id=? 
        and gs1_0.status=?
2026-04-23 16:10:36.658 TRACE [1cc3ea87] org.hibernate.orm.jdbc.bind - binding parameter (1:BIGINT) <- [841027]
2026-04-23 16:10:36.665 TRACE [1cc3ea87] org.hibernate.orm.jdbc.bind - binding parameter (2:ENUM) <- [BLOCKED]
2026-04-23 16:10:36.682 DEBUG [87ff92b5] org.hibernate.SQL - 
    /* <criteria> */ select
        gp1_0.id,
        gp1_0.average_rating,
        gp1_0.bio,
        gp1_0.created_at,
        gp1_0.default_course,
        gp1_0.guide_style,
        gp1_0.is_active,
        gp1_0.is_approved,
        gp1_0.keywords,
        gp1_0.language,
        gp1_0.local_story,
        gp1_0.member_id,
        gp1_0.nickname,
        gp1_0.price_per_hour,
        gp1_0.profile_image,
        gp1_0.region,
        gp1_0.residence_years,
        gp1_0.review_count,
        gp1_0.updated_at 
    from
        guide_profiles gp1_0 
    where
        gp1_0.member_id=?
2026-04-23 16:10:36.684 DEBUG [21c62d47] org.hibernate.SQL - 
    select
        gp1_0.id,
        gp1_0.average_rating,
        gp1_0.bio,
        gp1_0.created_at,
        gp1_0.default_course,
        gp1_0.guide_style,
        gp1_0.is_active,
        gp1_0.is_approved,
        gp1_0.keywords,
        gp1_0.language,
        gp1_0.local_story,
        gp1_0.member_id,
        gp1_0.nickname,
        gp1_0.price_per_hour,
        gp1_0.profile_image,
        gp1_0.region,
        gp1_0.residence_years,
        gp1_0.review_count,
        gp1_0.updated_at 
    from
        guide_profiles gp1_0 
    where
        gp1_0.id=?
2026-04-23 16:10:36.690 INFO  [4f820f7e] c.t.a.logging.MdcLoggingFilter - [HTTP] 요청 완료 - statusCode: 200, latencyMs: 118, requestUri: /api/guides/841027/schedules, method: GET
2026-04-23 16:10:36.705 TRACE [87ff92b5] org.hibernate.orm.jdbc.bind - binding parameter (1:BIGINT) <- [940027]
2026-04-23 16:10:36.699 INFO  [cdb0a05a] c.t.a.logging.MdcLoggingFilter - [HTTP] 요청 완료 - statusCode: 200, latencyMs: 130, requestUri: /api/guides/841027/feeds, method: GET
2026-04-23 16:10:36.706 TRACE [21c62d47] org.hibernate.orm.jdbc.bind - binding parameter (1:BIGINT) <- [841027]
2026-04-23 16:10:36.707 INFO  [1cc3ea87] c.t.a.logging.MdcLoggingFilter - [HTTP] 요청 완료 - statusCode: 200, latencyMs: 117, requestUri: /api/guides/841027/schedules/blocked, method: GET
2026-04-23 16:10:36.707 INFO  [23878a39] c.t.a.logging.MdcLoggingFilter - [HTTP] 요청 완료 - statusCode: 200, latencyMs: 114, requestUri: /api/guides/841027, method: GET
2026-04-23 16:10:36.724 DEBUG [87ff92b5] org.hibernate.SQL - 
    /* <criteria> */ select
        mr1_0.id,
        mr1_0.budget_max_won,
        mr1_0.budget_min_won,
        mr1_0.cancel_reason,
        mr1_0.cancelled_by,
        mr1_0.concept,
        mr1_0.concept_summary,
        mr1_0.created_at,
        mr1_0.desired_budget,
        mr1_0.desired_date,
        mr1_0.destination,
        mr1_0.guest_id,
        mr1_0.guide_id,
        mr1_0.guide_schedule_id,
        mr1_0.propose_message,
        mr1_0.proposed_schedule,
        mr1_0.status,
        mr1_0.updated_at 
    from
        match_request mr1_0 
    where
        mr1_0.guide_id=?
2026-04-23 16:10:36.727 DEBUG [21c62d47] org.hibernate.SQL - 
    /* <criteria> */ select
        gs1_0.id,
        gs1_0.available_date,
        gs1_0.course_detail,
        gs1_0.created_at,
        gs1_0.end_time,
        gs1_0.guide_message,
        gs1_0.guide_id,
        gs1_0.is_paid,
        gs1_0.match_request_id,
        gs1_0.meeting_point,
        gs1_0.start_time,
        gs1_0.status,
        gs1_0.updated_at 
    from
        guide_schedules gs1_0 
    left join
        guide_profiles gp1_0 
            on gp1_0.id=gs1_0.guide_id 
    where
        gp1_0.id=? 
        and gs1_0.status=?
2026-04-23 16:10:36.729 TRACE [87ff92b5] org.hibernate.orm.jdbc.bind - binding parameter (1:BIGINT) <- [841027]
2026-04-23 16:10:36.735 TRACE [21c62d47] org.hibernate.orm.jdbc.bind - binding parameter (1:BIGINT) <- [841027]
2026-04-23 16:10:36.736 TRACE [21c62d47] org.hibernate.orm.jdbc.bind - binding parameter (2:ENUM) <- [PENDING]
2026-04-23 16:10:36.754 INFO  [21c62d47] c.t.a.logging.MdcLoggingFilter - [HTTP] 요청 완료 - statusCode: 200, latencyMs: 177, requestUri: /api/guides/841027/schedules/pending, method: GET
2026-04-23 16:10:36.759 INFO  [87ff92b5] c.t.a.logging.MdcLoggingFilter - [HTTP] 요청 완료 - statusCode: 200, latencyMs: 192, requestUri: /api/matching/requests/guide/list, method: GET
2026-04-23 16:10:37.156 DEBUG [828f6b74] org.hibernate.SQL - 
    /* <criteria> */ select
        m1_0.id,
        m1_0.created_at,
        m1_0.email,
        m1_0.name,
        m1_0.nickname,
        m1_0.password,
        m1_0.profile_image_url,
        m1_0.role,
        m1_0.social_type,
        m1_0.status,
        m1_0.updated_at 
    from
        member m1_0 
    where
        m1_0.email=? 
        and m1_0.role=?
2026-04-23 16:10:37.160 DEBUG [137dc2a4] org.hibernate.SQL - 
    /* <criteria> */ select
        m1_0.id,
        m1_0.created_at,
        m1_0.email,
        m1_0.name,
        m1_0.nickname,
        m1_0.password,
        m1_0.profile_image_url,
        m1_0.role,
        m1_0.social_type,
        m1_0.status,
        m1_0.updated_at 
    from
        member m1_0 
    where
        m1_0.email=? 
        and m1_0.role=?
2026-04-23 16:10:37.163 TRACE [828f6b74] org.hibernate.orm.jdbc.bind - binding parameter (1:VARCHAR) <- [guide27@localGuest.com]
2026-04-23 16:10:37.164 TRACE [137dc2a4] org.hibernate.orm.jdbc.bind - binding parameter (1:VARCHAR) <- [guide27@localGuest.com]
2026-04-23 16:10:37.164 TRACE [828f6b74] org.hibernate.orm.jdbc.bind - binding parameter (2:ENUM) <- [GUIDE]
2026-04-23 16:10:37.166 TRACE [137dc2a4] org.hibernate.orm.jdbc.bind - binding parameter (2:ENUM) <- [GUIDE]
2026-04-23 16:10:37.175 DEBUG [137dc2a4] org.hibernate.SQL - 
    select
        gp1_0.id,
        gp1_0.average_rating,
        gp1_0.bio,
        gp1_0.created_at,
        gp1_0.default_course,
        gp1_0.guide_style,
        gp1_0.is_active,
        gp1_0.is_approved,
        gp1_0.keywords,
        gp1_0.language,
        gp1_0.local_story,
        gp1_0.member_id,
        gp1_0.nickname,
        gp1_0.price_per_hour,
        gp1_0.profile_image,
        gp1_0.region,
        gp1_0.residence_years,
        gp1_0.review_count,
        gp1_0.updated_at 
    from
        guide_profiles gp1_0 
    where
        gp1_0.id=?
2026-04-23 16:10:37.178 TRACE [137dc2a4] org.hibernate.orm.jdbc.bind - binding parameter (1:BIGINT) <- [841027]
2026-04-23 16:10:37.178 DEBUG [452e0a9e] org.hibernate.SQL - 
    select
        gp1_0.id,
        gp1_0.average_rating,
        gp1_0.bio,
        gp1_0.created_at,
        gp1_0.default_course,
        gp1_0.guide_style,
        gp1_0.is_active,
        gp1_0.is_approved,
        gp1_0.keywords,
        gp1_0.language,
        gp1_0.local_story,
        gp1_0.member_id,
        gp1_0.nickname,
        gp1_0.price_per_hour,
        gp1_0.profile_image,
        gp1_0.region,
        gp1_0.residence_years,
        gp1_0.review_count,
        gp1_0.updated_at 
    from
        guide_profiles gp1_0 
    where
        gp1_0.id=?
2026-04-23 16:10:37.181 TRACE [452e0a9e] org.hibernate.orm.jdbc.bind - binding parameter (1:BIGINT) <- [841027]
2026-04-23 16:10:37.181 DEBUG [828f6b74] org.hibernate.SQL - 
    /* <criteria> */ select
        gp1_0.id,
        gp1_0.average_rating,
        gp1_0.bio,
        gp1_0.created_at,
        gp1_0.default_course,
        gp1_0.guide_style,
        gp1_0.is_active,
        gp1_0.is_approved,
        gp1_0.keywords,
        gp1_0.language,
        gp1_0.local_story,
        gp1_0.member_id,
        gp1_0.nickname,
        gp1_0.price_per_hour,
        gp1_0.profile_image,
        gp1_0.region,
        gp1_0.residence_years,
        gp1_0.review_count,
        gp1_0.updated_at 
    from
        guide_profiles gp1_0 
    where
        gp1_0.member_id=?
2026-04-23 16:10:37.185 TRACE [828f6b74] org.hibernate.orm.jdbc.bind - binding parameter (1:BIGINT) <- [940027]
2026-04-23 16:10:37.191 DEBUG [137dc2a4] org.hibernate.SQL - 
    /* <criteria> */ select
        p1_0.id,
        p1_0.amount,
        p1_0.created_at,
        p1_0.match_request_id,
        p1_0.paid_at,
        p1_0.payer_id,
        p1_0.payment_type,
        p1_0.pg_order_no,
        p1_0.pg_transaction_id,
        p1_0.refund_deadline,
        p1_0.status,
        p1_0.updated_at 
    from
        payment p1_0 
    left join
        match_request mr1_0 
            on mr1_0.id=p1_0.match_request_id 
    where
        mr1_0.guide_id=? 
        and p1_0.status=?
2026-04-23 16:10:37.198 TRACE [137dc2a4] org.hibernate.orm.jdbc.bind - binding parameter (1:BIGINT) <- [841027]
2026-04-23 16:10:37.199 TRACE [137dc2a4] org.hibernate.orm.jdbc.bind - binding parameter (2:ENUM) <- [COMPLETED]
2026-04-23 16:10:37.214 INFO  [452e0a9e] c.t.a.logging.MdcLoggingFilter - [HTTP] 요청 완료 - statusCode: 200, latencyMs: 62, requestUri: /api/guides/841027, method: GET
2026-04-23 16:10:37.219 DEBUG [828f6b74] org.hibernate.SQL - 
    /* <criteria> */ select
        mr1_0.id,
        mr1_0.budget_max_won,
        mr1_0.budget_min_won,
        mr1_0.cancel_reason,
        mr1_0.cancelled_by,
        mr1_0.concept,
        mr1_0.concept_summary,
        mr1_0.created_at,
        mr1_0.desired_budget,
        mr1_0.desired_date,
        mr1_0.destination,
        mr1_0.guest_id,
        mr1_0.guide_id,
        mr1_0.guide_schedule_id,
        mr1_0.propose_message,
        mr1_0.proposed_schedule,
        mr1_0.status,
        mr1_0.updated_at 
    from
        match_request mr1_0 
    where
        mr1_0.guide_id=?
2026-04-23 16:10:37.223 TRACE [828f6b74] org.hibernate.orm.jdbc.bind - binding parameter (1:BIGINT) <- [841027]
2026-04-23 16:10:37.249 INFO  [137dc2a4] c.t.a.logging.MdcLoggingFilter - [HTTP] 요청 완료 - statusCode: 200, latencyMs: 131, requestUri: /api/guides/841027/settlement/expected, method: GET
2026-04-23 16:10:37.263 INFO  [828f6b74] c.t.a.logging.MdcLoggingFilter - [HTTP] 요청 완료 - statusCode: 200, latencyMs: 139, requestUri: /api/matching/requests/guide/list, method: GET
2026-04-23 16:10:37.375 DEBUG [534cb165] org.hibernate.SQL - 
    /* <criteria> */ select
        m1_0.id,
        m1_0.created_at,
        m1_0.email,
        m1_0.name,
        m1_0.nickname,
        m1_0.password,
        m1_0.profile_image_url,
        m1_0.role,
        m1_0.social_type,
        m1_0.status,
        m1_0.updated_at 
    from
        member m1_0 
    where
        m1_0.email=? 
        and m1_0.role=?
2026-04-23 16:10:37.388 TRACE [534cb165] org.hibernate.orm.jdbc.bind - binding parameter (1:VARCHAR) <- [guide27@localGuest.com]
2026-04-23 16:10:37.392 TRACE [534cb165] org.hibernate.orm.jdbc.bind - binding parameter (2:ENUM) <- [GUIDE]
2026-04-23 16:10:37.399 DEBUG [8f1bdddb] org.hibernate.SQL - 
    /* <criteria> */ select
        m1_0.id,
        m1_0.created_at,
        m1_0.email,
        m1_0.name,
        m1_0.nickname,
        m1_0.password,
        m1_0.profile_image_url,
        m1_0.role,
        m1_0.social_type,
        m1_0.status,
        m1_0.updated_at 
    from
        member m1_0 
    where
        m1_0.email=? 
        and m1_0.role=?
2026-04-23 16:10:37.404 TRACE [8f1bdddb] org.hibernate.orm.jdbc.bind - binding parameter (1:VARCHAR) <- [guide27@localGuest.com]
2026-04-23 16:10:37.407 TRACE [8f1bdddb] org.hibernate.orm.jdbc.bind - binding parameter (2:ENUM) <- [GUIDE]
2026-04-23 16:10:37.434 DEBUG [534cb165] org.hibernate.SQL - 
    select
        gp1_0.id,
        gp1_0.average_rating,
        gp1_0.bio,
        gp1_0.created_at,
        gp1_0.default_course,
        gp1_0.guide_style,
        gp1_0.is_active,
        gp1_0.is_approved,
        gp1_0.keywords,
        gp1_0.language,
        gp1_0.local_story,
        gp1_0.member_id,
        gp1_0.nickname,
        gp1_0.price_per_hour,
        gp1_0.profile_image,
        gp1_0.region,
        gp1_0.residence_years,
        gp1_0.review_count,
        gp1_0.updated_at 
    from
        guide_profiles gp1_0 
    where
        gp1_0.id=?
2026-04-23 16:10:37.439 TRACE [534cb165] org.hibernate.orm.jdbc.bind - binding parameter (1:BIGINT) <- [841027]
2026-04-23 16:10:37.445 DEBUG [8f1bdddb] org.hibernate.SQL - 
    /* <criteria> */ select
        gp1_0.id,
        gp1_0.average_rating,
        gp1_0.bio,
        gp1_0.created_at,
        gp1_0.default_course,
        gp1_0.guide_style,
        gp1_0.is_active,
        gp1_0.is_approved,
        gp1_0.keywords,
        gp1_0.language,
        gp1_0.local_story,
        gp1_0.member_id,
        gp1_0.nickname,
        gp1_0.price_per_hour,
        gp1_0.profile_image,
        gp1_0.region,
        gp1_0.residence_years,
        gp1_0.review_count,
        gp1_0.updated_at 
    from
        guide_profiles gp1_0 
    where
        gp1_0.member_id=?
2026-04-23 16:10:37.453 TRACE [8f1bdddb] org.hibernate.orm.jdbc.bind - binding parameter (1:BIGINT) <- [940027]
2026-04-23 16:10:37.467 DEBUG [534cb165] org.hibernate.SQL - 
    /* <criteria> */ select
        p1_0.id,
        p1_0.amount,
        p1_0.created_at,
        p1_0.match_request_id,
        p1_0.paid_at,
        p1_0.payer_id,
        p1_0.payment_type,
        p1_0.pg_order_no,
        p1_0.pg_transaction_id,
        p1_0.refund_deadline,
        p1_0.status,
        p1_0.updated_at 
    from
        payment p1_0 
    left join
        match_request mr1_0 
            on mr1_0.id=p1_0.match_request_id 
    where
        mr1_0.guide_id=? 
        and p1_0.status=?
2026-04-23 16:10:37.473 TRACE [534cb165] org.hibernate.orm.jdbc.bind - binding parameter (1:BIGINT) <- [841027]
2026-04-23 16:10:37.474 TRACE [534cb165] org.hibernate.orm.jdbc.bind - binding parameter (2:ENUM) <- [COMPLETED]
2026-04-23 16:10:37.484 DEBUG [8f1bdddb] org.hibernate.SQL - 
    /* <criteria> */ select
        mr1_0.id,
        mr1_0.budget_max_won,
        mr1_0.budget_min_won,
        mr1_0.cancel_reason,
        mr1_0.cancelled_by,
        mr1_0.concept,
        mr1_0.concept_summary,
        mr1_0.created_at,
        mr1_0.desired_budget,
        mr1_0.desired_date,
        mr1_0.destination,
        mr1_0.guest_id,
        mr1_0.guide_id,
        mr1_0.guide_schedule_id,
        mr1_0.propose_message,
        mr1_0.proposed_schedule,
        mr1_0.status,
        mr1_0.updated_at 
    from
        match_request mr1_0 
    where
        mr1_0.guide_id=?
2026-04-23 16:10:37.496 TRACE [8f1bdddb] org.hibernate.orm.jdbc.bind - binding parameter (1:BIGINT) <- [841027]
2026-04-23 16:10:37.525 INFO  [534cb165] c.t.a.logging.MdcLoggingFilter - [HTTP] 요청 완료 - statusCode: 200, latencyMs: 212, requestUri: /api/guides/841027/settlement/expected, method: GET
2026-04-23 16:10:37.529 INFO  [8f1bdddb] c.t.a.logging.MdcLoggingFilter - [HTTP] 요청 완료 - statusCode: 200, latencyMs: 185, requestUri: /api/matching/requests/guide/list, method: GET
2026-04-23 16:10:38.320 DEBUG [6e055ac9] org.hibernate.SQL - 
    /* <criteria> */ select
        m1_0.id,
        m1_0.created_at,
        m1_0.email,
        m1_0.name,
        m1_0.nickname,
        m1_0.password,
        m1_0.profile_image_url,
        m1_0.role,
        m1_0.social_type,
        m1_0.status,
        m1_0.updated_at 
    from
        member m1_0 
    where
        m1_0.email=? 
        and m1_0.role=?
2026-04-23 16:10:38.322 TRACE [6e055ac9] org.hibernate.orm.jdbc.bind - binding parameter (1:VARCHAR) <- [guide27@localGuest.com]
2026-04-23 16:10:38.322 TRACE [6e055ac9] org.hibernate.orm.jdbc.bind - binding parameter (2:ENUM) <- [GUIDE]
2026-04-23 16:10:38.327 DEBUG [6e055ac9] org.hibernate.SQL - 
    /* <criteria> */ select
        gp1_0.id,
        gp1_0.average_rating,
        gp1_0.bio,
        gp1_0.created_at,
        gp1_0.default_course,
        gp1_0.guide_style,
        gp1_0.is_active,
        gp1_0.is_approved,
        gp1_0.keywords,
        gp1_0.language,
        gp1_0.local_story,
        gp1_0.member_id,
        gp1_0.nickname,
        gp1_0.price_per_hour,
        gp1_0.profile_image,
        gp1_0.region,
        gp1_0.residence_years,
        gp1_0.review_count,
        gp1_0.updated_at 
    from
        guide_profiles gp1_0 
    where
        gp1_0.member_id=?
2026-04-23 16:10:38.328 TRACE [6e055ac9] org.hibernate.orm.jdbc.bind - binding parameter (1:BIGINT) <- [940027]
2026-04-23 16:10:38.333 DEBUG [6e055ac9] org.hibernate.SQL - 
    /* <criteria> */ select
        mr1_0.id,
        mr1_0.budget_max_won,
        mr1_0.budget_min_won,
        mr1_0.cancel_reason,
        mr1_0.cancelled_by,
        mr1_0.concept,
        mr1_0.concept_summary,
        mr1_0.created_at,
        mr1_0.desired_budget,
        mr1_0.desired_date,
        mr1_0.destination,
        mr1_0.guest_id,
        mr1_0.guide_id,
        mr1_0.guide_schedule_id,
        mr1_0.propose_message,
        mr1_0.proposed_schedule,
        mr1_0.status,
        mr1_0.updated_at 
    from
        match_request mr1_0 
    where
        mr1_0.guide_id=?
2026-04-23 16:10:38.334 TRACE [6e055ac9] org.hibernate.orm.jdbc.bind - binding parameter (1:BIGINT) <- [841027]
2026-04-23 16:10:38.340 INFO  [6e055ac9] c.t.a.logging.MdcLoggingFilter - [HTTP] 요청 완료 - statusCode: 200, latencyMs: 38, requestUri: /api/matching/requests/guide/list, method: GET
2026-04-23 16:10:38.533 DEBUG [59b3c196] org.hibernate.SQL - 
    select
        gp1_0.id,
        gp1_0.average_rating,
        gp1_0.bio,
        gp1_0.created_at,
        gp1_0.default_course,
        gp1_0.guide_style,
        gp1_0.is_active,
        gp1_0.is_approved,
        gp1_0.keywords,
        gp1_0.language,
        gp1_0.local_story,
        gp1_0.member_id,
        gp1_0.nickname,
        gp1_0.price_per_hour,
        gp1_0.profile_image,
        gp1_0.region,
        gp1_0.residence_years,
        gp1_0.review_count,
        gp1_0.updated_at 
    from
        guide_profiles gp1_0 
    where
        gp1_0.id=?
2026-04-23 16:10:38.539 TRACE [59b3c196] org.hibernate.orm.jdbc.bind - binding parameter (1:BIGINT) <- [841027]
2026-04-23 16:10:38.569 INFO  [59b3c196] c.t.a.logging.MdcLoggingFilter - [HTTP] 요청 완료 - statusCode: 200, latencyMs: 78, requestUri: /api/guides/841027, method: GET
2026-04-23 16:10:38.673 DEBUG [8c0abbe7] org.hibernate.SQL - 
    select
        gp1_0.id,
        gp1_0.average_rating,
        gp1_0.bio,
        gp1_0.created_at,
        gp1_0.default_course,
        gp1_0.guide_style,
        gp1_0.is_active,
        gp1_0.is_approved,
        gp1_0.keywords,
        gp1_0.language,
        gp1_0.local_story,
        gp1_0.member_id,
        gp1_0.nickname,
        gp1_0.price_per_hour,
        gp1_0.profile_image,
        gp1_0.region,
        gp1_0.residence_years,
        gp1_0.review_count,
        gp1_0.updated_at 
    from
        guide_profiles gp1_0 
    where
        gp1_0.id=?
2026-04-23 16:10:38.687 TRACE [8c0abbe7] org.hibernate.orm.jdbc.bind - binding parameter (1:BIGINT) <- [841027]
2026-04-23 16:10:38.715 INFO  [8c0abbe7] c.t.a.logging.MdcLoggingFilter - [HTTP] 요청 완료 - statusCode: 200, latencyMs: 97, requestUri: /api/guides/841027, method: GET
2026-04-23 16:10:39.945 DEBUG [17661e40] org.hibernate.SQL - 
    select
        gp1_0.id,
        gp1_0.average_rating,
        gp1_0.bio,
        gp1_0.created_at,
        gp1_0.default_course,
        gp1_0.guide_style,
        gp1_0.is_active,
        gp1_0.is_approved,
        gp1_0.keywords,
        gp1_0.language,
        gp1_0.local_story,
        gp1_0.member_id,
        gp1_0.nickname,
        gp1_0.price_per_hour,
        gp1_0.profile_image,
        gp1_0.region,
        gp1_0.residence_years,
        gp1_0.review_count,
        gp1_0.updated_at 
    from
        guide_profiles gp1_0 
    where
        gp1_0.id=?
2026-04-23 16:10:39.949 TRACE [17661e40] org.hibernate.orm.jdbc.bind - binding parameter (1:BIGINT) <- [841027]
2026-04-23 16:10:39.947 DEBUG [506ee9ff] org.hibernate.SQL - 
    select
        gp1_0.id,
        gp1_0.average_rating,
        gp1_0.bio,
        gp1_0.created_at,
        gp1_0.default_course,
        gp1_0.guide_style,
        gp1_0.is_active,
        gp1_0.is_approved,
        gp1_0.keywords,
        gp1_0.language,
        gp1_0.local_story,
        gp1_0.member_id,
        gp1_0.nickname,
        gp1_0.price_per_hour,
        gp1_0.profile_image,
        gp1_0.region,
        gp1_0.residence_years,
        gp1_0.review_count,
        gp1_0.updated_at 
    from
        guide_profiles gp1_0 
    where
        gp1_0.id=?
2026-04-23 16:10:39.951 TRACE [506ee9ff] org.hibernate.orm.jdbc.bind - binding parameter (1:BIGINT) <- [841027]
2026-04-23 16:10:39.967 DEBUG [9a6d3e29] org.hibernate.SQL - 
    /* <criteria> */ select
        r1_0.id,
        r1_0.content,
        r1_0.created_at,
        r1_0.deleted,
        r1_0.deleted_at,
        r1_0.guide_id,
        r1_0.match_request_id,
        r1_0.member_id,
        r1_0.rating,
        r1_0.updated_at 
    from
        review r1_0 
    where
        r1_0.guide_id=? 
        and not(r1_0.deleted) 
    order by
        r1_0.id desc 
    limit
        ?
2026-04-23 16:10:39.968 INFO  [17661e40] c.t.a.logging.MdcLoggingFilter - [HTTP] 요청 완료 - statusCode: 200, latencyMs: 46, requestUri: /api/guides/841027/reviews/summary, method: GET
2026-04-23 16:10:39.968 TRACE [9a6d3e29] org.hibernate.orm.jdbc.bind - binding parameter (1:BIGINT) <- [841027]
2026-04-23 16:10:39.969 TRACE [9a6d3e29] org.hibernate.orm.jdbc.bind - binding parameter (2:INTEGER) <- [10]
2026-04-23 16:10:39.973 INFO  [506ee9ff] c.t.a.logging.MdcLoggingFilter - [HTTP] 요청 완료 - statusCode: 200, latencyMs: 47, requestUri: /api/guides/841027, method: GET
2026-04-23 16:10:40.006 INFO  [9a6d3e29] c.t.a.logging.MdcLoggingFilter - [HTTP] 요청 완료 - statusCode: 200, latencyMs: 82, requestUri: /api/reviews/guide/841027, method: GET
2026-04-23 16:10:40.808 DEBUG [c90acd77] org.hibernate.SQL - 
    /* <criteria> */ select
        m1_0.id,
        m1_0.created_at,
        m1_0.email,
        m1_0.name,
        m1_0.nickname,
        m1_0.password,
        m1_0.profile_image_url,
        m1_0.role,
        m1_0.social_type,
        m1_0.status,
        m1_0.updated_at 
    from
        member m1_0 
    where
        m1_0.email=? 
        and m1_0.role=?
2026-04-23 16:10:40.811 TRACE [c90acd77] org.hibernate.orm.jdbc.bind - binding parameter (1:VARCHAR) <- [guide27@localGuest.com]
2026-04-23 16:10:40.812 TRACE [c90acd77] org.hibernate.orm.jdbc.bind - binding parameter (2:ENUM) <- [GUIDE]
2026-04-23 16:10:40.820 DEBUG [c90acd77] org.hibernate.SQL - 
    /* <criteria> */ select
        gp1_0.id,
        gp1_0.average_rating,
        gp1_0.bio,
        gp1_0.created_at,
        gp1_0.default_course,
        gp1_0.guide_style,
        gp1_0.is_active,
        gp1_0.is_approved,
        gp1_0.keywords,
        gp1_0.language,
        gp1_0.local_story,
        gp1_0.member_id,
        gp1_0.nickname,
        gp1_0.price_per_hour,
        gp1_0.profile_image,
        gp1_0.region,
        gp1_0.residence_years,
        gp1_0.review_count,
        gp1_0.updated_at 
    from
        guide_profiles gp1_0 
    where
        gp1_0.member_id=?
2026-04-23 16:10:40.825 DEBUG [9635d85d] org.hibernate.SQL - 
    /* <criteria> */ select
        gs1_0.id,
        gs1_0.available_date,
        gs1_0.course_detail,
        gs1_0.created_at,
        gs1_0.end_time,
        gs1_0.guide_message,
        gs1_0.guide_id,
        gs1_0.is_paid,
        gs1_0.match_request_id,
        gs1_0.meeting_point,
        gs1_0.start_time,
        gs1_0.status,
        gs1_0.updated_at 
    from
        guide_schedules gs1_0 
    left join
        guide_profiles gp1_0 
            on gp1_0.id=gs1_0.guide_id 
    where
        gp1_0.id=? 
    order by
        gs1_0.available_date
2026-04-23 16:10:40.825 TRACE [c90acd77] org.hibernate.orm.jdbc.bind - binding parameter (1:BIGINT) <- [940027]
2026-04-23 16:10:40.828 TRACE [9635d85d] org.hibernate.orm.jdbc.bind - binding parameter (1:BIGINT) <- [841027]
2026-04-23 16:10:40.845 DEBUG [c90acd77] org.hibernate.SQL - 
    /* <criteria> */ select
        mr1_0.id,
        mr1_0.budget_max_won,
        mr1_0.budget_min_won,
        mr1_0.cancel_reason,
        mr1_0.cancelled_by,
        mr1_0.concept,
        mr1_0.concept_summary,
        mr1_0.created_at,
        mr1_0.desired_budget,
        mr1_0.desired_date,
        mr1_0.destination,
        mr1_0.guest_id,
        mr1_0.guide_id,
        mr1_0.guide_schedule_id,
        mr1_0.propose_message,
        mr1_0.proposed_schedule,
        mr1_0.status,
        mr1_0.updated_at 
    from
        match_request mr1_0 
    where
        mr1_0.guide_id=?
2026-04-23 16:10:40.858 TRACE [c90acd77] org.hibernate.orm.jdbc.bind - binding parameter (1:BIGINT) <- [841027]
2026-04-23 16:10:40.868 INFO  [9635d85d] c.t.a.logging.MdcLoggingFilter - [HTTP] 요청 완료 - statusCode: 200, latencyMs: 60, requestUri: /api/guides/841027/schedules, method: GET
2026-04-23 16:10:40.896 INFO  [c90acd77] c.t.a.logging.MdcLoggingFilter - [HTTP] 요청 완료 - statusCode: 200, latencyMs: 98, requestUri: /api/matching/requests/guide/list, method: GET
2026-04-23 16:10:40.975 DEBUG [26283ffb] org.hibernate.SQL - 
    /* <criteria> */ select
        m1_0.id,
        m1_0.created_at,
        m1_0.email,
        m1_0.name,
        m1_0.nickname,
        m1_0.password,
        m1_0.profile_image_url,
        m1_0.role,
        m1_0.social_type,
        m1_0.status,
        m1_0.updated_at 
    from
        member m1_0 
    where
        m1_0.email=? 
        and m1_0.role=?
2026-04-23 16:10:40.984 TRACE [26283ffb] org.hibernate.orm.jdbc.bind - binding parameter (1:VARCHAR) <- [guide27@localGuest.com]
2026-04-23 16:10:40.985 TRACE [26283ffb] org.hibernate.orm.jdbc.bind - binding parameter (2:ENUM) <- [GUIDE]
2026-04-23 16:10:40.997 DEBUG [26283ffb] org.hibernate.SQL - 
    /* <criteria> */ select
        gp1_0.id,
        gp1_0.average_rating,
        gp1_0.bio,
        gp1_0.created_at,
        gp1_0.default_course,
        gp1_0.guide_style,
        gp1_0.is_active,
        gp1_0.is_approved,
        gp1_0.keywords,
        gp1_0.language,
        gp1_0.local_story,
        gp1_0.member_id,
        gp1_0.nickname,
        gp1_0.price_per_hour,
        gp1_0.profile_image,
        gp1_0.region,
        gp1_0.residence_years,
        gp1_0.review_count,
        gp1_0.updated_at 
    from
        guide_profiles gp1_0 
    where
        gp1_0.member_id=?
2026-04-23 16:10:41.003 TRACE [26283ffb] org.hibernate.orm.jdbc.bind - binding parameter (1:BIGINT) <- [940027]
2026-04-23 16:10:41.013 DEBUG [cd4e86a2] org.hibernate.SQL - 
    /* <criteria> */ select
        m1_0.id,
        m1_0.created_at,
        m1_0.email,
        m1_0.name,
        m1_0.nickname,
        m1_0.password,
        m1_0.profile_image_url,
        m1_0.role,
        m1_0.social_type,
        m1_0.status,
        m1_0.updated_at 
    from
        member m1_0 
    where
        m1_0.email=? 
        and m1_0.role=?
2026-04-23 16:10:41.016 DEBUG [8ac2fc99] org.hibernate.SQL - 
    /* <criteria> */ select
        m1_0.id,
        m1_0.created_at,
        m1_0.email,
        m1_0.name,
        m1_0.nickname,
        m1_0.password,
        m1_0.profile_image_url,
        m1_0.role,
        m1_0.social_type,
        m1_0.status,
        m1_0.updated_at 
    from
        member m1_0 
    where
        m1_0.email=? 
        and m1_0.role=?
2026-04-23 16:10:41.017 TRACE [cd4e86a2] org.hibernate.orm.jdbc.bind - binding parameter (1:VARCHAR) <- [guide27@localGuest.com]
2026-04-23 16:10:41.018 TRACE [cd4e86a2] org.hibernate.orm.jdbc.bind - binding parameter (2:ENUM) <- [GUIDE]
2026-04-23 16:10:41.018 TRACE [8ac2fc99] org.hibernate.orm.jdbc.bind - binding parameter (1:VARCHAR) <- [guide27@localGuest.com]
2026-04-23 16:10:41.021 TRACE [8ac2fc99] org.hibernate.orm.jdbc.bind - binding parameter (2:ENUM) <- [GUIDE]
2026-04-23 16:10:41.023 DEBUG [26283ffb] org.hibernate.SQL - 
    /* <criteria> */ select
        mr1_0.id,
        mr1_0.budget_max_won,
        mr1_0.budget_min_won,
        mr1_0.cancel_reason,
        mr1_0.cancelled_by,
        mr1_0.concept,
        mr1_0.concept_summary,
        mr1_0.created_at,
        mr1_0.desired_budget,
        mr1_0.desired_date,
        mr1_0.destination,
        mr1_0.guest_id,
        mr1_0.guide_id,
        mr1_0.guide_schedule_id,
        mr1_0.propose_message,
        mr1_0.proposed_schedule,
        mr1_0.status,
        mr1_0.updated_at 
    from
        match_request mr1_0 
    where
        mr1_0.guide_id=?
2026-04-23 16:10:41.026 TRACE [26283ffb] org.hibernate.orm.jdbc.bind - binding parameter (1:BIGINT) <- [841027]
2026-04-23 16:10:41.032 DEBUG [8ac2fc99] org.hibernate.SQL - 
    /* <criteria> */ select
        gp1_0.id,
        gp1_0.average_rating,
        gp1_0.bio,
        gp1_0.created_at,
        gp1_0.default_course,
        gp1_0.guide_style,
        gp1_0.is_active,
        gp1_0.is_approved,
        gp1_0.keywords,
        gp1_0.language,
        gp1_0.local_story,
        gp1_0.member_id,
        gp1_0.nickname,
        gp1_0.price_per_hour,
        gp1_0.profile_image,
        gp1_0.region,
        gp1_0.residence_years,
        gp1_0.review_count,
        gp1_0.updated_at 
    from
        guide_profiles gp1_0 
    where
        gp1_0.member_id=?
2026-04-23 16:10:41.033 DEBUG [cd4e86a2] org.hibernate.SQL - 
    /* <criteria> */ select
        gp1_0.id,
        gp1_0.average_rating,
        gp1_0.bio,
        gp1_0.created_at,
        gp1_0.default_course,
        gp1_0.guide_style,
        gp1_0.is_active,
        gp1_0.is_approved,
        gp1_0.keywords,
        gp1_0.language,
        gp1_0.local_story,
        gp1_0.member_id,
        gp1_0.nickname,
        gp1_0.price_per_hour,
        gp1_0.profile_image,
        gp1_0.region,
        gp1_0.residence_years,
        gp1_0.review_count,
        gp1_0.updated_at 
    from
        guide_profiles gp1_0 
    where
        gp1_0.member_id=?
2026-04-23 16:10:41.038 TRACE [8ac2fc99] org.hibernate.orm.jdbc.bind - binding parameter (1:BIGINT) <- [940027]
2026-04-23 16:10:41.039 TRACE [cd4e86a2] org.hibernate.orm.jdbc.bind - binding parameter (1:BIGINT) <- [940027]
2026-04-23 16:10:41.051 DEBUG [cd4e86a2] org.hibernate.SQL - 
    select
        mr1_0.id,
        mr1_0.budget_max_won,
        mr1_0.budget_min_won,
        mr1_0.cancel_reason,
        mr1_0.cancelled_by,
        mr1_0.concept,
        mr1_0.concept_summary,
        mr1_0.created_at,
        mr1_0.desired_budget,
        mr1_0.desired_date,
        mr1_0.destination,
        mr1_0.guest_id,
        mr1_0.guide_id,
        mr1_0.guide_schedule_id,
        mr1_0.propose_message,
        mr1_0.proposed_schedule,
        mr1_0.status,
        mr1_0.updated_at 
    from
        match_request mr1_0 
    where
        mr1_0.id=?
2026-04-23 16:10:41.053 TRACE [cd4e86a2] org.hibernate.orm.jdbc.bind - binding parameter (1:BIGINT) <- [862027]
2026-04-23 16:10:41.059 DEBUG [8ac2fc99] org.hibernate.SQL - 
    select
        mr1_0.id,
        mr1_0.budget_max_won,
        mr1_0.budget_min_won,
        mr1_0.cancel_reason,
        mr1_0.cancelled_by,
        mr1_0.concept,
        mr1_0.concept_summary,
        mr1_0.created_at,
        mr1_0.desired_budget,
        mr1_0.desired_date,
        mr1_0.destination,
        mr1_0.guest_id,
        mr1_0.guide_id,
        mr1_0.guide_schedule_id,
        mr1_0.propose_message,
        mr1_0.proposed_schedule,
        mr1_0.status,
        mr1_0.updated_at 
    from
        match_request mr1_0 
    where
        mr1_0.id=?
2026-04-23 16:10:41.070 TRACE [8ac2fc99] org.hibernate.orm.jdbc.bind - binding parameter (1:BIGINT) <- [862102]
2026-04-23 16:10:41.086 INFO  [26283ffb] c.t.a.logging.MdcLoggingFilter - [HTTP] 요청 완료 - statusCode: 200, latencyMs: 152, requestUri: /api/matching/requests/guide/list, method: GET
2026-04-23 16:10:41.089 DEBUG [cd4e86a2] org.hibernate.SQL - 
    /* <criteria> */ select
        te1_0.id,
        te1_0.created_at,
        te1_0.deadline_at,
        te1_0.extended_date,
        te1_0.extended_price,
        te1_0.guest_id,
        te1_0.guide_approved_at,
        te1_0.match_request_id,
        te1_0.requested_at,
        te1_0.status,
        te1_0.updated_at 
    from
        tour_extension te1_0 
    left join
        match_request mr1_0 
            on mr1_0.id=te1_0.match_request_id 
    where
        mr1_0.id=?
2026-04-23 16:10:41.100 DEBUG [8ac2fc99] org.hibernate.SQL - 
    /* <criteria> */ select
        te1_0.id,
        te1_0.created_at,
        te1_0.deadline_at,
        te1_0.extended_date,
        te1_0.extended_price,
        te1_0.guest_id,
        te1_0.guide_approved_at,
        te1_0.match_request_id,
        te1_0.requested_at,
        te1_0.status,
        te1_0.updated_at 
    from
        tour_extension te1_0 
    left join
        match_request mr1_0 
            on mr1_0.id=te1_0.match_request_id 
    where
        mr1_0.id=?
2026-04-23 16:10:41.124 TRACE [cd4e86a2] org.hibernate.orm.jdbc.bind - binding parameter (1:BIGINT) <- [862027]
2026-04-23 16:10:41.126 TRACE [8ac2fc99] org.hibernate.orm.jdbc.bind - binding parameter (1:BIGINT) <- [862102]
2026-04-23 16:10:41.148 INFO  [cd4e86a2] c.t.a.logging.MdcLoggingFilter - [HTTP] 요청 완료 - statusCode: 204, latencyMs: 191, requestUri: /api/matching/extensions/862027, method: GET
2026-04-23 16:10:41.160 DEBUG [9b8d35cc] org.hibernate.SQL - 
    /* <criteria> */ select
        m1_0.id,
        m1_0.created_at,
        m1_0.email,
        m1_0.name,
        m1_0.nickname,
        m1_0.password,
        m1_0.profile_image_url,
        m1_0.role,
        m1_0.social_type,
        m1_0.status,
        m1_0.updated_at 
    from
        member m1_0 
    where
        m1_0.email=? 
        and m1_0.role=?
2026-04-23 16:10:41.169 INFO  [8ac2fc99] c.t.a.logging.MdcLoggingFilter - [HTTP] 요청 완료 - statusCode: 204, latencyMs: 209, requestUri: /api/matching/extensions/862102, method: GET
2026-04-23 16:10:41.169 TRACE [9b8d35cc] org.hibernate.orm.jdbc.bind - binding parameter (1:VARCHAR) <- [guide27@localGuest.com]
2026-04-23 16:10:41.172 TRACE [9b8d35cc] org.hibernate.orm.jdbc.bind - binding parameter (2:ENUM) <- [GUIDE]
2026-04-23 16:10:41.197 DEBUG [9b8d35cc] org.hibernate.SQL - 
    /* <criteria> */ select
        gp1_0.id,
        gp1_0.average_rating,
        gp1_0.bio,
        gp1_0.created_at,
        gp1_0.default_course,
        gp1_0.guide_style,
        gp1_0.is_active,
        gp1_0.is_approved,
        gp1_0.keywords,
        gp1_0.language,
        gp1_0.local_story,
        gp1_0.member_id,
        gp1_0.nickname,
        gp1_0.price_per_hour,
        gp1_0.profile_image,
        gp1_0.region,
        gp1_0.residence_years,
        gp1_0.review_count,
        gp1_0.updated_at 
    from
        guide_profiles gp1_0 
    where
        gp1_0.member_id=?
2026-04-23 16:10:41.206 TRACE [9b8d35cc] org.hibernate.orm.jdbc.bind - binding parameter (1:BIGINT) <- [940027]
2026-04-23 16:10:41.254 DEBUG [9b8d35cc] org.hibernate.SQL - 
    /* <criteria> */ select
        mr1_0.id,
        mr1_0.budget_max_won,
        mr1_0.budget_min_won,
        mr1_0.cancel_reason,
        mr1_0.cancelled_by,
        mr1_0.concept,
        mr1_0.concept_summary,
        mr1_0.created_at,
        mr1_0.desired_budget,
        mr1_0.desired_date,
        mr1_0.destination,
        mr1_0.guest_id,
        mr1_0.guide_id,
        mr1_0.guide_schedule_id,
        mr1_0.propose_message,
        mr1_0.proposed_schedule,
        mr1_0.status,
        mr1_0.updated_at 
    from
        match_request mr1_0 
    where
        mr1_0.guide_id=?
2026-04-23 16:10:41.264 TRACE [9b8d35cc] org.hibernate.orm.jdbc.bind - binding parameter (1:BIGINT) <- [841027]
2026-04-23 16:10:41.331 DEBUG [0e159da8] org.hibernate.SQL - 
    /* <criteria> */ select
        m1_0.id,
        m1_0.created_at,
        m1_0.email,
        m1_0.name,
        m1_0.nickname,
        m1_0.password,
        m1_0.profile_image_url,
        m1_0.role,
        m1_0.social_type,
        m1_0.status,
        m1_0.updated_at 
    from
        member m1_0 
    where
        m1_0.email=? 
        and m1_0.role=?
2026-04-23 16:10:41.344 TRACE [0e159da8] org.hibernate.orm.jdbc.bind - binding parameter (1:VARCHAR) <- [guide27@localGuest.com]
2026-04-23 16:10:41.346 TRACE [0e159da8] org.hibernate.orm.jdbc.bind - binding parameter (2:ENUM) <- [GUIDE]
2026-04-23 16:10:41.368 DEBUG [c238841f] org.hibernate.SQL - 
    /* <criteria> */ select
        m1_0.id,
        m1_0.created_at,
        m1_0.email,
        m1_0.name,
        m1_0.nickname,
        m1_0.password,
        m1_0.profile_image_url,
        m1_0.role,
        m1_0.social_type,
        m1_0.status,
        m1_0.updated_at 
    from
        member m1_0 
    where
        m1_0.email=? 
        and m1_0.role=?
2026-04-23 16:10:41.345 INFO  [9b8d35cc] c.t.a.logging.MdcLoggingFilter - [HTTP] 요청 완료 - statusCode: 200, latencyMs: 226, requestUri: /api/matching/requests/guide/list, method: GET
2026-04-23 16:10:41.450 DEBUG [17d77df5] org.hibernate.SQL - 
    /* <criteria> */ select
        m1_0.id,
        m1_0.created_at,
        m1_0.email,
        m1_0.name,
        m1_0.nickname,
        m1_0.password,
        m1_0.profile_image_url,
        m1_0.role,
        m1_0.social_type,
        m1_0.status,
        m1_0.updated_at 
    from
        member m1_0 
    where
        m1_0.email=? 
        and m1_0.role=?
2026-04-23 16:10:41.477 TRACE [c238841f] org.hibernate.orm.jdbc.bind - binding parameter (1:VARCHAR) <- [guide27@localGuest.com]
2026-04-23 16:10:41.481 TRACE [c238841f] org.hibernate.orm.jdbc.bind - binding parameter (2:ENUM) <- [GUIDE]
2026-04-23 16:10:41.483 TRACE [17d77df5] org.hibernate.orm.jdbc.bind - binding parameter (1:VARCHAR) <- [guide27@localGuest.com]
2026-04-23 16:10:41.487 TRACE [17d77df5] org.hibernate.orm.jdbc.bind - binding parameter (2:ENUM) <- [GUIDE]
2026-04-23 16:10:41.496 DEBUG [0e159da8] org.hibernate.SQL - 
    /* <criteria> */ select
        gp1_0.id,
        gp1_0.average_rating,
        gp1_0.bio,
        gp1_0.created_at,
        gp1_0.default_course,
        gp1_0.guide_style,
        gp1_0.is_active,
        gp1_0.is_approved,
        gp1_0.keywords,
        gp1_0.language,
        gp1_0.local_story,
        gp1_0.member_id,
        gp1_0.nickname,
        gp1_0.price_per_hour,
        gp1_0.profile_image,
        gp1_0.region,
        gp1_0.residence_years,
        gp1_0.review_count,
        gp1_0.updated_at 
    from
        guide_profiles gp1_0 
    where
        gp1_0.member_id=?
2026-04-23 16:10:41.496 DEBUG [c238841f] org.hibernate.SQL - 
    /* <criteria> */ select
        gp1_0.id,
        gp1_0.average_rating,
        gp1_0.bio,
        gp1_0.created_at,
        gp1_0.default_course,
        gp1_0.guide_style,
        gp1_0.is_active,
        gp1_0.is_approved,
        gp1_0.keywords,
        gp1_0.language,
        gp1_0.local_story,
        gp1_0.member_id,
        gp1_0.nickname,
        gp1_0.price_per_hour,
        gp1_0.profile_image,
        gp1_0.region,
        gp1_0.residence_years,
        gp1_0.review_count,
        gp1_0.updated_at 
    from
        guide_profiles gp1_0 
    where
        gp1_0.member_id=?
2026-04-23 16:10:41.507 DEBUG [17d77df5] org.hibernate.SQL - 
    /* <criteria> */ select
        gp1_0.id,
        gp1_0.average_rating,
        gp1_0.bio,
        gp1_0.created_at,
        gp1_0.default_course,
        gp1_0.guide_style,
        gp1_0.is_active,
        gp1_0.is_approved,
        gp1_0.keywords,
        gp1_0.language,
        gp1_0.local_story,
        gp1_0.member_id,
        gp1_0.nickname,
        gp1_0.price_per_hour,
        gp1_0.profile_image,
        gp1_0.region,
        gp1_0.residence_years,
        gp1_0.review_count,
        gp1_0.updated_at 
    from
        guide_profiles gp1_0 
    where
        gp1_0.member_id=?
2026-04-23 16:10:41.571 TRACE [0e159da8] org.hibernate.orm.jdbc.bind - binding parameter (1:BIGINT) <- [940027]
2026-04-23 16:10:41.571 TRACE [c238841f] org.hibernate.orm.jdbc.bind - binding parameter (1:BIGINT) <- [940027]
2026-04-23 16:10:41.572 TRACE [17d77df5] org.hibernate.orm.jdbc.bind - binding parameter (1:BIGINT) <- [940027]
2026-04-23 16:10:41.586 DEBUG [c238841f] org.hibernate.SQL - 
    select
        mr1_0.id,
        mr1_0.budget_max_won,
        mr1_0.budget_min_won,
        mr1_0.cancel_reason,
        mr1_0.cancelled_by,
        mr1_0.concept,
        mr1_0.concept_summary,
        mr1_0.created_at,
        mr1_0.desired_budget,
        mr1_0.desired_date,
        mr1_0.destination,
        mr1_0.guest_id,
        mr1_0.guide_id,
        mr1_0.guide_schedule_id,
        mr1_0.propose_message,
        mr1_0.proposed_schedule,
        mr1_0.status,
        mr1_0.updated_at 
    from
        match_request mr1_0 
    where
        mr1_0.id=?
2026-04-23 16:10:41.589 TRACE [c238841f] org.hibernate.orm.jdbc.bind - binding parameter (1:BIGINT) <- [862102]
2026-04-23 16:10:41.599 DEBUG [0e159da8] org.hibernate.SQL - 
    select
        mr1_0.id,
        mr1_0.budget_max_won,
        mr1_0.budget_min_won,
        mr1_0.cancel_reason,
        mr1_0.cancelled_by,
        mr1_0.concept,
        mr1_0.concept_summary,
        mr1_0.created_at,
        mr1_0.desired_budget,
        mr1_0.desired_date,
        mr1_0.destination,
        mr1_0.guest_id,
        mr1_0.guide_id,
        mr1_0.guide_schedule_id,
        mr1_0.propose_message,
        mr1_0.proposed_schedule,
        mr1_0.status,
        mr1_0.updated_at 
    from
        match_request mr1_0 
    where
        mr1_0.id=?
2026-04-23 16:10:41.609 DEBUG [17d77df5] org.hibernate.SQL - 
    /* <criteria> */ select
        mr1_0.id,
        mr1_0.budget_max_won,
        mr1_0.budget_min_won,
        mr1_0.cancel_reason,
        mr1_0.cancelled_by,
        mr1_0.concept,
        mr1_0.concept_summary,
        mr1_0.created_at,
        mr1_0.desired_budget,
        mr1_0.desired_date,
        mr1_0.destination,
        mr1_0.guest_id,
        mr1_0.guide_id,
        mr1_0.guide_schedule_id,
        mr1_0.propose_message,
        mr1_0.proposed_schedule,
        mr1_0.status,
        mr1_0.updated_at 
    from
        match_request mr1_0 
    where
        mr1_0.guide_id=?
2026-04-23 16:10:41.616 DEBUG [c238841f] org.hibernate.SQL - 
    /* <criteria> */ select
        te1_0.id,
        te1_0.created_at,
        te1_0.deadline_at,
        te1_0.extended_date,
        te1_0.extended_price,
        te1_0.guest_id,
        te1_0.guide_approved_at,
        te1_0.match_request_id,
        te1_0.requested_at,
        te1_0.status,
        te1_0.updated_at 
    from
        tour_extension te1_0 
    left join
        match_request mr1_0 
            on mr1_0.id=te1_0.match_request_id 
    where
        mr1_0.id=?
2026-04-23 16:10:41.649 TRACE [0e159da8] org.hibernate.orm.jdbc.bind - binding parameter (1:BIGINT) <- [862027]
2026-04-23 16:10:41.649 TRACE [17d77df5] org.hibernate.orm.jdbc.bind - binding parameter (1:BIGINT) <- [841027]
2026-04-23 16:10:41.649 TRACE [c238841f] org.hibernate.orm.jdbc.bind - binding parameter (1:BIGINT) <- [862102]
2026-04-23 16:10:41.674 DEBUG [0e159da8] org.hibernate.SQL - 
    /* <criteria> */ select
        te1_0.id,
        te1_0.created_at,
        te1_0.deadline_at,
        te1_0.extended_date,
        te1_0.extended_price,
        te1_0.guest_id,
        te1_0.guide_approved_at,
        te1_0.match_request_id,
        te1_0.requested_at,
        te1_0.status,
        te1_0.updated_at 
    from
        tour_extension te1_0 
    left join
        match_request mr1_0 
            on mr1_0.id=te1_0.match_request_id 
    where
        mr1_0.id=?
2026-04-23 16:10:41.681 TRACE [0e159da8] org.hibernate.orm.jdbc.bind - binding parameter (1:BIGINT) <- [862027]
2026-04-23 16:10:41.691 INFO  [c238841f] c.t.a.logging.MdcLoggingFilter - [HTTP] 요청 완료 - statusCode: 204, latencyMs: 424, requestUri: /api/matching/extensions/862102, method: GET
2026-04-23 16:10:41.692 INFO  [17d77df5] c.t.a.logging.MdcLoggingFilter - [HTTP] 요청 완료 - statusCode: 200, latencyMs: 308, requestUri: /api/matching/requests/guide/list, method: GET
2026-04-23 16:10:41.720 INFO  [0e159da8] c.t.a.logging.MdcLoggingFilter - [HTTP] 요청 완료 - statusCode: 204, latencyMs: 497, requestUri: /api/matching/extensions/862027, method: GET
2026-04-23 16:10:43.449 DEBUG [2dff2be1] org.hibernate.SQL - 
    select
        gp1_0.id,
        gp1_0.average_rating,
        gp1_0.bio,
        gp1_0.created_at,
        gp1_0.default_course,
        gp1_0.guide_style,
        gp1_0.is_active,
        gp1_0.is_approved,
        gp1_0.keywords,
        gp1_0.language,
        gp1_0.local_story,
        gp1_0.member_id,
        gp1_0.nickname,
        gp1_0.price_per_hour,
        gp1_0.profile_image,
        gp1_0.region,
        gp1_0.residence_years,
        gp1_0.review_count,
        gp1_0.updated_at 
    from
        guide_profiles gp1_0 
    where
        gp1_0.id=?
2026-04-23 16:10:43.454 TRACE [2dff2be1] org.hibernate.orm.jdbc.bind - binding parameter (1:BIGINT) <- [841027]
2026-04-23 16:10:43.539 INFO  [2dff2be1] c.t.a.logging.MdcLoggingFilter - [HTTP] 요청 완료 - statusCode: 200, latencyMs: 169, requestUri: /api/guides/841027, method: GET
2026-04-23 16:10:43.635 DEBUG [3fd9e26a] org.hibernate.SQL - 
    select
        gp1_0.id,
        gp1_0.average_rating,
        gp1_0.bio,
        gp1_0.created_at,
        gp1_0.default_course,
        gp1_0.guide_style,
        gp1_0.is_active,
        gp1_0.is_approved,
        gp1_0.keywords,
        gp1_0.language,
        gp1_0.local_story,
        gp1_0.member_id,
        gp1_0.nickname,
        gp1_0.price_per_hour,
        gp1_0.profile_image,
        gp1_0.region,
        gp1_0.residence_years,
        gp1_0.review_count,
        gp1_0.updated_at 
    from
        guide_profiles gp1_0 
    where
        gp1_0.id=?
2026-04-23 16:10:43.642 TRACE [3fd9e26a] org.hibernate.orm.jdbc.bind - binding parameter (1:BIGINT) <- [841027]
2026-04-23 16:10:43.767 INFO  [3fd9e26a] c.t.a.logging.MdcLoggingFilter - [HTTP] 요청 완료 - statusCode: 200, latencyMs: 178, requestUri: /api/guides/841027, method: GET
2026-04-23 16:10:47.610 DEBUG [45bf78cb] org.hibernate.SQL - 
    /* <criteria> */ select
        m1_0.id,
        m1_0.created_at,
        m1_0.email,
        m1_0.name,
        m1_0.nickname,
        m1_0.password,
        m1_0.profile_image_url,
        m1_0.role,
        m1_0.social_type,
        m1_0.status,
        m1_0.updated_at 
    from
        member m1_0 
    where
        m1_0.email=? 
        and m1_0.role=?
2026-04-23 16:10:47.621 TRACE [45bf78cb] org.hibernate.orm.jdbc.bind - binding parameter (1:VARCHAR) <- [guide27@localGuest.com]
2026-04-23 16:10:47.621 TRACE [45bf78cb] org.hibernate.orm.jdbc.bind - binding parameter (2:ENUM) <- [GUIDE]
2026-04-23 16:10:47.637 DEBUG [45bf78cb] org.hibernate.SQL - 
    /* <criteria> */ select
        gp1_0.id,
        gp1_0.average_rating,
        gp1_0.bio,
        gp1_0.created_at,
        gp1_0.default_course,
        gp1_0.guide_style,
        gp1_0.is_active,
        gp1_0.is_approved,
        gp1_0.keywords,
        gp1_0.language,
        gp1_0.local_story,
        gp1_0.member_id,
        gp1_0.nickname,
        gp1_0.price_per_hour,
        gp1_0.profile_image,
        gp1_0.region,
        gp1_0.residence_years,
        gp1_0.review_count,
        gp1_0.updated_at 
    from
        guide_profiles gp1_0 
    where
        gp1_0.member_id=?
2026-04-23 16:10:47.641 TRACE [45bf78cb] org.hibernate.orm.jdbc.bind - binding parameter (1:BIGINT) <- [940027]
2026-04-23 16:10:47.658 DEBUG [45bf78cb] org.hibernate.SQL - 
    /* <criteria> */ select
        mr1_0.id,
        mr1_0.budget_max_won,
        mr1_0.budget_min_won,
        mr1_0.cancel_reason,
        mr1_0.cancelled_by,
        mr1_0.concept,
        mr1_0.concept_summary,
        mr1_0.created_at,
        mr1_0.desired_budget,
        mr1_0.desired_date,
        mr1_0.destination,
        mr1_0.guest_id,
        mr1_0.guide_id,
        mr1_0.guide_schedule_id,
        mr1_0.propose_message,
        mr1_0.proposed_schedule,
        mr1_0.status,
        mr1_0.updated_at 
    from
        match_request mr1_0 
    where
        mr1_0.guide_id=?
2026-04-23 16:10:47.665 TRACE [45bf78cb] org.hibernate.orm.jdbc.bind - binding parameter (1:BIGINT) <- [841027]
2026-04-23 16:10:47.722 INFO  [45bf78cb] c.t.a.logging.MdcLoggingFilter - [HTTP] 요청 완료 - statusCode: 200, latencyMs: 157, requestUri: /api/matching/requests/guide/list, method: GET
2026-04-23 16:10:55.057 DEBUG [4cddf5b5] org.hibernate.SQL - 
    select
        gp1_0.id,
        gp1_0.average_rating,
        gp1_0.bio,
        gp1_0.created_at,
        gp1_0.default_course,
        gp1_0.guide_style,
        gp1_0.is_active,
        gp1_0.is_approved,
        gp1_0.keywords,
        gp1_0.language,
        gp1_0.local_story,
        gp1_0.member_id,
        gp1_0.nickname,
        gp1_0.price_per_hour,
        gp1_0.profile_image,
        gp1_0.region,
        gp1_0.residence_years,
        gp1_0.review_count,
        gp1_0.updated_at 
    from
        guide_profiles gp1_0 
    where
        gp1_0.id=?
2026-04-23 16:10:55.062 TRACE [4cddf5b5] org.hibernate.orm.jdbc.bind - binding parameter (1:BIGINT) <- [841027]
2026-04-23 16:10:55.100 INFO  [4cddf5b5] c.t.a.logging.MdcLoggingFilter - [HTTP] 요청 완료 - statusCode: 200, latencyMs: 79, requestUri: /api/guides/841027, method: GET
2026-04-23 16:10:55.185 DEBUG [a485fc44] org.hibernate.SQL - 
    select
        gp1_0.id,
        gp1_0.average_rating,
        gp1_0.bio,
        gp1_0.created_at,
        gp1_0.default_course,
        gp1_0.guide_style,
        gp1_0.is_active,
        gp1_0.is_approved,
        gp1_0.keywords,
        gp1_0.language,
        gp1_0.local_story,
        gp1_0.member_id,
        gp1_0.nickname,
        gp1_0.price_per_hour,
        gp1_0.profile_image,
        gp1_0.region,
        gp1_0.residence_years,
        gp1_0.review_count,
        gp1_0.updated_at 
    from
        guide_profiles gp1_0 
    where
        gp1_0.id=?
2026-04-23 16:10:55.190 TRACE [a485fc44] org.hibernate.orm.jdbc.bind - binding parameter (1:BIGINT) <- [841027]
2026-04-23 16:10:55.213 INFO  [a485fc44] c.t.a.logging.MdcLoggingFilter - [HTTP] 요청 완료 - statusCode: 200, latencyMs: 60, requestUri: /api/guides/841027, method: GET
2026-04-23 16:10:56.065 DEBUG [e0356d1c] org.hibernate.SQL - 
    /* <criteria> */ select
        m1_0.id,
        m1_0.created_at,
        m1_0.email,
        m1_0.name,
        m1_0.nickname,
        m1_0.password,
        m1_0.profile_image_url,
        m1_0.role,
        m1_0.social_type,
        m1_0.status,
        m1_0.updated_at 
    from
        member m1_0 
    where
        m1_0.email=? 
        and m1_0.role=?
2026-04-23 16:10:56.074 TRACE [e0356d1c] org.hibernate.orm.jdbc.bind - binding parameter (1:VARCHAR) <- [guide27@localGuest.com]
2026-04-23 16:10:56.075 TRACE [e0356d1c] org.hibernate.orm.jdbc.bind - binding parameter (2:ENUM) <- [GUIDE]
2026-04-23 16:10:56.082 DEBUG [36deb18e] org.hibernate.SQL - 
    /* <criteria> */ select
        m1_0.id,
        m1_0.created_at,
        m1_0.email,
        m1_0.name,
        m1_0.nickname,
        m1_0.password,
        m1_0.profile_image_url,
        m1_0.role,
        m1_0.social_type,
        m1_0.status,
        m1_0.updated_at 
    from
        member m1_0 
    where
        m1_0.email=? 
        and m1_0.role=?
2026-04-23 16:10:56.096 TRACE [36deb18e] org.hibernate.orm.jdbc.bind - binding parameter (1:VARCHAR) <- [guide27@localGuest.com]
2026-04-23 16:10:56.099 TRACE [36deb18e] org.hibernate.orm.jdbc.bind - binding parameter (2:ENUM) <- [GUIDE]
2026-04-23 16:10:56.103 DEBUG [e0356d1c] org.hibernate.SQL - 
    select
        gp1_0.id,
        gp1_0.average_rating,
        gp1_0.bio,
        gp1_0.created_at,
        gp1_0.default_course,
        gp1_0.guide_style,
        gp1_0.is_active,
        gp1_0.is_approved,
        gp1_0.keywords,
        gp1_0.language,
        gp1_0.local_story,
        gp1_0.member_id,
        gp1_0.nickname,
        gp1_0.price_per_hour,
        gp1_0.profile_image,
        gp1_0.region,
        gp1_0.residence_years,
        gp1_0.review_count,
        gp1_0.updated_at 
    from
        guide_profiles gp1_0 
    where
        gp1_0.id=?
2026-04-23 16:10:56.105 TRACE [e0356d1c] org.hibernate.orm.jdbc.bind - binding parameter (1:BIGINT) <- [841027]
2026-04-23 16:10:56.114 DEBUG [36deb18e] org.hibernate.SQL - 
    /* <criteria> */ select
        gp1_0.id,
        gp1_0.average_rating,
        gp1_0.bio,
        gp1_0.created_at,
        gp1_0.default_course,
        gp1_0.guide_style,
        gp1_0.is_active,
        gp1_0.is_approved,
        gp1_0.keywords,
        gp1_0.language,
        gp1_0.local_story,
        gp1_0.member_id,
        gp1_0.nickname,
        gp1_0.price_per_hour,
        gp1_0.profile_image,
        gp1_0.region,
        gp1_0.residence_years,
        gp1_0.review_count,
        gp1_0.updated_at 
    from
        guide_profiles gp1_0 
    where
        gp1_0.member_id=?
2026-04-23 16:10:56.123 DEBUG [e0356d1c] org.hibernate.SQL - 
    /* <criteria> */ select
        p1_0.id,
        p1_0.amount,
        p1_0.created_at,
        p1_0.match_request_id,
        p1_0.paid_at,
        p1_0.payer_id,
        p1_0.payment_type,
        p1_0.pg_order_no,
        p1_0.pg_transaction_id,
        p1_0.refund_deadline,
        p1_0.status,
        p1_0.updated_at 
    from
        payment p1_0 
    left join
        match_request mr1_0 
            on mr1_0.id=p1_0.match_request_id 
    where
        mr1_0.guide_id=? 
        and p1_0.status=?
2026-04-23 16:10:56.124 TRACE [36deb18e] org.hibernate.orm.jdbc.bind - binding parameter (1:BIGINT) <- [940027]
2026-04-23 16:10:56.127 TRACE [e0356d1c] org.hibernate.orm.jdbc.bind - binding parameter (1:BIGINT) <- [841027]
2026-04-23 16:10:56.127 DEBUG [53c3d002] org.hibernate.SQL - 
    select
        gp1_0.id,
        gp1_0.average_rating,
        gp1_0.bio,
        gp1_0.created_at,
        gp1_0.default_course,
        gp1_0.guide_style,
        gp1_0.is_active,
        gp1_0.is_approved,
        gp1_0.keywords,
        gp1_0.language,
        gp1_0.local_story,
        gp1_0.member_id,
        gp1_0.nickname,
        gp1_0.price_per_hour,
        gp1_0.profile_image,
        gp1_0.region,
        gp1_0.residence_years,
        gp1_0.review_count,
        gp1_0.updated_at 
    from
        guide_profiles gp1_0 
    where
        gp1_0.id=?
2026-04-23 16:10:56.129 TRACE [e0356d1c] org.hibernate.orm.jdbc.bind - binding parameter (2:ENUM) <- [COMPLETED]
2026-04-23 16:10:56.133 TRACE [53c3d002] org.hibernate.orm.jdbc.bind - binding parameter (1:BIGINT) <- [841027]
2026-04-23 16:10:56.149 DEBUG [36deb18e] org.hibernate.SQL - 
    /* <criteria> */ select
        mr1_0.id,
        mr1_0.budget_max_won,
        mr1_0.budget_min_won,
        mr1_0.cancel_reason,
        mr1_0.cancelled_by,
        mr1_0.concept,
        mr1_0.concept_summary,
        mr1_0.created_at,
        mr1_0.desired_budget,
        mr1_0.desired_date,
        mr1_0.destination,
        mr1_0.guest_id,
        mr1_0.guide_id,
        mr1_0.guide_schedule_id,
        mr1_0.propose_message,
        mr1_0.proposed_schedule,
        mr1_0.status,
        mr1_0.updated_at 
    from
        match_request mr1_0 
    where
        mr1_0.guide_id=?
2026-04-23 16:10:56.153 TRACE [36deb18e] org.hibernate.orm.jdbc.bind - binding parameter (1:BIGINT) <- [841027]
2026-04-23 16:10:56.161 INFO  [53c3d002] c.t.a.logging.MdcLoggingFilter - [HTTP] 요청 완료 - statusCode: 200, latencyMs: 78, requestUri: /api/guides/841027, method: GET
2026-04-23 16:10:56.166 INFO  [e0356d1c] c.t.a.logging.MdcLoggingFilter - [HTTP] 요청 완료 - statusCode: 200, latencyMs: 171, requestUri: /api/guides/841027/settlement/expected, method: GET
2026-04-23 16:10:56.199 INFO  [36deb18e] c.t.a.logging.MdcLoggingFilter - [HTTP] 요청 완료 - statusCode: 200, latencyMs: 179, requestUri: /api/matching/requests/guide/list, method: GET
2026-04-23 16:10:56.321 DEBUG [06229d0b] org.hibernate.SQL - 
    /* <criteria> */ select
        m1_0.id,
        m1_0.created_at,
        m1_0.email,
        m1_0.name,
        m1_0.nickname,
        m1_0.password,
        m1_0.profile_image_url,
        m1_0.role,
        m1_0.social_type,
        m1_0.status,
        m1_0.updated_at 
    from
        member m1_0 
    where
        m1_0.email=? 
        and m1_0.role=?
2026-04-23 16:10:56.340 TRACE [06229d0b] org.hibernate.orm.jdbc.bind - binding parameter (1:VARCHAR) <- [guide27@localGuest.com]
2026-04-23 16:10:56.346 TRACE [06229d0b] org.hibernate.orm.jdbc.bind - binding parameter (2:ENUM) <- [GUIDE]
2026-04-23 16:10:56.385 DEBUG [b6cc97f9] org.hibernate.SQL - 
    /* <criteria> */ select
        m1_0.id,
        m1_0.created_at,
        m1_0.email,
        m1_0.name,
        m1_0.nickname,
        m1_0.password,
        m1_0.profile_image_url,
        m1_0.role,
        m1_0.social_type,
        m1_0.status,
        m1_0.updated_at 
    from
        member m1_0 
    where
        m1_0.email=? 
        and m1_0.role=?
2026-04-23 16:10:56.390 DEBUG [06229d0b] org.hibernate.SQL - 
    select
        gp1_0.id,
        gp1_0.average_rating,
        gp1_0.bio,
        gp1_0.created_at,
        gp1_0.default_course,
        gp1_0.guide_style,
        gp1_0.is_active,
        gp1_0.is_approved,
        gp1_0.keywords,
        gp1_0.language,
        gp1_0.local_story,
        gp1_0.member_id,
        gp1_0.nickname,
        gp1_0.price_per_hour,
        gp1_0.profile_image,
        gp1_0.region,
        gp1_0.residence_years,
        gp1_0.review_count,
        gp1_0.updated_at 
    from
        guide_profiles gp1_0 
    where
        gp1_0.id=?
2026-04-23 16:10:56.395 TRACE [b6cc97f9] org.hibernate.orm.jdbc.bind - binding parameter (1:VARCHAR) <- [guide27@localGuest.com]
2026-04-23 16:10:56.400 TRACE [b6cc97f9] org.hibernate.orm.jdbc.bind - binding parameter (2:ENUM) <- [GUIDE]
2026-04-23 16:10:56.400 TRACE [06229d0b] org.hibernate.orm.jdbc.bind - binding parameter (1:BIGINT) <- [841027]
2026-04-23 16:10:56.415 DEBUG [b6cc97f9] org.hibernate.SQL - 
    /* <criteria> */ select
        gp1_0.id,
        gp1_0.average_rating,
        gp1_0.bio,
        gp1_0.created_at,
        gp1_0.default_course,
        gp1_0.guide_style,
        gp1_0.is_active,
        gp1_0.is_approved,
        gp1_0.keywords,
        gp1_0.language,
        gp1_0.local_story,
        gp1_0.member_id,
        gp1_0.nickname,
        gp1_0.price_per_hour,
        gp1_0.profile_image,
        gp1_0.region,
        gp1_0.residence_years,
        gp1_0.review_count,
        gp1_0.updated_at 
    from
        guide_profiles gp1_0 
    where
        gp1_0.member_id=?
2026-04-23 16:10:56.416 TRACE [b6cc97f9] org.hibernate.orm.jdbc.bind - binding parameter (1:BIGINT) <- [940027]
2026-04-23 16:10:56.417 DEBUG [06229d0b] org.hibernate.SQL - 
    /* <criteria> */ select
        p1_0.id,
        p1_0.amount,
        p1_0.created_at,
        p1_0.match_request_id,
        p1_0.paid_at,
        p1_0.payer_id,
        p1_0.payment_type,
        p1_0.pg_order_no,
        p1_0.pg_transaction_id,
        p1_0.refund_deadline,
        p1_0.status,
        p1_0.updated_at 
    from
        payment p1_0 
    left join
        match_request mr1_0 
            on mr1_0.id=p1_0.match_request_id 
    where
        mr1_0.guide_id=? 
        and p1_0.status=?
2026-04-23 16:10:56.421 TRACE [06229d0b] org.hibernate.orm.jdbc.bind - binding parameter (1:BIGINT) <- [841027]
2026-04-23 16:10:56.422 TRACE [06229d0b] org.hibernate.orm.jdbc.bind - binding parameter (2:ENUM) <- [COMPLETED]
2026-04-23 16:10:56.449 DEBUG [b6cc97f9] org.hibernate.SQL - 
    /* <criteria> */ select
        mr1_0.id,
        mr1_0.budget_max_won,
        mr1_0.budget_min_won,
        mr1_0.cancel_reason,
        mr1_0.cancelled_by,
        mr1_0.concept,
        mr1_0.concept_summary,
        mr1_0.created_at,
        mr1_0.desired_budget,
        mr1_0.desired_date,
        mr1_0.destination,
        mr1_0.guest_id,
        mr1_0.guide_id,
        mr1_0.guide_schedule_id,
        mr1_0.propose_message,
        mr1_0.proposed_schedule,
        mr1_0.status,
        mr1_0.updated_at 
    from
        match_request mr1_0 
    where
        mr1_0.guide_id=?
2026-04-23 16:10:56.452 TRACE [b6cc97f9] org.hibernate.orm.jdbc.bind - binding parameter (1:BIGINT) <- [841027]
2026-04-23 16:10:56.461 INFO  [06229d0b] c.t.a.logging.MdcLoggingFilter - [HTTP] 요청 완료 - statusCode: 200, latencyMs: 239, requestUri: /api/guides/841027/settlement/expected, method: GET
2026-04-23 16:10:56.522 INFO  [b6cc97f9] c.t.a.logging.MdcLoggingFilter - [HTTP] 요청 완료 - statusCode: 200, latencyMs: 254, requestUri: /api/matching/requests/guide/list, method: GET
2026-04-23 16:11:00.032 DEBUG [] org.hibernate.SQL - 
    /* <criteria> */ select
        te1_0.id,
        te1_0.created_at,
        te1_0.deadline_at,
        te1_0.extended_date,
        te1_0.extended_price,
        te1_0.guest_id,
        te1_0.guide_approved_at,
        te1_0.match_request_id,
        te1_0.requested_at,
        te1_0.status,
        te1_0.updated_at 
    from
        tour_extension te1_0 
    where
        te1_0.status=? 
        and te1_0.deadline_at<?
2026-04-23 16:11:00.034 TRACE [] org.hibernate.orm.jdbc.bind - binding parameter (1:ENUM) <- [REQUESTED]
2026-04-23 16:11:00.036 TRACE [] org.hibernate.orm.jdbc.bind - binding parameter (2:TIMESTAMP) <- [2026-04-23T16:11:00.023920400]
2026-04-23 16:11:24.389 DEBUG [b1c9717e] org.hibernate.SQL - 
    /* <criteria> */ select
        m1_0.id,
        m1_0.created_at,
        m1_0.email,
        m1_0.name,
        m1_0.nickname,
        m1_0.password,
        m1_0.profile_image_url,
        m1_0.role,
        m1_0.social_type,
        m1_0.status,
        m1_0.updated_at 
    from
        member m1_0 
    where
        m1_0.email=? 
        and m1_0.role=?
2026-04-23 16:11:24.397 TRACE [b1c9717e] org.hibernate.orm.jdbc.bind - binding parameter (1:VARCHAR) <- [guide27@localGuest.com]
2026-04-23 16:11:24.398 TRACE [b1c9717e] org.hibernate.orm.jdbc.bind - binding parameter (2:ENUM) <- [GUIDE]
2026-04-23 16:11:24.421 DEBUG [b1c9717e] org.hibernate.SQL - 
    /* <criteria> */ select
        gp1_0.id,
        gp1_0.average_rating,
        gp1_0.bio,
        gp1_0.created_at,
        gp1_0.default_course,
        gp1_0.guide_style,
        gp1_0.is_active,
        gp1_0.is_approved,
        gp1_0.keywords,
        gp1_0.language,
        gp1_0.local_story,
        gp1_0.member_id,
        gp1_0.nickname,
        gp1_0.price_per_hour,
        gp1_0.profile_image,
        gp1_0.region,
        gp1_0.residence_years,
        gp1_0.review_count,
        gp1_0.updated_at 
    from
        guide_profiles gp1_0 
    where
        gp1_0.member_id=?
2026-04-23 16:11:24.425 TRACE [b1c9717e] org.hibernate.orm.jdbc.bind - binding parameter (1:BIGINT) <- [940027]
2026-04-23 16:11:24.452 DEBUG [b1c9717e] org.hibernate.SQL - 
    /* <criteria> */ select
        mr1_0.id,
        mr1_0.budget_max_won,
        mr1_0.budget_min_won,
        mr1_0.cancel_reason,
        mr1_0.cancelled_by,
        mr1_0.concept,
        mr1_0.concept_summary,
        mr1_0.created_at,
        mr1_0.desired_budget,
        mr1_0.desired_date,
        mr1_0.destination,
        mr1_0.guest_id,
        mr1_0.guide_id,
        mr1_0.guide_schedule_id,
        mr1_0.propose_message,
        mr1_0.proposed_schedule,
        mr1_0.status,
        mr1_0.updated_at 
    from
        match_request mr1_0 
    where
        mr1_0.guide_id=?
2026-04-23 16:11:24.468 TRACE [b1c9717e] org.hibernate.orm.jdbc.bind - binding parameter (1:BIGINT) <- [841027]
2026-04-23 16:11:24.534 INFO  [b1c9717e] c.t.a.logging.MdcLoggingFilter - [HTTP] 요청 완료 - statusCode: 200, latencyMs: 244, requestUri: /api/matching/requests/guide/list, method: GET
2026-04-23 16:12:00.013 DEBUG [] org.hibernate.SQL - 
    /* <criteria> */ select
        te1_0.id,
        te1_0.created_at,
        te1_0.deadline_at,
        te1_0.extended_date,
        te1_0.extended_price,
        te1_0.guest_id,
        te1_0.guide_approved_at,
        te1_0.match_request_id,
        te1_0.requested_at,
        te1_0.status,
        te1_0.updated_at 
    from
        tour_extension te1_0 
    where
        te1_0.status=? 
        and te1_0.deadline_at<?
2026-04-23 16:12:00.013 TRACE [] org.hibernate.orm.jdbc.bind - binding parameter (1:ENUM) <- [REQUESTED]
2026-04-23 16:12:00.014 TRACE [] org.hibernate.orm.jdbc.bind - binding parameter (2:TIMESTAMP) <- [2026-04-23T16:12:00.010685400]
2026-04-23 16:12:09.136 DEBUG [94dffa7b] org.hibernate.SQL - 
    /* <criteria> */ select
        m1_0.id,
        m1_0.created_at,
        m1_0.email,
        m1_0.name,
        m1_0.nickname,
        m1_0.password,
        m1_0.profile_image_url,
        m1_0.role,
        m1_0.social_type,
        m1_0.status,
        m1_0.updated_at 
    from
        member m1_0 
    where
        m1_0.email=? 
        and m1_0.role=?
2026-04-23 16:12:09.137 TRACE [94dffa7b] org.hibernate.orm.jdbc.bind - binding parameter (1:VARCHAR) <- [guide27@localGuest.com]
2026-04-23 16:12:09.137 TRACE [94dffa7b] org.hibernate.orm.jdbc.bind - binding parameter (2:ENUM) <- [GUIDE]
2026-04-23 16:12:09.140 DEBUG [94dffa7b] org.hibernate.SQL - 
    /* <criteria> */ select
        gp1_0.id,
        gp1_0.average_rating,
        gp1_0.bio,
        gp1_0.created_at,
        gp1_0.default_course,
        gp1_0.guide_style,
        gp1_0.is_active,
        gp1_0.is_approved,
        gp1_0.keywords,
        gp1_0.language,
        gp1_0.local_story,
        gp1_0.member_id,
        gp1_0.nickname,
        gp1_0.price_per_hour,
        gp1_0.profile_image,
        gp1_0.region,
        gp1_0.residence_years,
        gp1_0.review_count,
        gp1_0.updated_at 
    from
        guide_profiles gp1_0 
    where
        gp1_0.member_id=?
2026-04-23 16:12:09.140 TRACE [94dffa7b] org.hibernate.orm.jdbc.bind - binding parameter (1:BIGINT) <- [940027]
2026-04-23 16:12:09.144 DEBUG [94dffa7b] org.hibernate.SQL - 
    /* <criteria> */ select
        mr1_0.id,
        mr1_0.budget_max_won,
        mr1_0.budget_min_won,
        mr1_0.cancel_reason,
        mr1_0.cancelled_by,
        mr1_0.concept,
        mr1_0.concept_summary,
        mr1_0.created_at,
        mr1_0.desired_budget,
        mr1_0.desired_date,
        mr1_0.destination,
        mr1_0.guest_id,
        mr1_0.guide_id,
        mr1_0.guide_schedule_id,
        mr1_0.propose_message,
        mr1_0.proposed_schedule,
        mr1_0.status,
        mr1_0.updated_at 
    from
        match_request mr1_0 
    where
        mr1_0.guide_id=?
2026-04-23 16:12:09.144 TRACE [94dffa7b] org.hibernate.orm.jdbc.bind - binding parameter (1:BIGINT) <- [841027]
2026-04-23 16:12:09.150 INFO  [94dffa7b] c.t.a.logging.MdcLoggingFilter - [HTTP] 요청 완료 - statusCode: 200, latencyMs: 20, requestUri: /api/matching/requests/guide/list, method: GET
2026-04-23 16:12:54.135 DEBUG [399d77b7] org.hibernate.SQL - 
    /* <criteria> */ select
        m1_0.id,
        m1_0.created_at,
        m1_0.email,
        m1_0.name,
        m1_0.nickname,
        m1_0.password,
        m1_0.profile_image_url,
        m1_0.role,
        m1_0.social_type,
        m1_0.status,
        m1_0.updated_at 
    from
        member m1_0 
    where
        m1_0.email=? 
        and m1_0.role=?
2026-04-23 16:12:54.137 TRACE [399d77b7] org.hibernate.orm.jdbc.bind - binding parameter (1:VARCHAR) <- [guide27@localGuest.com]
2026-04-23 16:12:54.139 TRACE [399d77b7] org.hibernate.orm.jdbc.bind - binding parameter (2:ENUM) <- [GUIDE]
2026-04-23 16:12:54.141 DEBUG [399d77b7] org.hibernate.SQL - 
    /* <criteria> */ select
        gp1_0.id,
        gp1_0.average_rating,
        gp1_0.bio,
        gp1_0.created_at,
        gp1_0.default_course,
        gp1_0.guide_style,
        gp1_0.is_active,
        gp1_0.is_approved,
        gp1_0.keywords,
        gp1_0.language,
        gp1_0.local_story,
        gp1_0.member_id,
        gp1_0.nickname,
        gp1_0.price_per_hour,
        gp1_0.profile_image,
        gp1_0.region,
        gp1_0.residence_years,
        gp1_0.review_count,
        gp1_0.updated_at 
    from
        guide_profiles gp1_0 
    where
        gp1_0.member_id=?
2026-04-23 16:12:54.141 TRACE [399d77b7] org.hibernate.orm.jdbc.bind - binding parameter (1:BIGINT) <- [940027]
2026-04-23 16:12:54.145 DEBUG [399d77b7] org.hibernate.SQL - 
    /* <criteria> */ select
        mr1_0.id,
        mr1_0.budget_max_won,
        mr1_0.budget_min_won,
        mr1_0.cancel_reason,
        mr1_0.cancelled_by,
        mr1_0.concept,
        mr1_0.concept_summary,
        mr1_0.created_at,
        mr1_0.desired_budget,
        mr1_0.desired_date,
        mr1_0.destination,
        mr1_0.guest_id,
        mr1_0.guide_id,
        mr1_0.guide_schedule_id,
        mr1_0.propose_message,
        mr1_0.proposed_schedule,
        mr1_0.status,
        mr1_0.updated_at 
    from
        match_request mr1_0 
    where
        mr1_0.guide_id=?
2026-04-23 16:12:54.145 TRACE [399d77b7] org.hibernate.orm.jdbc.bind - binding parameter (1:BIGINT) <- [841027]
2026-04-23 16:12:54.151 INFO  [399d77b7] c.t.a.logging.MdcLoggingFilter - [HTTP] 요청 완료 - statusCode: 200, latencyMs: 21, requestUri: /api/matching/requests/guide/list, method: GET
2026-04-23 16:13:00.007 DEBUG [] org.hibernate.SQL - 
    /* <criteria> */ select
        te1_0.id,
        te1_0.created_at,
        te1_0.deadline_at,
        te1_0.extended_date,
        te1_0.extended_price,
        te1_0.guest_id,
        te1_0.guide_approved_at,
        te1_0.match_request_id,
        te1_0.requested_at,
        te1_0.status,
        te1_0.updated_at 
    from
        tour_extension te1_0 
    where
        te1_0.status=? 
        and te1_0.deadline_at<?
2026-04-23 16:13:00.008 TRACE [] org.hibernate.orm.jdbc.bind - binding parameter (1:ENUM) <- [REQUESTED]
2026-04-23 16:13:00.009 TRACE [] org.hibernate.orm.jdbc.bind - binding parameter (2:TIMESTAMP) <- [2026-04-23T16:13:00.005024200]
2026-04-23 16:14:00.028 DEBUG [] org.hibernate.SQL - 
    /* <criteria> */ select
        te1_0.id,
        te1_0.created_at,
        te1_0.deadline_at,
        te1_0.extended_date,
        te1_0.extended_price,
        te1_0.guest_id,
        te1_0.guide_approved_at,
        te1_0.match_request_id,
        te1_0.requested_at,
        te1_0.status,
        te1_0.updated_at 
    from
        tour_extension te1_0 
    where
        te1_0.status=? 
        and te1_0.deadline_at<?
2026-04-23 16:14:00.034 TRACE [] org.hibernate.orm.jdbc.bind - binding parameter (1:ENUM) <- [REQUESTED]
2026-04-23 16:14:00.037 TRACE [] org.hibernate.orm.jdbc.bind - binding parameter (2:TIMESTAMP) <- [2026-04-23T16:14:00.018069800]
2026-04-23 16:14:05.179 DEBUG [c0b130f5] org.hibernate.SQL - 
    /* <criteria> */ select
        m1_0.id,
        m1_0.created_at,
        m1_0.email,
        m1_0.name,
        m1_0.nickname,
        m1_0.password,
        m1_0.profile_image_url,
        m1_0.role,
        m1_0.social_type,
        m1_0.status,
        m1_0.updated_at 
    from
        member m1_0 
    where
        m1_0.email=? 
        and m1_0.role=?
2026-04-23 16:14:05.188 TRACE [c0b130f5] org.hibernate.orm.jdbc.bind - binding parameter (1:VARCHAR) <- [guide27@localGuest.com]
2026-04-23 16:14:05.189 TRACE [c0b130f5] org.hibernate.orm.jdbc.bind - binding parameter (2:ENUM) <- [GUIDE]
2026-04-23 16:14:05.201 DEBUG [c0b130f5] org.hibernate.SQL - 
    /* <criteria> */ select
        gp1_0.id,
        gp1_0.average_rating,
        gp1_0.bio,
        gp1_0.created_at,
        gp1_0.default_course,
        gp1_0.guide_style,
        gp1_0.is_active,
        gp1_0.is_approved,
        gp1_0.keywords,
        gp1_0.language,
        gp1_0.local_story,
        gp1_0.member_id,
        gp1_0.nickname,
        gp1_0.price_per_hour,
        gp1_0.profile_image,
        gp1_0.region,
        gp1_0.residence_years,
        gp1_0.review_count,
        gp1_0.updated_at 
    from
        guide_profiles gp1_0 
    where
        gp1_0.member_id=?
2026-04-23 16:14:05.202 TRACE [c0b130f5] org.hibernate.orm.jdbc.bind - binding parameter (1:BIGINT) <- [940027]
2026-04-23 16:14:05.215 DEBUG [c0b130f5] org.hibernate.SQL - 
    /* <criteria> */ select
        mr1_0.id,
        mr1_0.budget_max_won,
        mr1_0.budget_min_won,
        mr1_0.cancel_reason,
        mr1_0.cancelled_by,
        mr1_0.concept,
        mr1_0.concept_summary,
        mr1_0.created_at,
        mr1_0.desired_budget,
        mr1_0.desired_date,
        mr1_0.destination,
        mr1_0.guest_id,
        mr1_0.guide_id,
        mr1_0.guide_schedule_id,
        mr1_0.propose_message,
        mr1_0.proposed_schedule,
        mr1_0.status,
        mr1_0.updated_at 
    from
        match_request mr1_0 
    where
        mr1_0.guide_id=?
2026-04-23 16:14:05.218 TRACE [c0b130f5] org.hibernate.orm.jdbc.bind - binding parameter (1:BIGINT) <- [841027]
2026-04-23 16:14:05.250 INFO  [c0b130f5] c.t.a.logging.MdcLoggingFilter - [HTTP] 요청 완료 - statusCode: 200, latencyMs: 104, requestUri: /api/matching/requests/guide/list, method: GET
2026-04-23 16:14:23.461 DEBUG [b2d77d75] org.hibernate.SQL - 
    /* <criteria> */ select
        m1_0.id,
        m1_0.created_at,
        m1_0.email,
        m1_0.name,
        m1_0.nickname,
        m1_0.password,
        m1_0.profile_image_url,
        m1_0.role,
        m1_0.social_type,
        m1_0.status,
        m1_0.updated_at 
    from
        member m1_0 
    where
        m1_0.email=? 
        and m1_0.role=?
2026-04-23 16:14:23.479 TRACE [b2d77d75] org.hibernate.orm.jdbc.bind - binding parameter (1:VARCHAR) <- [guide27@localGuest.com]
2026-04-23 16:14:23.482 TRACE [b2d77d75] org.hibernate.orm.jdbc.bind - binding parameter (2:ENUM) <- [GUIDE]
2026-04-23 16:14:23.500 DEBUG [b2d77d75] org.hibernate.SQL - 
    /* <criteria> */ select
        gp1_0.id,
        gp1_0.average_rating,
        gp1_0.bio,
        gp1_0.created_at,
        gp1_0.default_course,
        gp1_0.guide_style,
        gp1_0.is_active,
        gp1_0.is_approved,
        gp1_0.keywords,
        gp1_0.language,
        gp1_0.local_story,
        gp1_0.member_id,
        gp1_0.nickname,
        gp1_0.price_per_hour,
        gp1_0.profile_image,
        gp1_0.region,
        gp1_0.residence_years,
        gp1_0.review_count,
        gp1_0.updated_at 
    from
        guide_profiles gp1_0 
    where
        gp1_0.member_id=?
2026-04-23 16:14:23.504 TRACE [b2d77d75] org.hibernate.orm.jdbc.bind - binding parameter (1:BIGINT) <- [940027]
2026-04-23 16:14:23.525 DEBUG [b2d77d75] org.hibernate.SQL - 
    /* <criteria> */ select
        mr1_0.id,
        mr1_0.budget_max_won,
        mr1_0.budget_min_won,
        mr1_0.cancel_reason,
        mr1_0.cancelled_by,
        mr1_0.concept,
        mr1_0.concept_summary,
        mr1_0.created_at,
        mr1_0.desired_budget,
        mr1_0.desired_date,
        mr1_0.destination,
        mr1_0.guest_id,
        mr1_0.guide_id,
        mr1_0.guide_schedule_id,
        mr1_0.propose_message,
        mr1_0.proposed_schedule,
        mr1_0.status,
        mr1_0.updated_at 
    from
        match_request mr1_0 
    where
        mr1_0.guide_id=?
2026-04-23 16:14:23.530 TRACE [b2d77d75] org.hibernate.orm.jdbc.bind - binding parameter (1:BIGINT) <- [841027]
2026-04-23 16:14:23.591 INFO  [b2d77d75] c.t.a.logging.MdcLoggingFilter - [HTTP] 요청 완료 - statusCode: 200, latencyMs: 190, requestUri: /api/matching/requests/guide/list, method: GET
2026-04-23 16:14:23.758 DEBUG [d55536b0] org.hibernate.SQL - 
    /* <criteria> */ select
        m1_0.id,
        m1_0.created_at,
        m1_0.email,
        m1_0.name,
        m1_0.nickname,
        m1_0.password,
        m1_0.profile_image_url,
        m1_0.role,
        m1_0.social_type,
        m1_0.status,
        m1_0.updated_at 
    from
        member m1_0 
    where
        m1_0.email=? 
        and m1_0.role=?
2026-04-23 16:14:23.765 TRACE [d55536b0] org.hibernate.orm.jdbc.bind - binding parameter (1:VARCHAR) <- [guide27@localGuest.com]
2026-04-23 16:14:23.766 TRACE [d55536b0] org.hibernate.orm.jdbc.bind - binding parameter (2:ENUM) <- [GUIDE]
2026-04-23 16:14:23.801 DEBUG [d55536b0] org.hibernate.SQL - 
    /* <criteria> */ select
        gp1_0.id,
        gp1_0.average_rating,
        gp1_0.bio,
        gp1_0.created_at,
        gp1_0.default_course,
        gp1_0.guide_style,
        gp1_0.is_active,
        gp1_0.is_approved,
        gp1_0.keywords,
        gp1_0.language,
        gp1_0.local_story,
        gp1_0.member_id,
        gp1_0.nickname,
        gp1_0.price_per_hour,
        gp1_0.profile_image,
        gp1_0.region,
        gp1_0.residence_years,
        gp1_0.review_count,
        gp1_0.updated_at 
    from
        guide_profiles gp1_0 
    where
        gp1_0.member_id=?
2026-04-23 16:14:23.804 TRACE [d55536b0] org.hibernate.orm.jdbc.bind - binding parameter (1:BIGINT) <- [940027]
2026-04-23 16:14:23.825 DEBUG [d55536b0] org.hibernate.SQL - 
    /* <criteria> */ select
        mr1_0.id,
        mr1_0.budget_max_won,
        mr1_0.budget_min_won,
        mr1_0.cancel_reason,
        mr1_0.cancelled_by,
        mr1_0.concept,
        mr1_0.concept_summary,
        mr1_0.created_at,
        mr1_0.desired_budget,
        mr1_0.desired_date,
        mr1_0.destination,
        mr1_0.guest_id,
        mr1_0.guide_id,
        mr1_0.guide_schedule_id,
        mr1_0.propose_message,
        mr1_0.proposed_schedule,
        mr1_0.status,
        mr1_0.updated_at 
    from
        match_request mr1_0 
    where
        mr1_0.guide_id=?
2026-04-23 16:14:23.828 TRACE [d55536b0] org.hibernate.orm.jdbc.bind - binding parameter (1:BIGINT) <- [841027]
2026-04-23 16:14:23.887 INFO  [d55536b0] c.t.a.logging.MdcLoggingFilter - [HTTP] 요청 완료 - statusCode: 200, latencyMs: 236, requestUri: /api/matching/requests/guide/list, method: GET
2026-04-23 16:14:23.947 DEBUG [61c531eb] org.hibernate.SQL - 
    /* <criteria> */ select
        m1_0.id,
        m1_0.created_at,
        m1_0.email,
        m1_0.name,
        m1_0.nickname,
        m1_0.password,
        m1_0.profile_image_url,
        m1_0.role,
        m1_0.social_type,
        m1_0.status,
        m1_0.updated_at 
    from
        member m1_0 
    where
        m1_0.email=? 
        and m1_0.role=?
2026-04-23 16:14:23.949 TRACE [61c531eb] org.hibernate.orm.jdbc.bind - binding parameter (1:VARCHAR) <- [guide27@localGuest.com]
2026-04-23 16:14:23.952 TRACE [61c531eb] org.hibernate.orm.jdbc.bind - binding parameter (2:ENUM) <- [GUIDE]
2026-04-23 16:14:23.965 DEBUG [61c531eb] org.hibernate.SQL - 
    /* <criteria> */ select
        gp1_0.id,
        gp1_0.average_rating,
        gp1_0.bio,
        gp1_0.created_at,
        gp1_0.default_course,
        gp1_0.guide_style,
        gp1_0.is_active,
        gp1_0.is_approved,
        gp1_0.keywords,
        gp1_0.language,
        gp1_0.local_story,
        gp1_0.member_id,
        gp1_0.nickname,
        gp1_0.price_per_hour,
        gp1_0.profile_image,
        gp1_0.region,
        gp1_0.residence_years,
        gp1_0.review_count,
        gp1_0.updated_at 
    from
        guide_profiles gp1_0 
    where
        gp1_0.member_id=?
2026-04-23 16:14:23.973 TRACE [61c531eb] org.hibernate.orm.jdbc.bind - binding parameter (1:BIGINT) <- [940027]
2026-04-23 16:14:23.994 DEBUG [61c531eb] org.hibernate.SQL - 
    /* <criteria> */ select
        mr1_0.id,
        mr1_0.budget_max_won,
        mr1_0.budget_min_won,
        mr1_0.cancel_reason,
        mr1_0.cancelled_by,
        mr1_0.concept,
        mr1_0.concept_summary,
        mr1_0.created_at,
        mr1_0.desired_budget,
        mr1_0.desired_date,
        mr1_0.destination,
        mr1_0.guest_id,
        mr1_0.guide_id,
        mr1_0.guide_schedule_id,
        mr1_0.propose_message,
        mr1_0.proposed_schedule,
        mr1_0.status,
        mr1_0.updated_at 
    from
        match_request mr1_0 
    where
        mr1_0.guide_id=?
2026-04-23 16:14:24.001 TRACE [61c531eb] org.hibernate.orm.jdbc.bind - binding parameter (1:BIGINT) <- [841027]
2026-04-23 16:14:24.042 INFO  [61c531eb] c.t.a.logging.MdcLoggingFilter - [HTTP] 요청 완료 - statusCode: 200, latencyMs: 122, requestUri: /api/matching/requests/guide/list, method: GET
2026-04-23 16:14:30.159 INFO  [e7fbefec] c.t.m.c.c.NotificationController - [SSE Subscribe] User Email: guide27@localGuest.com
2026-04-23 16:14:30.160 DEBUG [d7906458] org.hibernate.SQL - 
    /* <criteria> */ select
        gp1_0.id,
        gp1_0.average_rating,
        gp1_0.bio,
        gp1_0.created_at,
        gp1_0.default_course,
        gp1_0.guide_style,
        gp1_0.is_active,
        gp1_0.is_approved,
        gp1_0.keywords,
        gp1_0.language,
        gp1_0.local_story,
        gp1_0.member_id,
        gp1_0.nickname,
        gp1_0.price_per_hour,
        gp1_0.profile_image,
        gp1_0.region,
        gp1_0.residence_years,
        gp1_0.review_count,
        gp1_0.updated_at 
    from
        guide_profiles gp1_0 
    where
        gp1_0.is_approved 
        and gp1_0.is_active
2026-04-23 16:14:30.178 INFO  [e7fbefec] c.t.a.logging.MdcLoggingFilter - [HTTP] 요청 완료 - statusCode: 200, latencyMs: 128, requestUri: /api/notifications/subscribe, method: GET
2026-04-23 16:14:30.329 INFO  [d7906458] c.t.a.logging.MdcLoggingFilter - [HTTP] 요청 완료 - statusCode: 200, latencyMs: 306, requestUri: /api/guides, method: GET
2026-04-23 16:14:30.446 DEBUG [9e5e729b] org.hibernate.SQL - 
    /* <criteria> */ select
        gp1_0.id,
        gp1_0.average_rating,
        gp1_0.bio,
        gp1_0.created_at,
        gp1_0.default_course,
        gp1_0.guide_style,
        gp1_0.is_active,
        gp1_0.is_approved,
        gp1_0.keywords,
        gp1_0.language,
        gp1_0.local_story,
        gp1_0.member_id,
        gp1_0.nickname,
        gp1_0.price_per_hour,
        gp1_0.profile_image,
        gp1_0.region,
        gp1_0.residence_years,
        gp1_0.review_count,
        gp1_0.updated_at 
    from
        guide_profiles gp1_0 
    where
        gp1_0.is_approved 
        and gp1_0.is_active
2026-04-23 16:14:30.606 INFO  [9e5e729b] c.t.a.logging.MdcLoggingFilter - [HTTP] 요청 완료 - statusCode: 200, latencyMs: 197, requestUri: /api/guides, method: GET
2026-04-23 16:14:30.470 DEBUG [5a87d54c] org.hibernate.SQL - 
    /* SELECT
        DISTINCT r 
    FROM
        ChatRoom r 
    JOIN
        
    FETCH
        r.participants p 
    WHERE
        r.id IN (SELECT
            r2.id 
        FROM
            ChatRoom r2 
        JOIN
            r2.participants p2 
        WHERE
            p2.userEmail = :userEmail) */ select
            distinct cr1_0.id,
            cr1_0.created_at,
            cr1_0.last_message,
            cr1_0.last_message_at,
            cr1_0.owner_email,
            cr1_0.participant_count,
            p1_0.chat_room_id,
            p1_0.id,
            p1_0.created_at,
            p1_0.is_alarm_on,
            p1_0.last_read_at,
            p1_0.updated_at,
            p1_0.user_email,
            p1_0.user_id,
            p1_0.user_nickname,
            cr1_0.room_id,
            cr1_0.title,
            cr1_0.updated_at 
        from
            chat_rooms cr1_0 
        join
            chat_participants p1_0 
                on cr1_0.id=p1_0.chat_room_id 
        where
            cr1_0.id in (select
                cr2_0.id 
            from
                chat_rooms cr2_0 
            join
                chat_participants p2_0 
                    on cr2_0.id=p2_0.chat_room_id 
            where
                p2_0.user_email=?)
2026-04-23 16:14:30.694 TRACE [5a87d54c] org.hibernate.orm.jdbc.bind - binding parameter (1:VARCHAR) <- [guide27@localGuest.com]
2026-04-23 16:14:36.856 INFO  [5a87d54c] c.t.a.logging.MdcLoggingFilter - [HTTP] 요청 완료 - statusCode: 200, latencyMs: 6567, requestUri: /api/chat/rooms, method: GET
2026-04-23 16:14:36.870 DEBUG [e665eeb8] org.hibernate.SQL - 
    /* <criteria> */ select
        gp1_0.id,
        gp1_0.average_rating,
        gp1_0.bio,
        gp1_0.created_at,
        gp1_0.default_course,
        gp1_0.guide_style,
        gp1_0.is_active,
        gp1_0.is_approved,
        gp1_0.keywords,
        gp1_0.language,
        gp1_0.local_story,
        gp1_0.member_id,
        gp1_0.nickname,
        gp1_0.price_per_hour,
        gp1_0.profile_image,
        gp1_0.region,
        gp1_0.residence_years,
        gp1_0.review_count,
        gp1_0.updated_at 
    from
        guide_profiles gp1_0 
    where
        gp1_0.is_approved 
        and gp1_0.is_active
2026-04-23 16:14:36.883 DEBUG [c5cac465] org.hibernate.SQL - 
    /* <criteria> */ select
        m1_0.id,
        m1_0.created_at,
        m1_0.email,
        m1_0.name,
        m1_0.nickname,
        m1_0.password,
        m1_0.profile_image_url,
        m1_0.role,
        m1_0.social_type,
        m1_0.status,
        m1_0.updated_at 
    from
        member m1_0 
    where
        m1_0.email=? 
        and m1_0.role=?
2026-04-23 16:14:36.892 TRACE [c5cac465] org.hibernate.orm.jdbc.bind - binding parameter (1:VARCHAR) <- [guide27@localGuest.com]
2026-04-23 16:14:36.899 TRACE [c5cac465] org.hibernate.orm.jdbc.bind - binding parameter (2:ENUM) <- [GUIDE]
2026-04-23 16:14:36.927 DEBUG [c5cac465] org.hibernate.SQL - 
    /* <criteria> */ select
        gp1_0.id,
        gp1_0.average_rating,
        gp1_0.bio,
        gp1_0.created_at,
        gp1_0.default_course,
        gp1_0.guide_style,
        gp1_0.is_active,
        gp1_0.is_approved,
        gp1_0.keywords,
        gp1_0.language,
        gp1_0.local_story,
        gp1_0.member_id,
        gp1_0.nickname,
        gp1_0.price_per_hour,
        gp1_0.profile_image,
        gp1_0.region,
        gp1_0.residence_years,
        gp1_0.review_count,
        gp1_0.updated_at 
    from
        guide_profiles gp1_0 
    where
        gp1_0.member_id=?
2026-04-23 16:14:36.941 TRACE [c5cac465] org.hibernate.orm.jdbc.bind - binding parameter (1:BIGINT) <- [940027]
2026-04-23 16:14:36.991 INFO  [2b552ca9] c.t.a.logging.MdcLoggingFilter - [HTTP] 요청 완료 - statusCode: 200, latencyMs: 6944, requestUri: /api/matching/chat/rooms, method: GET
2026-04-23 16:14:37.023 DEBUG [c5cac465] org.hibernate.SQL - 
    /* <criteria> */ select
        mr1_0.id,
        mr1_0.budget_max_won,
        mr1_0.budget_min_won,
        mr1_0.cancel_reason,
        mr1_0.cancelled_by,
        mr1_0.concept,
        mr1_0.concept_summary,
        mr1_0.created_at,
        mr1_0.desired_budget,
        mr1_0.desired_date,
        mr1_0.destination,
        mr1_0.guest_id,
        mr1_0.guide_id,
        mr1_0.guide_schedule_id,
        mr1_0.propose_message,
        mr1_0.proposed_schedule,
        mr1_0.status,
        mr1_0.updated_at 
    from
        match_request mr1_0 
    where
        mr1_0.guide_id=?
2026-04-23 16:14:37.033 TRACE [c5cac465] org.hibernate.orm.jdbc.bind - binding parameter (1:BIGINT) <- [841027]
2026-04-23 16:14:37.093 INFO  [c5cac465] c.t.a.logging.MdcLoggingFilter - [HTTP] 요청 완료 - statusCode: 200, latencyMs: 331, requestUri: /api/matching/requests/guide/list, method: GET
2026-04-23 16:14:37.110 DEBUG [fba28652] org.hibernate.SQL - 
    /* <criteria> */ select
        gs1_0.id,
        gs1_0.available_date,
        gs1_0.course_detail,
        gs1_0.created_at,
        gs1_0.end_time,
        gs1_0.guide_message,
        gs1_0.guide_id,
        gs1_0.is_paid,
        gs1_0.match_request_id,
        gs1_0.meeting_point,
        gs1_0.start_time,
        gs1_0.status,
        gs1_0.updated_at 
    from
        guide_schedules gs1_0 
    left join
        guide_profiles gp1_0 
            on gp1_0.id=gs1_0.guide_id 
    where
        gp1_0.id=? 
    order by
        gs1_0.available_date
2026-04-23 16:14:37.113 TRACE [fba28652] org.hibernate.orm.jdbc.bind - binding parameter (1:BIGINT) <- [841027]
2026-04-23 16:14:37.133 INFO  [e665eeb8] c.t.a.logging.MdcLoggingFilter - [HTTP] 요청 완료 - statusCode: 200, latencyMs: 379, requestUri: /api/guides, method: GET
2026-04-23 16:14:37.154 DEBUG [f0ee1ea0] org.hibernate.SQL - 
    /* SELECT
        DISTINCT r 
    FROM
        ChatRoom r 
    JOIN
        
    FETCH
        r.participants p 
    WHERE
        r.id IN (SELECT
            r2.id 
        FROM
            ChatRoom r2 
        JOIN
            r2.participants p2 
        WHERE
            p2.userEmail = :userEmail) */ select
            distinct cr1_0.id,
            cr1_0.created_at,
            cr1_0.last_message,
            cr1_0.last_message_at,
            cr1_0.owner_email,
            cr1_0.participant_count,
            p1_0.chat_room_id,
            p1_0.id,
            p1_0.created_at,
            p1_0.is_alarm_on,
            p1_0.last_read_at,
            p1_0.updated_at,
            p1_0.user_email,
            p1_0.user_id,
            p1_0.user_nickname,
            cr1_0.room_id,
            cr1_0.title,
            cr1_0.updated_at 
        from
            chat_rooms cr1_0 
        join
            chat_participants p1_0 
                on cr1_0.id=p1_0.chat_room_id 
        where
            cr1_0.id in (select
                cr2_0.id 
            from
                chat_rooms cr2_0 
            join
                chat_participants p2_0 
                    on cr2_0.id=p2_0.chat_room_id 
            where
                p2_0.user_email=?)
2026-04-23 16:14:37.199 INFO  [fba28652] c.t.a.logging.MdcLoggingFilter - [HTTP] 요청 완료 - statusCode: 200, latencyMs: 427, requestUri: /api/guides/841027/schedules, method: GET
2026-04-23 16:14:37.251 TRACE [f0ee1ea0] org.hibernate.orm.jdbc.bind - binding parameter (1:VARCHAR) <- [guide27@localGuest.com]
2026-04-23 16:14:37.234 DEBUG [fe77c0c7] org.hibernate.SQL - 
    /* <criteria> */ select
        m1_0.id,
        m1_0.created_at,
        m1_0.email,
        m1_0.name,
        m1_0.nickname,
        m1_0.password,
        m1_0.profile_image_url,
        m1_0.role,
        m1_0.social_type,
        m1_0.status,
        m1_0.updated_at 
    from
        member m1_0 
    where
        m1_0.email=? 
        and m1_0.role=?
2026-04-23 16:14:37.256 TRACE [fe77c0c7] org.hibernate.orm.jdbc.bind - binding parameter (1:VARCHAR) <- [guide27@localGuest.com]
2026-04-23 16:14:37.257 TRACE [fe77c0c7] org.hibernate.orm.jdbc.bind - binding parameter (2:ENUM) <- [GUIDE]
2026-04-23 16:14:37.276 INFO  [f0ee1ea0] c.t.a.logging.MdcLoggingFilter - [HTTP] 요청 완료 - statusCode: 200, latencyMs: 152, requestUri: /api/chat/rooms, method: GET
2026-04-23 16:14:37.298 DEBUG [fe77c0c7] org.hibernate.SQL - 
    /* <criteria> */ select
        gp1_0.id,
        gp1_0.average_rating,
        gp1_0.bio,
        gp1_0.created_at,
        gp1_0.default_course,
        gp1_0.guide_style,
        gp1_0.is_active,
        gp1_0.is_approved,
        gp1_0.keywords,
        gp1_0.language,
        gp1_0.local_story,
        gp1_0.member_id,
        gp1_0.nickname,
        gp1_0.price_per_hour,
        gp1_0.profile_image,
        gp1_0.region,
        gp1_0.residence_years,
        gp1_0.review_count,
        gp1_0.updated_at 
    from
        guide_profiles gp1_0 
    where
        gp1_0.member_id=?
2026-04-23 16:14:37.300 TRACE [fe77c0c7] org.hibernate.orm.jdbc.bind - binding parameter (1:BIGINT) <- [940027]
2026-04-23 16:14:37.303 INFO  [2588eb87] c.t.a.logging.MdcLoggingFilter - [HTTP] 요청 완료 - statusCode: 200, latencyMs: 227, requestUri: /api/matching/chat/rooms, method: GET
2026-04-23 16:14:37.326 DEBUG [fe77c0c7] org.hibernate.SQL - 
    /* <criteria> */ select
        mr1_0.id,
        mr1_0.budget_max_won,
        mr1_0.budget_min_won,
        mr1_0.cancel_reason,
        mr1_0.cancelled_by,
        mr1_0.concept,
        mr1_0.concept_summary,
        mr1_0.created_at,
        mr1_0.desired_budget,
        mr1_0.desired_date,
        mr1_0.destination,
        mr1_0.guest_id,
        mr1_0.guide_id,
        mr1_0.guide_schedule_id,
        mr1_0.propose_message,
        mr1_0.proposed_schedule,
        mr1_0.status,
        mr1_0.updated_at 
    from
        match_request mr1_0 
    where
        mr1_0.guide_id=?
2026-04-23 16:14:37.327 TRACE [fe77c0c7] org.hibernate.orm.jdbc.bind - binding parameter (1:BIGINT) <- [841027]
2026-04-23 16:14:37.361 DEBUG [063e030c] org.hibernate.SQL - 
    /* <criteria> */ select
        m1_0.id,
        m1_0.created_at,
        m1_0.email,
        m1_0.name,
        m1_0.nickname,
        m1_0.password,
        m1_0.profile_image_url,
        m1_0.role,
        m1_0.social_type,
        m1_0.status,
        m1_0.updated_at 
    from
        member m1_0 
    where
        m1_0.email=? 
        and m1_0.role=?
2026-04-23 16:14:37.362 DEBUG [da045756] org.hibernate.SQL - 
    /* <criteria> */ select
        gp1_0.id,
        gp1_0.average_rating,
        gp1_0.bio,
        gp1_0.created_at,
        gp1_0.default_course,
        gp1_0.guide_style,
        gp1_0.is_active,
        gp1_0.is_approved,
        gp1_0.keywords,
        gp1_0.language,
        gp1_0.local_story,
        gp1_0.member_id,
        gp1_0.nickname,
        gp1_0.price_per_hour,
        gp1_0.profile_image,
        gp1_0.region,
        gp1_0.residence_years,
        gp1_0.review_count,
        gp1_0.updated_at 
    from
        guide_profiles gp1_0 
    where
        gp1_0.is_approved 
        and gp1_0.is_active
2026-04-23 16:14:37.406 DEBUG [43340b65] org.hibernate.SQL - 
    /* <criteria> */ select
        m1_0.id,
        m1_0.created_at,
        m1_0.email,
        m1_0.name,
        m1_0.nickname,
        m1_0.password,
        m1_0.profile_image_url,
        m1_0.role,
        m1_0.social_type,
        m1_0.status,
        m1_0.updated_at 
    from
        member m1_0 
    where
        m1_0.email=? 
        and m1_0.role=?
2026-04-23 16:14:37.426 DEBUG [cdb58659] org.hibernate.SQL - 
    /* <criteria> */ select
        m1_0.id,
        m1_0.created_at,
        m1_0.email,
        m1_0.name,
        m1_0.nickname,
        m1_0.password,
        m1_0.profile_image_url,
        m1_0.role,
        m1_0.social_type,
        m1_0.status,
        m1_0.updated_at 
    from
        member m1_0 
    where
        m1_0.email=? 
        and m1_0.role=?
2026-04-23 16:14:37.369 INFO  [fe77c0c7] c.t.a.logging.MdcLoggingFilter - [HTTP] 요청 완료 - statusCode: 200, latencyMs: 164, requestUri: /api/matching/requests/guide/list, method: GET
2026-04-23 16:14:39.187 TRACE [063e030c] org.hibernate.orm.jdbc.bind - binding parameter (1:VARCHAR) <- [guide27@localGuest.com]
2026-04-23 16:14:39.189 TRACE [063e030c] org.hibernate.orm.jdbc.bind - binding parameter (2:ENUM) <- [GUIDE]
2026-04-23 16:14:39.191 TRACE [43340b65] org.hibernate.orm.jdbc.bind - binding parameter (1:VARCHAR) <- [guide27@localGuest.com]
2026-04-23 16:14:39.191 TRACE [cdb58659] org.hibernate.orm.jdbc.bind - binding parameter (1:VARCHAR) <- [guide27@localGuest.com]
2026-04-23 16:14:39.200 TRACE [cdb58659] org.hibernate.orm.jdbc.bind - binding parameter (2:ENUM) <- [GUIDE]
2026-04-23 16:14:39.200 TRACE [43340b65] org.hibernate.orm.jdbc.bind - binding parameter (2:ENUM) <- [GUIDE]
2026-04-23 16:14:39.223 DEBUG [cdb58659] org.hibernate.SQL - 
    /* <criteria> */ select
        gp1_0.id,
        gp1_0.average_rating,
        gp1_0.bio,
        gp1_0.created_at,
        gp1_0.default_course,
        gp1_0.guide_style,
        gp1_0.is_active,
        gp1_0.is_approved,
        gp1_0.keywords,
        gp1_0.language,
        gp1_0.local_story,
        gp1_0.member_id,
        gp1_0.nickname,
        gp1_0.price_per_hour,
        gp1_0.profile_image,
        gp1_0.region,
        gp1_0.residence_years,
        gp1_0.review_count,
        gp1_0.updated_at 
    from
        guide_profiles gp1_0 
    where
        gp1_0.member_id=?
2026-04-23 16:14:39.228 DEBUG [063e030c] org.hibernate.SQL - 
    /* <criteria> */ select
        gp1_0.id,
        gp1_0.average_rating,
        gp1_0.bio,
        gp1_0.created_at,
        gp1_0.default_course,
        gp1_0.guide_style,
        gp1_0.is_active,
        gp1_0.is_approved,
        gp1_0.keywords,
        gp1_0.language,
        gp1_0.local_story,
        gp1_0.member_id,
        gp1_0.nickname,
        gp1_0.price_per_hour,
        gp1_0.profile_image,
        gp1_0.region,
        gp1_0.residence_years,
        gp1_0.review_count,
        gp1_0.updated_at 
    from
        guide_profiles gp1_0 
    where
        gp1_0.member_id=?
2026-04-23 16:14:39.385 INFO  [da045756] c.t.a.logging.MdcLoggingFilter - [HTTP] 요청 완료 - statusCode: 200, latencyMs: 2067, requestUri: /api/guides, method: GET
2026-04-23 16:14:39.484 DEBUG [1a74ada3] org.hibernate.SQL - 
    /* <criteria> */ select
        gp1_0.id,
        gp1_0.average_rating,
        gp1_0.bio,
        gp1_0.created_at,
        gp1_0.default_course,
        gp1_0.guide_style,
        gp1_0.is_active,
        gp1_0.is_approved,
        gp1_0.keywords,
        gp1_0.language,
        gp1_0.local_story,
        gp1_0.member_id,
        gp1_0.nickname,
        gp1_0.price_per_hour,
        gp1_0.profile_image,
        gp1_0.region,
        gp1_0.residence_years,
        gp1_0.review_count,
        gp1_0.updated_at 
    from
        guide_profiles gp1_0 
    where
        gp1_0.is_approved 
        and gp1_0.is_active
2026-04-23 16:14:39.890 TRACE [063e030c] org.hibernate.orm.jdbc.bind - binding parameter (1:BIGINT) <- [940027]
2026-04-23 16:14:39.891 TRACE [cdb58659] org.hibernate.orm.jdbc.bind - binding parameter (1:BIGINT) <- [940027]
2026-04-23 16:14:39.894 DEBUG [43340b65] org.hibernate.SQL - 
    /* <criteria> */ select
        gp1_0.id,
        gp1_0.average_rating,
        gp1_0.bio,
        gp1_0.created_at,
        gp1_0.default_course,
        gp1_0.guide_style,
        gp1_0.is_active,
        gp1_0.is_approved,
        gp1_0.keywords,
        gp1_0.language,
        gp1_0.local_story,
        gp1_0.member_id,
        gp1_0.nickname,
        gp1_0.price_per_hour,
        gp1_0.profile_image,
        gp1_0.region,
        gp1_0.residence_years,
        gp1_0.review_count,
        gp1_0.updated_at 
    from
        guide_profiles gp1_0 
    where
        gp1_0.member_id=?
2026-04-23 16:14:39.896 TRACE [43340b65] org.hibernate.orm.jdbc.bind - binding parameter (1:BIGINT) <- [940027]
2026-04-23 16:14:39.901 DEBUG [cdb58659] org.hibernate.SQL - 
    /* <criteria> */ select
        mr1_0.id,
        mr1_0.budget_max_won,
        mr1_0.budget_min_won,
        mr1_0.cancel_reason,
        mr1_0.cancelled_by,
        mr1_0.concept,
        mr1_0.concept_summary,
        mr1_0.created_at,
        mr1_0.desired_budget,
        mr1_0.desired_date,
        mr1_0.destination,
        mr1_0.guest_id,
        mr1_0.guide_id,
        mr1_0.guide_schedule_id,
        mr1_0.propose_message,
        mr1_0.proposed_schedule,
        mr1_0.status,
        mr1_0.updated_at 
    from
        match_request mr1_0 
    where
        mr1_0.guide_id=?
2026-04-23 16:14:39.901 TRACE [cdb58659] org.hibernate.orm.jdbc.bind - binding parameter (1:BIGINT) <- [841027]
2026-04-23 16:14:39.910 INFO  [cdb58659] c.t.a.logging.MdcLoggingFilter - [HTTP] 요청 완료 - statusCode: 200, latencyMs: 2518, requestUri: /api/matching/requests/guide/list, method: GET
2026-04-23 16:14:39.910 DEBUG [063e030c] org.hibernate.SQL - 
    select
        mr1_0.id,
        mr1_0.budget_max_won,
        mr1_0.budget_min_won,
        mr1_0.cancel_reason,
        mr1_0.cancelled_by,
        mr1_0.concept,
        mr1_0.concept_summary,
        mr1_0.created_at,
        mr1_0.desired_budget,
        mr1_0.desired_date,
        mr1_0.destination,
        mr1_0.guest_id,
        mr1_0.guide_id,
        mr1_0.guide_schedule_id,
        mr1_0.propose_message,
        mr1_0.proposed_schedule,
        mr1_0.status,
        mr1_0.updated_at 
    from
        match_request mr1_0 
    where
        mr1_0.id=?
2026-04-23 16:14:39.911 DEBUG [43340b65] org.hibernate.SQL - 
    select
        mr1_0.id,
        mr1_0.budget_max_won,
        mr1_0.budget_min_won,
        mr1_0.cancel_reason,
        mr1_0.cancelled_by,
        mr1_0.concept,
        mr1_0.concept_summary,
        mr1_0.created_at,
        mr1_0.desired_budget,
        mr1_0.desired_date,
        mr1_0.destination,
        mr1_0.guest_id,
        mr1_0.guide_id,
        mr1_0.guide_schedule_id,
        mr1_0.propose_message,
        mr1_0.proposed_schedule,
        mr1_0.status,
        mr1_0.updated_at 
    from
        match_request mr1_0 
    where
        mr1_0.id=?
2026-04-23 16:14:39.960 DEBUG [3eab553f] org.hibernate.SQL - 
    /* <criteria> */ select
        m1_0.id,
        m1_0.created_at,
        m1_0.email,
        m1_0.name,
        m1_0.nickname,
        m1_0.password,
        m1_0.profile_image_url,
        m1_0.role,
        m1_0.social_type,
        m1_0.status,
        m1_0.updated_at 
    from
        member m1_0 
    where
        m1_0.email=? 
        and m1_0.role=?
2026-04-23 16:14:39.962 INFO  [1a74ada3] c.t.a.logging.MdcLoggingFilter - [HTTP] 요청 완료 - statusCode: 200, latencyMs: 545, requestUri: /api/guides, method: GET
2026-04-23 16:14:40.043 DEBUG [2b2da04a] org.hibernate.SQL - 
    /* <criteria> */ select
        gp1_0.id,
        gp1_0.average_rating,
        gp1_0.bio,
        gp1_0.created_at,
        gp1_0.default_course,
        gp1_0.guide_style,
        gp1_0.is_active,
        gp1_0.is_approved,
        gp1_0.keywords,
        gp1_0.language,
        gp1_0.local_story,
        gp1_0.member_id,
        gp1_0.nickname,
        gp1_0.price_per_hour,
        gp1_0.profile_image,
        gp1_0.region,
        gp1_0.residence_years,
        gp1_0.review_count,
        gp1_0.updated_at 
    from
        guide_profiles gp1_0 
    where
        gp1_0.is_approved 
        and gp1_0.is_active
2026-04-23 16:14:41.241 DEBUG [7e46d8cc] org.hibernate.SQL - 
    select
        gp1_0.id,
        gp1_0.average_rating,
        gp1_0.bio,
        gp1_0.created_at,
        gp1_0.default_course,
        gp1_0.guide_style,
        gp1_0.is_active,
        gp1_0.is_approved,
        gp1_0.keywords,
        gp1_0.language,
        gp1_0.local_story,
        gp1_0.member_id,
        gp1_0.nickname,
        gp1_0.price_per_hour,
        gp1_0.profile_image,
        gp1_0.region,
        gp1_0.residence_years,
        gp1_0.review_count,
        gp1_0.updated_at 
    from
        guide_profiles gp1_0 
    where
        gp1_0.id=?
2026-04-23 16:14:41.297 TRACE [063e030c] org.hibernate.orm.jdbc.bind - binding parameter (1:BIGINT) <- [862102]
2026-04-23 16:14:41.299 TRACE [43340b65] org.hibernate.orm.jdbc.bind - binding parameter (1:BIGINT) <- [862027]
2026-04-23 16:14:41.305 TRACE [3eab553f] org.hibernate.orm.jdbc.bind - binding parameter (1:VARCHAR) <- [guide27@localGuest.com]
2026-04-23 16:14:41.603 DEBUG [063e030c] org.hibernate.SQL - 
    /* <criteria> */ select
        te1_0.id,
        te1_0.created_at,
        te1_0.deadline_at,
        te1_0.extended_date,
        te1_0.extended_price,
        te1_0.guest_id,
        te1_0.guide_approved_at,
        te1_0.match_request_id,
        te1_0.requested_at,
        te1_0.status,
        te1_0.updated_at 
    from
        tour_extension te1_0 
    left join
        match_request mr1_0 
            on mr1_0.id=te1_0.match_request_id 
    where
        mr1_0.id=?
2026-04-23 16:14:41.603 DEBUG [43340b65] org.hibernate.SQL - 
    /* <criteria> */ select
        te1_0.id,
        te1_0.created_at,
        te1_0.deadline_at,
        te1_0.extended_date,
        te1_0.extended_price,
        te1_0.guest_id,
        te1_0.guide_approved_at,
        te1_0.match_request_id,
        te1_0.requested_at,
        te1_0.status,
        te1_0.updated_at 
    from
        tour_extension te1_0 
    left join
        match_request mr1_0 
            on mr1_0.id=te1_0.match_request_id 
    where
        mr1_0.id=?
2026-04-23 16:14:41.613 TRACE [063e030c] org.hibernate.orm.jdbc.bind - binding parameter (1:BIGINT) <- [862102]
2026-04-23 16:14:41.612 TRACE [3eab553f] org.hibernate.orm.jdbc.bind - binding parameter (2:ENUM) <- [GUIDE]
2026-04-23 16:14:41.613 TRACE [7e46d8cc] org.hibernate.orm.jdbc.bind - binding parameter (1:BIGINT) <- [841024]
2026-04-23 16:14:41.614 TRACE [43340b65] org.hibernate.orm.jdbc.bind - binding parameter (1:BIGINT) <- [862027]
2026-04-23 16:14:41.628 DEBUG [3eab553f] org.hibernate.SQL - 
    /* <criteria> */ select
        gp1_0.id,
        gp1_0.average_rating,
        gp1_0.bio,
        gp1_0.created_at,
        gp1_0.default_course,
        gp1_0.guide_style,
        gp1_0.is_active,
        gp1_0.is_approved,
        gp1_0.keywords,
        gp1_0.language,
        gp1_0.local_story,
        gp1_0.member_id,
        gp1_0.nickname,
        gp1_0.price_per_hour,
        gp1_0.profile_image,
        gp1_0.region,
        gp1_0.residence_years,
        gp1_0.review_count,
        gp1_0.updated_at 
    from
        guide_profiles gp1_0 
    where
        gp1_0.member_id=?
2026-04-23 16:14:41.653 INFO  [063e030c] c.t.a.logging.MdcLoggingFilter - [HTTP] 요청 완료 - statusCode: 204, latencyMs: 4355, requestUri: /api/matching/extensions/862102, method: GET
2026-04-23 16:14:41.745 INFO  [2b2da04a] c.t.a.logging.MdcLoggingFilter - [HTTP] 요청 완료 - statusCode: 200, latencyMs: 1767, requestUri: /api/guides, method: GET
2026-04-23 16:14:41.634 DEBUG [7e46d8cc] org.hibernate.SQL - 
    /* <criteria> */ select
        gf1_0.id,
        gf1_0.content,
        gf1_0.created_at,
        gf1_0.guide_id,
        gf1_0.image_url,
        gf1_0.is_deleted,
        gf1_0.updated_at 
    from
        guide_feeds gf1_0 
    left join
        guide_profiles gp1_0 
            on gp1_0.id=gf1_0.guide_id 
    where
        gp1_0.id=? 
        and not(gf1_0.is_deleted) 
    order by
        gf1_0.created_at desc
2026-04-23 16:14:41.655 INFO  [43340b65] c.t.a.logging.MdcLoggingFilter - [HTTP] 요청 완료 - statusCode: 204, latencyMs: 4389, requestUri: /api/matching/extensions/862027, method: GET
2026-04-23 16:14:42.032 TRACE [7e46d8cc] org.hibernate.orm.jdbc.bind - binding parameter (1:BIGINT) <- [841024]
2026-04-23 16:14:42.032 TRACE [3eab553f] org.hibernate.orm.jdbc.bind - binding parameter (1:BIGINT) <- [940027]
2026-04-23 16:14:42.061 DEBUG [3eab553f] org.hibernate.SQL - 
    /* <criteria> */ select
        mr1_0.id,
        mr1_0.budget_max_won,
        mr1_0.budget_min_won,
        mr1_0.cancel_reason,
        mr1_0.cancelled_by,
        mr1_0.concept,
        mr1_0.concept_summary,
        mr1_0.created_at,
        mr1_0.desired_budget,
        mr1_0.desired_date,
        mr1_0.destination,
        mr1_0.guest_id,
        mr1_0.guide_id,
        mr1_0.guide_schedule_id,
        mr1_0.propose_message,
        mr1_0.proposed_schedule,
        mr1_0.status,
        mr1_0.updated_at 
    from
        match_request mr1_0 
    where
        mr1_0.guide_id=?
2026-04-23 16:14:42.062 DEBUG [7e46d8cc] org.hibernate.SQL - 
    /* <criteria> */ select
        gc1_0.id,
        gc1_0.acquired_at,
        gc1_0.created_at,
        gc1_0.description,
        gc1_0.guide_id,
        gc1_0.title,
        gc1_0.updated_at 
    from
        guide_careers gc1_0 
    left join
        guide_profiles gp1_0 
            on gp1_0.id=gc1_0.guide_id 
    where
        gp1_0.id=?
2026-04-23 16:14:42.062 TRACE [3eab553f] org.hibernate.orm.jdbc.bind - binding parameter (1:BIGINT) <- [841027]
2026-04-23 16:14:42.147 DEBUG [1dec32ca] org.hibernate.SQL - 
    /* <criteria> */ select
        m1_0.id,
        m1_0.created_at,
        m1_0.email,
        m1_0.name,
        m1_0.nickname,
        m1_0.password,
        m1_0.profile_image_url,
        m1_0.role,
        m1_0.social_type,
        m1_0.status,
        m1_0.updated_at 
    from
        member m1_0 
    where
        m1_0.email=? 
        and m1_0.role=?
2026-04-23 16:14:42.502 TRACE [7e46d8cc] org.hibernate.orm.jdbc.bind - binding parameter (1:BIGINT) <- [841024]
2026-04-23 16:14:42.155 DEBUG [81f08058] org.hibernate.SQL - 
    /* <criteria> */ select
        m1_0.id,
        m1_0.created_at,
        m1_0.email,
        m1_0.name,
        m1_0.nickname,
        m1_0.password,
        m1_0.profile_image_url,
        m1_0.role,
        m1_0.social_type,
        m1_0.status,
        m1_0.updated_at 
    from
        member m1_0 
    where
        m1_0.email=? 
        and m1_0.role=?
2026-04-23 16:14:42.503 TRACE [1dec32ca] org.hibernate.orm.jdbc.bind - binding parameter (1:VARCHAR) <- [guide27@localGuest.com]
2026-04-23 16:14:42.503 TRACE [1dec32ca] org.hibernate.orm.jdbc.bind - binding parameter (2:ENUM) <- [GUIDE]
2026-04-23 16:14:42.503 TRACE [81f08058] org.hibernate.orm.jdbc.bind - binding parameter (1:VARCHAR) <- [guide27@localGuest.com]
2026-04-23 16:14:42.504 TRACE [81f08058] org.hibernate.orm.jdbc.bind - binding parameter (2:ENUM) <- [GUIDE]
2026-04-23 16:14:42.507 DEBUG [1dec32ca] org.hibernate.SQL - 
    /* <criteria> */ select
        gp1_0.id,
        gp1_0.average_rating,
        gp1_0.bio,
        gp1_0.created_at,
        gp1_0.default_course,
        gp1_0.guide_style,
        gp1_0.is_active,
        gp1_0.is_approved,
        gp1_0.keywords,
        gp1_0.language,
        gp1_0.local_story,
        gp1_0.member_id,
        gp1_0.nickname,
        gp1_0.price_per_hour,
        gp1_0.profile_image,
        gp1_0.region,
        gp1_0.residence_years,
        gp1_0.review_count,
        gp1_0.updated_at 
    from
        guide_profiles gp1_0 
    where
        gp1_0.member_id=?
2026-04-23 16:14:42.508 DEBUG [7e46d8cc] org.hibernate.SQL - 
    /* <criteria> */ select
        gi1_0.id,
        gi1_0.created_at,
        gi1_0.guide_id,
        gi1_0.image_url,
        gi1_0.is_main,
        gi1_0.sort_order,
        gi1_0.updated_at 
    from
        guide_images gi1_0 
    left join
        guide_profiles gp1_0 
            on gp1_0.id=gi1_0.guide_id 
    where
        gp1_0.id=? 
    order by
        gi1_0.sort_order
2026-04-23 16:14:42.507 DEBUG [81f08058] org.hibernate.SQL - 
    /* <criteria> */ select
        gp1_0.id,
        gp1_0.average_rating,
        gp1_0.bio,
        gp1_0.created_at,
        gp1_0.default_course,
        gp1_0.guide_style,
        gp1_0.is_active,
        gp1_0.is_approved,
        gp1_0.keywords,
        gp1_0.language,
        gp1_0.local_story,
        gp1_0.member_id,
        gp1_0.nickname,
        gp1_0.price_per_hour,
        gp1_0.profile_image,
        gp1_0.region,
        gp1_0.residence_years,
        gp1_0.review_count,
        gp1_0.updated_at 
    from
        guide_profiles gp1_0 
    where
        gp1_0.member_id=?
2026-04-23 16:14:42.509 INFO  [3eab553f] c.t.a.logging.MdcLoggingFilter - [HTTP] 요청 완료 - statusCode: 200, latencyMs: 2583, requestUri: /api/matching/requests/guide/list, method: GET
2026-04-23 16:14:47.227 TRACE [1dec32ca] org.hibernate.orm.jdbc.bind - binding parameter (1:BIGINT) <- [940027]
2026-04-23 16:14:45.365 DEBUG [91877bc7] org.hibernate.SQL - 
    select
        gp1_0.id,
        gp1_0.average_rating,
        gp1_0.bio,
        gp1_0.created_at,
        gp1_0.default_course,
        gp1_0.guide_style,
        gp1_0.is_active,
        gp1_0.is_approved,
        gp1_0.keywords,
        gp1_0.language,
        gp1_0.local_story,
        gp1_0.member_id,
        gp1_0.nickname,
        gp1_0.price_per_hour,
        gp1_0.profile_image,
        gp1_0.region,
        gp1_0.residence_years,
        gp1_0.review_count,
        gp1_0.updated_at 
    from
        guide_profiles gp1_0 
    where
        gp1_0.id=?
2026-04-23 16:14:47.233 TRACE [7e46d8cc] org.hibernate.orm.jdbc.bind - binding parameter (1:BIGINT) <- [841024]
2026-04-23 16:14:47.233 TRACE [81f08058] org.hibernate.orm.jdbc.bind - binding parameter (1:BIGINT) <- [940027]
2026-04-23 16:14:47.237 TRACE [91877bc7] org.hibernate.orm.jdbc.bind - binding parameter (1:BIGINT) <- [841024]
2026-04-23 16:14:47.269 INFO  [7e46d8cc] c.t.a.logging.MdcLoggingFilter - [HTTP] 요청 완료 - statusCode: 200, latencyMs: 6064, requestUri: /api/guides/841024/detail, method: GET
2026-04-23 16:14:47.244 DEBUG [1dec32ca] org.hibernate.SQL - 
    select
        mr1_0.id,
        mr1_0.budget_max_won,
        mr1_0.budget_min_won,
        mr1_0.cancel_reason,
        mr1_0.cancelled_by,
        mr1_0.concept,
        mr1_0.concept_summary,
        mr1_0.created_at,
        mr1_0.desired_budget,
        mr1_0.desired_date,
        mr1_0.destination,
        mr1_0.guest_id,
        mr1_0.guide_id,
        mr1_0.guide_schedule_id,
        mr1_0.propose_message,
        mr1_0.proposed_schedule,
        mr1_0.status,
        mr1_0.updated_at 
    from
        match_request mr1_0 
    where
        mr1_0.id=?
2026-04-23 16:14:47.277 TRACE [1dec32ca] org.hibernate.orm.jdbc.bind - binding parameter (1:BIGINT) <- [862102]
2026-04-23 16:14:47.292 DEBUG [81f08058] org.hibernate.SQL - 
    select
        mr1_0.id,
        mr1_0.budget_max_won,
        mr1_0.budget_min_won,
        mr1_0.cancel_reason,
        mr1_0.cancelled_by,
        mr1_0.concept,
        mr1_0.concept_summary,
        mr1_0.created_at,
        mr1_0.desired_budget,
        mr1_0.desired_date,
        mr1_0.destination,
        mr1_0.guest_id,
        mr1_0.guide_id,
        mr1_0.guide_schedule_id,
        mr1_0.propose_message,
        mr1_0.proposed_schedule,
        mr1_0.status,
        mr1_0.updated_at 
    from
        match_request mr1_0 
    where
        mr1_0.id=?
2026-04-23 16:14:47.294 TRACE [81f08058] org.hibernate.orm.jdbc.bind - binding parameter (1:BIGINT) <- [862027]
2026-04-23 16:14:47.301 DEBUG [1dec32ca] org.hibernate.SQL - 
    /* <criteria> */ select
        te1_0.id,
        te1_0.created_at,
        te1_0.deadline_at,
        te1_0.extended_date,
        te1_0.extended_price,
        te1_0.guest_id,
        te1_0.guide_approved_at,
        te1_0.match_request_id,
        te1_0.requested_at,
        te1_0.status,
        te1_0.updated_at 
    from
        tour_extension te1_0 
    left join
        match_request mr1_0 
            on mr1_0.id=te1_0.match_request_id 
    where
        mr1_0.id=?
2026-04-23 16:14:47.303 DEBUG [91877bc7] org.hibernate.SQL - 
    /* <criteria> */ select
        gf1_0.id,
        gf1_0.content,
        gf1_0.created_at,
        gf1_0.guide_id,
        gf1_0.image_url,
        gf1_0.is_deleted,
        gf1_0.updated_at 
    from
        guide_feeds gf1_0 
    left join
        guide_profiles gp1_0 
            on gp1_0.id=gf1_0.guide_id 
    where
        gp1_0.id=? 
        and not(gf1_0.is_deleted) 
    order by
        gf1_0.created_at desc
2026-04-23 16:14:47.327 TRACE [1dec32ca] org.hibernate.orm.jdbc.bind - binding parameter (1:BIGINT) <- [862102]
2026-04-23 16:14:47.316 DEBUG [81f08058] org.hibernate.SQL - 
    /* <criteria> */ select
        te1_0.id,
        te1_0.created_at,
        te1_0.deadline_at,
        te1_0.extended_date,
        te1_0.extended_price,
        te1_0.guest_id,
        te1_0.guide_approved_at,
        te1_0.match_request_id,
        te1_0.requested_at,
        te1_0.status,
        te1_0.updated_at 
    from
        tour_extension te1_0 
    left join
        match_request mr1_0 
            on mr1_0.id=te1_0.match_request_id 
    where
        mr1_0.id=?
2026-04-23 16:14:47.332 TRACE [91877bc7] org.hibernate.orm.jdbc.bind - binding parameter (1:BIGINT) <- [841024]
2026-04-23 16:14:47.335 TRACE [81f08058] org.hibernate.orm.jdbc.bind - binding parameter (1:BIGINT) <- [862027]
2026-04-23 16:14:47.349 INFO  [1dec32ca] c.t.a.logging.MdcLoggingFilter - [HTTP] 요청 완료 - statusCode: 204, latencyMs: 5242, requestUri: /api/matching/extensions/862102, method: GET
2026-04-23 16:14:47.348 DEBUG [91877bc7] org.hibernate.SQL - 
    /* <criteria> */ select
        gc1_0.id,
        gc1_0.acquired_at,
        gc1_0.created_at,
        gc1_0.description,
        gc1_0.guide_id,
        gc1_0.title,
        gc1_0.updated_at 
    from
        guide_careers gc1_0 
    left join
        guide_profiles gp1_0 
            on gp1_0.id=gc1_0.guide_id 
    where
        gp1_0.id=?
2026-04-23 16:14:47.356 TRACE [91877bc7] org.hibernate.orm.jdbc.bind - binding parameter (1:BIGINT) <- [841024]
2026-04-23 16:14:47.362 INFO  [81f08058] c.t.a.logging.MdcLoggingFilter - [HTTP] 요청 완료 - statusCode: 204, latencyMs: 5242, requestUri: /api/matching/extensions/862027, method: GET
2026-04-23 16:14:47.363 DEBUG [91877bc7] org.hibernate.SQL - 
    /* <criteria> */ select
        gi1_0.id,
        gi1_0.created_at,
        gi1_0.guide_id,
        gi1_0.image_url,
        gi1_0.is_main,
        gi1_0.sort_order,
        gi1_0.updated_at 
    from
        guide_images gi1_0 
    left join
        guide_profiles gp1_0 
            on gp1_0.id=gi1_0.guide_id 
    where
        gp1_0.id=? 
    order by
        gi1_0.sort_order
2026-04-23 16:14:47.370 TRACE [91877bc7] org.hibernate.orm.jdbc.bind - binding parameter (1:BIGINT) <- [841024]
2026-04-23 16:14:47.387 INFO  [91877bc7] c.t.a.logging.MdcLoggingFilter - [HTTP] 요청 완료 - statusCode: 200, latencyMs: 2096, requestUri: /api/guides/841024/detail, method: GET
2026-04-23 16:14:47.419 DEBUG [9d1a4548] org.hibernate.SQL - 
    select
        gp1_0.id,
        gp1_0.average_rating,
        gp1_0.bio,
        gp1_0.created_at,
        gp1_0.default_course,
        gp1_0.guide_style,
        gp1_0.is_active,
        gp1_0.is_approved,
        gp1_0.keywords,
        gp1_0.language,
        gp1_0.local_story,
        gp1_0.member_id,
        gp1_0.nickname,
        gp1_0.price_per_hour,
        gp1_0.profile_image,
        gp1_0.region,
        gp1_0.residence_years,
        gp1_0.review_count,
        gp1_0.updated_at 
    from
        guide_profiles gp1_0 
    where
        gp1_0.id=?
2026-04-23 16:14:47.423 TRACE [9d1a4548] org.hibernate.orm.jdbc.bind - binding parameter (1:BIGINT) <- [841024]
2026-04-23 16:14:47.437 DEBUG [b08e0df7] org.hibernate.SQL - 
    /* <criteria> */ select
        m1_0.id,
        m1_0.created_at,
        m1_0.email,
        m1_0.name,
        m1_0.nickname,
        m1_0.password,
        m1_0.profile_image_url,
        m1_0.role,
        m1_0.social_type,
        m1_0.status,
        m1_0.updated_at 
    from
        member m1_0 
    where
        m1_0.email=? 
        and m1_0.role=?
2026-04-23 16:14:47.437 DEBUG [9d1a4548] org.hibernate.SQL - 
    /* <criteria> */ select
        gf1_0.id,
        gf1_0.content,
        gf1_0.created_at,
        gf1_0.guide_id,
        gf1_0.image_url,
        gf1_0.is_deleted,
        gf1_0.updated_at 
    from
        guide_feeds gf1_0 
    left join
        guide_profiles gp1_0 
            on gp1_0.id=gf1_0.guide_id 
    where
        gp1_0.id=? 
        and not(gf1_0.is_deleted) 
    order by
        gf1_0.created_at desc
2026-04-23 16:14:47.442 TRACE [9d1a4548] org.hibernate.orm.jdbc.bind - binding parameter (1:BIGINT) <- [841024]
2026-04-23 16:14:47.442 TRACE [b08e0df7] org.hibernate.orm.jdbc.bind - binding parameter (1:VARCHAR) <- [guest04@localGuest.com]
2026-04-23 16:14:47.443 TRACE [b08e0df7] org.hibernate.orm.jdbc.bind - binding parameter (2:ENUM) <- [GUEST]
2026-04-23 16:14:47.459 DEBUG [9d1a4548] org.hibernate.SQL - 
    /* <criteria> */ select
        gc1_0.id,
        gc1_0.acquired_at,
        gc1_0.created_at,
        gc1_0.description,
        gc1_0.guide_id,
        gc1_0.title,
        gc1_0.updated_at 
    from
        guide_careers gc1_0 
    left join
        guide_profiles gp1_0 
            on gp1_0.id=gc1_0.guide_id 
    where
        gp1_0.id=?
2026-04-23 16:14:47.461 TRACE [9d1a4548] org.hibernate.orm.jdbc.bind - binding parameter (1:BIGINT) <- [841024]
2026-04-23 16:14:47.461 DEBUG [b08e0df7] org.hibernate.SQL - 
    /* <criteria> */ select
        mr1_0.id,
        mr1_0.budget_max_won,
        mr1_0.budget_min_won,
        mr1_0.cancel_reason,
        mr1_0.cancelled_by,
        mr1_0.concept,
        mr1_0.concept_summary,
        mr1_0.created_at,
        mr1_0.desired_budget,
        mr1_0.desired_date,
        mr1_0.destination,
        mr1_0.guest_id,
        mr1_0.guide_id,
        mr1_0.guide_schedule_id,
        mr1_0.propose_message,
        mr1_0.proposed_schedule,
        mr1_0.status,
        mr1_0.updated_at 
    from
        match_request mr1_0 
    where
        mr1_0.guest_id=?
2026-04-23 16:14:47.463 TRACE [b08e0df7] org.hibernate.orm.jdbc.bind - binding parameter (1:BIGINT) <- [941004]
2026-04-23 16:14:47.476 DEBUG [9d1a4548] org.hibernate.SQL - 
    /* <criteria> */ select
        gi1_0.id,
        gi1_0.created_at,
        gi1_0.guide_id,
        gi1_0.image_url,
        gi1_0.is_main,
        gi1_0.sort_order,
        gi1_0.updated_at 
    from
        guide_images gi1_0 
    left join
        guide_profiles gp1_0 
            on gp1_0.id=gi1_0.guide_id 
    where
        gp1_0.id=? 
    order by
        gi1_0.sort_order
2026-04-23 16:14:47.478 TRACE [9d1a4548] org.hibernate.orm.jdbc.bind - binding parameter (1:BIGINT) <- [841024]
2026-04-23 16:14:47.493 INFO  [b08e0df7] c.t.a.logging.MdcLoggingFilter - [HTTP] 요청 완료 - statusCode: 200, latencyMs: 80, requestUri: /api/matching/requests/guest/list, method: GET
2026-04-23 16:14:47.505 INFO  [9d1a4548] c.t.a.logging.MdcLoggingFilter - [HTTP] 요청 완료 - statusCode: 200, latencyMs: 99, requestUri: /api/guides/841024/detail, method: GET
2026-04-23 16:14:47.599 DEBUG [8e298df8] org.hibernate.SQL - 
    /* <criteria> */ select
        m1_0.id,
        m1_0.created_at,
        m1_0.email,
        m1_0.name,
        m1_0.nickname,
        m1_0.password,
        m1_0.profile_image_url,
        m1_0.role,
        m1_0.social_type,
        m1_0.status,
        m1_0.updated_at 
    from
        member m1_0 
    where
        m1_0.email=? 
        and m1_0.role=?
2026-04-23 16:14:47.600 TRACE [8e298df8] org.hibernate.orm.jdbc.bind - binding parameter (1:VARCHAR) <- [guest04@localGuest.com]
2026-04-23 16:14:47.602 TRACE [8e298df8] org.hibernate.orm.jdbc.bind - binding parameter (2:ENUM) <- [GUEST]
2026-04-23 16:14:47.656 DEBUG [8e298df8] org.hibernate.SQL - 
    /* <criteria> */ select
        mr1_0.id,
        mr1_0.budget_max_won,
        mr1_0.budget_min_won,
        mr1_0.cancel_reason,
        mr1_0.cancelled_by,
        mr1_0.concept,
        mr1_0.concept_summary,
        mr1_0.created_at,
        mr1_0.desired_budget,
        mr1_0.desired_date,
        mr1_0.destination,
        mr1_0.guest_id,
        mr1_0.guide_id,
        mr1_0.guide_schedule_id,
        mr1_0.propose_message,
        mr1_0.proposed_schedule,
        mr1_0.status,
        mr1_0.updated_at 
    from
        match_request mr1_0 
    where
        mr1_0.guest_id=?
2026-04-23 16:14:47.659 TRACE [8e298df8] org.hibernate.orm.jdbc.bind - binding parameter (1:BIGINT) <- [941004]
2026-04-23 16:14:47.691 INFO  [8e298df8] c.t.a.logging.MdcLoggingFilter - [HTTP] 요청 완료 - statusCode: 200, latencyMs: 146, requestUri: /api/matching/requests/guest/list, method: GET
2026-04-23 16:15:00.028 DEBUG [] org.hibernate.SQL - 
    /* <criteria> */ select
        te1_0.id,
        te1_0.created_at,
        te1_0.deadline_at,
        te1_0.extended_date,
        te1_0.extended_price,
        te1_0.guest_id,
        te1_0.guide_approved_at,
        te1_0.match_request_id,
        te1_0.requested_at,
        te1_0.status,
        te1_0.updated_at 
    from
        tour_extension te1_0 
    where
        te1_0.status=? 
        and te1_0.deadline_at<?
2026-04-23 16:15:00.034 TRACE [] org.hibernate.orm.jdbc.bind - binding parameter (1:ENUM) <- [REQUESTED]
2026-04-23 16:15:00.036 TRACE [] org.hibernate.orm.jdbc.bind - binding parameter (2:TIMESTAMP) <- [2026-04-23T16:15:00.017778800]
2026-04-23 16:15:09.269 DEBUG [6a931587] org.hibernate.SQL - 
    /* <criteria> */ select
        m1_0.id,
        m1_0.created_at,
        m1_0.email,
        m1_0.name,
        m1_0.nickname,
        m1_0.password,
        m1_0.profile_image_url,
        m1_0.role,
        m1_0.social_type,
        m1_0.status,
        m1_0.updated_at 
    from
        member m1_0 
    where
        m1_0.email=? 
        and m1_0.role=?
2026-04-23 16:15:09.273 TRACE [6a931587] org.hibernate.orm.jdbc.bind - binding parameter (1:VARCHAR) <- [guide27@localGuest.com]
2026-04-23 16:15:09.275 TRACE [6a931587] org.hibernate.orm.jdbc.bind - binding parameter (2:ENUM) <- [GUIDE]
2026-04-23 16:15:09.288 DEBUG [6a931587] org.hibernate.SQL - 
    /* <criteria> */ select
        gp1_0.id,
        gp1_0.average_rating,
        gp1_0.bio,
        gp1_0.created_at,
        gp1_0.default_course,
        gp1_0.guide_style,
        gp1_0.is_active,
        gp1_0.is_approved,
        gp1_0.keywords,
        gp1_0.language,
        gp1_0.local_story,
        gp1_0.member_id,
        gp1_0.nickname,
        gp1_0.price_per_hour,
        gp1_0.profile_image,
        gp1_0.region,
        gp1_0.residence_years,
        gp1_0.review_count,
        gp1_0.updated_at 
    from
        guide_profiles gp1_0 
    where
        gp1_0.member_id=?
2026-04-23 16:15:09.292 TRACE [6a931587] org.hibernate.orm.jdbc.bind - binding parameter (1:BIGINT) <- [940027]
2026-04-23 16:15:09.318 DEBUG [6a931587] org.hibernate.SQL - 
    /* <criteria> */ select
        mr1_0.id,
        mr1_0.budget_max_won,
        mr1_0.budget_min_won,
        mr1_0.cancel_reason,
        mr1_0.cancelled_by,
        mr1_0.concept,
        mr1_0.concept_summary,
        mr1_0.created_at,
        mr1_0.desired_budget,
        mr1_0.desired_date,
        mr1_0.destination,
        mr1_0.guest_id,
        mr1_0.guide_id,
        mr1_0.guide_schedule_id,
        mr1_0.propose_message,
        mr1_0.proposed_schedule,
        mr1_0.status,
        mr1_0.updated_at 
    from
        match_request mr1_0 
    where
        mr1_0.guide_id=?
2026-04-23 16:15:09.322 TRACE [6a931587] org.hibernate.orm.jdbc.bind - binding parameter (1:BIGINT) <- [841027]
2026-04-23 16:15:09.353 INFO  [6a931587] c.t.a.logging.MdcLoggingFilter - [HTTP] 요청 완료 - statusCode: 200, latencyMs: 114, requestUri: /api/matching/requests/guide/list, method: GET
2026-04-23 16:16:00.060 DEBUG [] org.hibernate.SQL - 
    /* <criteria> */ select
        te1_0.id,
        te1_0.created_at,
        te1_0.deadline_at,
        te1_0.extended_date,
        te1_0.extended_price,
        te1_0.guest_id,
        te1_0.guide_approved_at,
        te1_0.match_request_id,
        te1_0.requested_at,
        te1_0.status,
        te1_0.updated_at 
    from
        tour_extension te1_0 
    where
        te1_0.status=? 
        and te1_0.deadline_at<?
2026-04-23 16:16:00.070 TRACE [] org.hibernate.orm.jdbc.bind - binding parameter (1:ENUM) <- [REQUESTED]
2026-04-23 16:16:00.079 TRACE [] org.hibernate.orm.jdbc.bind - binding parameter (2:TIMESTAMP) <- [2026-04-23T16:16:00.026146900]
2026-04-23 16:16:03.636 DEBUG [41c1a8f4] org.hibernate.SQL - 
    select
        gp1_0.id,
        gp1_0.average_rating,
        gp1_0.bio,
        gp1_0.created_at,
        gp1_0.default_course,
        gp1_0.guide_style,
        gp1_0.is_active,
        gp1_0.is_approved,
        gp1_0.keywords,
        gp1_0.language,
        gp1_0.local_story,
        gp1_0.member_id,
        gp1_0.nickname,
        gp1_0.price_per_hour,
        gp1_0.profile_image,
        gp1_0.region,
        gp1_0.residence_years,
        gp1_0.review_count,
        gp1_0.updated_at 
    from
        guide_profiles gp1_0 
    where
        gp1_0.id=?
2026-04-23 16:16:03.640 TRACE [41c1a8f4] org.hibernate.orm.jdbc.bind - binding parameter (1:BIGINT) <- [841024]
2026-04-23 16:16:03.658 DEBUG [41c1a8f4] org.hibernate.SQL - 
    /* <criteria> */ select
        gf1_0.id,
        gf1_0.content,
        gf1_0.created_at,
        gf1_0.guide_id,
        gf1_0.image_url,
        gf1_0.is_deleted,
        gf1_0.updated_at 
    from
        guide_feeds gf1_0 
    left join
        guide_profiles gp1_0 
            on gp1_0.id=gf1_0.guide_id 
    where
        gp1_0.id=? 
        and not(gf1_0.is_deleted) 
    order by
        gf1_0.created_at desc
2026-04-23 16:16:03.660 TRACE [41c1a8f4] org.hibernate.orm.jdbc.bind - binding parameter (1:BIGINT) <- [841024]
2026-04-23 16:16:03.673 DEBUG [41c1a8f4] org.hibernate.SQL - 
    /* <criteria> */ select
        gc1_0.id,
        gc1_0.acquired_at,
        gc1_0.created_at,
        gc1_0.description,
        gc1_0.guide_id,
        gc1_0.title,
        gc1_0.updated_at 
    from
        guide_careers gc1_0 
    left join
        guide_profiles gp1_0 
            on gp1_0.id=gc1_0.guide_id 
    where
        gp1_0.id=?
2026-04-23 16:16:03.675 TRACE [41c1a8f4] org.hibernate.orm.jdbc.bind - binding parameter (1:BIGINT) <- [841024]
2026-04-23 16:16:03.691 DEBUG [41c1a8f4] org.hibernate.SQL - 
    /* <criteria> */ select
        gi1_0.id,
        gi1_0.created_at,
        gi1_0.guide_id,
        gi1_0.image_url,
        gi1_0.is_main,
        gi1_0.sort_order,
        gi1_0.updated_at 
    from
        guide_images gi1_0 
    left join
        guide_profiles gp1_0 
            on gp1_0.id=gi1_0.guide_id 
    where
        gp1_0.id=? 
    order by
        gi1_0.sort_order
2026-04-23 16:16:03.692 TRACE [41c1a8f4] org.hibernate.orm.jdbc.bind - binding parameter (1:BIGINT) <- [841024]
2026-04-23 16:16:03.725 INFO  [41c1a8f4] c.t.a.logging.MdcLoggingFilter - [HTTP] 요청 완료 - statusCode: 200, latencyMs: 139, requestUri: /api/guides/841024/detail, method: GET
2026-04-23 16:16:03.786 DEBUG [89aa9ec8] org.hibernate.SQL - 
    /* <criteria> */ select
        m1_0.id,
        m1_0.created_at,
        m1_0.email,
        m1_0.name,
        m1_0.nickname,
        m1_0.password,
        m1_0.profile_image_url,
        m1_0.role,
        m1_0.social_type,
        m1_0.status,
        m1_0.updated_at 
    from
        member m1_0 
    where
        m1_0.email=? 
        and m1_0.role=?
2026-04-23 16:16:03.795 TRACE [89aa9ec8] org.hibernate.orm.jdbc.bind - binding parameter (1:VARCHAR) <- [guest04@localGuest.com]
2026-04-23 16:16:03.796 TRACE [89aa9ec8] org.hibernate.orm.jdbc.bind - binding parameter (2:ENUM) <- [GUEST]
2026-04-23 16:16:03.822 DEBUG [89aa9ec8] org.hibernate.SQL - 
    /* <criteria> */ select
        mr1_0.id,
        mr1_0.budget_max_won,
        mr1_0.budget_min_won,
        mr1_0.cancel_reason,
        mr1_0.cancelled_by,
        mr1_0.concept,
        mr1_0.concept_summary,
        mr1_0.created_at,
        mr1_0.desired_budget,
        mr1_0.desired_date,
        mr1_0.destination,
        mr1_0.guest_id,
        mr1_0.guide_id,
        mr1_0.guide_schedule_id,
        mr1_0.propose_message,
        mr1_0.proposed_schedule,
        mr1_0.status,
        mr1_0.updated_at 
    from
        match_request mr1_0 
    where
        mr1_0.guest_id=?
2026-04-23 16:16:03.827 TRACE [89aa9ec8] org.hibernate.orm.jdbc.bind - binding parameter (1:BIGINT) <- [941004]
2026-04-23 16:16:03.852 INFO  [89aa9ec8] c.t.a.logging.MdcLoggingFilter - [HTTP] 요청 완료 - statusCode: 200, latencyMs: 90, requestUri: /api/matching/requests/guest/list, method: GET
2026-04-23 16:16:28.150 DEBUG [e511f1dd] org.hibernate.SQL - 
    /* <criteria> */ select
        m1_0.id,
        m1_0.created_at,
        m1_0.email,
        m1_0.name,
        m1_0.nickname,
        m1_0.password,
        m1_0.profile_image_url,
        m1_0.role,
        m1_0.social_type,
        m1_0.status,
        m1_0.updated_at 
    from
        member m1_0 
    where
        m1_0.email=? 
        and m1_0.role=?
2026-04-23 16:16:28.153 TRACE [e511f1dd] org.hibernate.orm.jdbc.bind - binding parameter (1:VARCHAR) <- [guide27@localGuest.com]
2026-04-23 16:16:28.154 TRACE [e511f1dd] org.hibernate.orm.jdbc.bind - binding parameter (2:ENUM) <- [GUIDE]
2026-04-23 16:16:28.158 DEBUG [e511f1dd] org.hibernate.SQL - 
    /* <criteria> */ select
        gp1_0.id,
        gp1_0.average_rating,
        gp1_0.bio,
        gp1_0.created_at,
        gp1_0.default_course,
        gp1_0.guide_style,
        gp1_0.is_active,
        gp1_0.is_approved,
        gp1_0.keywords,
        gp1_0.language,
        gp1_0.local_story,
        gp1_0.member_id,
        gp1_0.nickname,
        gp1_0.price_per_hour,
        gp1_0.profile_image,
        gp1_0.region,
        gp1_0.residence_years,
        gp1_0.review_count,
        gp1_0.updated_at 
    from
        guide_profiles gp1_0 
    where
        gp1_0.member_id=?
2026-04-23 16:16:28.159 TRACE [e511f1dd] org.hibernate.orm.jdbc.bind - binding parameter (1:BIGINT) <- [940027]
2026-04-23 16:16:28.167 DEBUG [e511f1dd] org.hibernate.SQL - 
    /* <criteria> */ select
        mr1_0.id,
        mr1_0.budget_max_won,
        mr1_0.budget_min_won,
        mr1_0.cancel_reason,
        mr1_0.cancelled_by,
        mr1_0.concept,
        mr1_0.concept_summary,
        mr1_0.created_at,
        mr1_0.desired_budget,
        mr1_0.desired_date,
        mr1_0.destination,
        mr1_0.guest_id,
        mr1_0.guide_id,
        mr1_0.guide_schedule_id,
        mr1_0.propose_message,
        mr1_0.proposed_schedule,
        mr1_0.status,
        mr1_0.updated_at 
    from
        match_request mr1_0 
    where
        mr1_0.guide_id=?
2026-04-23 16:16:28.168 TRACE [e511f1dd] org.hibernate.orm.jdbc.bind - binding parameter (1:BIGINT) <- [841027]
2026-04-23 16:16:28.185 INFO  [e511f1dd] c.t.a.logging.MdcLoggingFilter - [HTTP] 요청 완료 - statusCode: 200, latencyMs: 50, requestUri: /api/matching/requests/guide/list, method: GET
2026-04-23 16:17:00.026 DEBUG [] org.hibernate.SQL - 
    /* <criteria> */ select
        te1_0.id,
        te1_0.created_at,
        te1_0.deadline_at,
        te1_0.extended_date,
        te1_0.extended_price,
        te1_0.guest_id,
        te1_0.guide_approved_at,
        te1_0.match_request_id,
        te1_0.requested_at,
        te1_0.status,
        te1_0.updated_at 
    from
        tour_extension te1_0 
    where
        te1_0.status=? 
        and te1_0.deadline_at<?
2026-04-23 16:17:00.027 TRACE [] org.hibernate.orm.jdbc.bind - binding parameter (1:ENUM) <- [REQUESTED]
2026-04-23 16:17:00.027 TRACE [] org.hibernate.orm.jdbc.bind - binding parameter (2:TIMESTAMP) <- [2026-04-23T16:17:00.019298]
2026-04-23 16:17:30.807 DEBUG [dd108add] org.hibernate.SQL - 
    /* <criteria> */ select
        m1_0.id,
        m1_0.created_at,
        m1_0.email,
        m1_0.name,
        m1_0.nickname,
        m1_0.password,
        m1_0.profile_image_url,
        m1_0.role,
        m1_0.social_type,
        m1_0.status,
        m1_0.updated_at 
    from
        member m1_0 
    where
        m1_0.email=? 
        and m1_0.role=?
2026-04-23 16:17:30.810 TRACE [dd108add] org.hibernate.orm.jdbc.bind - binding parameter (1:VARCHAR) <- [guide27@localGuest.com]
2026-04-23 16:17:30.813 TRACE [dd108add] org.hibernate.orm.jdbc.bind - binding parameter (2:ENUM) <- [GUIDE]
2026-04-23 16:17:30.820 DEBUG [dd108add] org.hibernate.SQL - 
    /* <criteria> */ select
        gp1_0.id,
        gp1_0.average_rating,
        gp1_0.bio,
        gp1_0.created_at,
        gp1_0.default_course,
        gp1_0.guide_style,
        gp1_0.is_active,
        gp1_0.is_approved,
        gp1_0.keywords,
        gp1_0.language,
        gp1_0.local_story,
        gp1_0.member_id,
        gp1_0.nickname,
        gp1_0.price_per_hour,
        gp1_0.profile_image,
        gp1_0.region,
        gp1_0.residence_years,
        gp1_0.review_count,
        gp1_0.updated_at 
    from
        guide_profiles gp1_0 
    where
        gp1_0.member_id=?
2026-04-23 16:17:30.820 TRACE [dd108add] org.hibernate.orm.jdbc.bind - binding parameter (1:BIGINT) <- [940027]
2026-04-23 16:17:30.832 DEBUG [dd108add] org.hibernate.SQL - 
    /* <criteria> */ select
        mr1_0.id,
        mr1_0.budget_max_won,
        mr1_0.budget_min_won,
        mr1_0.cancel_reason,
        mr1_0.cancelled_by,
        mr1_0.concept,
        mr1_0.concept_summary,
        mr1_0.created_at,
        mr1_0.desired_budget,
        mr1_0.desired_date,
        mr1_0.destination,
        mr1_0.guest_id,
        mr1_0.guide_id,
        mr1_0.guide_schedule_id,
        mr1_0.propose_message,
        mr1_0.proposed_schedule,
        mr1_0.status,
        mr1_0.updated_at 
    from
        match_request mr1_0 
    where
        mr1_0.guide_id=?
2026-04-23 16:17:30.832 TRACE [dd108add] org.hibernate.orm.jdbc.bind - binding parameter (1:BIGINT) <- [841027]
2026-04-23 16:17:30.841 INFO  [dd108add] c.t.a.logging.MdcLoggingFilter - [HTTP] 요청 완료 - statusCode: 200, latencyMs: 113, requestUri: /api/matching/requests/guide/list, method: GET
2026-04-23 16:18:00.035 DEBUG [] org.hibernate.SQL - 
    /* <criteria> */ select
        te1_0.id,
        te1_0.created_at,
        te1_0.deadline_at,
        te1_0.extended_date,
        te1_0.extended_price,
        te1_0.guest_id,
        te1_0.guide_approved_at,
        te1_0.match_request_id,
        te1_0.requested_at,
        te1_0.status,
        te1_0.updated_at 
    from
        tour_extension te1_0 
    where
        te1_0.status=? 
        and te1_0.deadline_at<?
2026-04-23 16:18:00.043 TRACE [] org.hibernate.orm.jdbc.bind - binding parameter (1:ENUM) <- [REQUESTED]
2026-04-23 16:18:00.047 TRACE [] org.hibernate.orm.jdbc.bind - binding parameter (2:TIMESTAMP) <- [2026-04-23T16:18:00.021691900]
2026-04-23 16:18:28.218 DEBUG [328f313d] org.hibernate.SQL - 
    /* <criteria> */ select
        m1_0.id,
        m1_0.created_at,
        m1_0.email,
        m1_0.name,
        m1_0.nickname,
        m1_0.password,
        m1_0.profile_image_url,
        m1_0.role,
        m1_0.social_type,
        m1_0.status,
        m1_0.updated_at 
    from
        member m1_0 
    where
        m1_0.email=? 
        and m1_0.role=?
2026-04-23 16:18:28.223 TRACE [328f313d] org.hibernate.orm.jdbc.bind - binding parameter (1:VARCHAR) <- [guide27@localGuest.com]
2026-04-23 16:18:28.225 TRACE [328f313d] org.hibernate.orm.jdbc.bind - binding parameter (2:ENUM) <- [GUIDE]
2026-04-23 16:18:28.238 DEBUG [328f313d] org.hibernate.SQL - 
    /* <criteria> */ select
        gp1_0.id,
        gp1_0.average_rating,
        gp1_0.bio,
        gp1_0.created_at,
        gp1_0.default_course,
        gp1_0.guide_style,
        gp1_0.is_active,
        gp1_0.is_approved,
        gp1_0.keywords,
        gp1_0.language,
        gp1_0.local_story,
        gp1_0.member_id,
        gp1_0.nickname,
        gp1_0.price_per_hour,
        gp1_0.profile_image,
        gp1_0.region,
        gp1_0.residence_years,
        gp1_0.review_count,
        gp1_0.updated_at 
    from
        guide_profiles gp1_0 
    where
        gp1_0.member_id=?
2026-04-23 16:18:28.240 TRACE [328f313d] org.hibernate.orm.jdbc.bind - binding parameter (1:BIGINT) <- [940027]
2026-04-23 16:18:28.255 DEBUG [328f313d] org.hibernate.SQL - 
    /* <criteria> */ select
        mr1_0.id,
        mr1_0.budget_max_won,
        mr1_0.budget_min_won,
        mr1_0.cancel_reason,
        mr1_0.cancelled_by,
        mr1_0.concept,
        mr1_0.concept_summary,
        mr1_0.created_at,
        mr1_0.desired_budget,
        mr1_0.desired_date,
        mr1_0.destination,
        mr1_0.guest_id,
        mr1_0.guide_id,
        mr1_0.guide_schedule_id,
        mr1_0.propose_message,
        mr1_0.proposed_schedule,
        mr1_0.status,
        mr1_0.updated_at 
    from
        match_request mr1_0 
    where
        mr1_0.guide_id=?
2026-04-23 16:18:28.258 TRACE [328f313d] org.hibernate.orm.jdbc.bind - binding parameter (1:BIGINT) <- [841027]
2026-04-23 16:18:28.275 INFO  [328f313d] c.t.a.logging.MdcLoggingFilter - [HTTP] 요청 완료 - statusCode: 200, latencyMs: 86, requestUri: /api/matching/requests/guide/list, method: GET
2026-04-23 16:19:00.021 DEBUG [] org.hibernate.SQL - 
    /* <criteria> */ select
        te1_0.id,
        te1_0.created_at,
        te1_0.deadline_at,
        te1_0.extended_date,
        te1_0.extended_price,
        te1_0.guest_id,
        te1_0.guide_approved_at,
        te1_0.match_request_id,
        te1_0.requested_at,
        te1_0.status,
        te1_0.updated_at 
    from
        tour_extension te1_0 
    where
        te1_0.status=? 
        and te1_0.deadline_at<?
2026-04-23 16:19:00.021 TRACE [] org.hibernate.orm.jdbc.bind - binding parameter (1:ENUM) <- [REQUESTED]
2026-04-23 16:19:00.023 TRACE [] org.hibernate.orm.jdbc.bind - binding parameter (2:TIMESTAMP) <- [2026-04-23T16:19:00.015536800]
2026-04-23 16:19:20.278 DEBUG [c02bb6d5] org.hibernate.SQL - 
    select
        gp1_0.id,
        gp1_0.average_rating,
        gp1_0.bio,
        gp1_0.created_at,
        gp1_0.default_course,
        gp1_0.guide_style,
        gp1_0.is_active,
        gp1_0.is_approved,
        gp1_0.keywords,
        gp1_0.language,
        gp1_0.local_story,
        gp1_0.member_id,
        gp1_0.nickname,
        gp1_0.price_per_hour,
        gp1_0.profile_image,
        gp1_0.region,
        gp1_0.residence_years,
        gp1_0.review_count,
        gp1_0.updated_at 
    from
        guide_profiles gp1_0 
    where
        gp1_0.id=?
2026-04-23 16:19:20.281 TRACE [c02bb6d5] org.hibernate.orm.jdbc.bind - binding parameter (1:BIGINT) <- [841024]
2026-04-23 16:19:20.338 DEBUG [c02bb6d5] org.hibernate.SQL - 
    /* <criteria> */ select
        gf1_0.id,
        gf1_0.content,
        gf1_0.created_at,
        gf1_0.guide_id,
        gf1_0.image_url,
        gf1_0.is_deleted,
        gf1_0.updated_at 
    from
        guide_feeds gf1_0 
    left join
        guide_profiles gp1_0 
            on gp1_0.id=gf1_0.guide_id 
    where
        gp1_0.id=? 
        and not(gf1_0.is_deleted) 
    order by
        gf1_0.created_at desc
2026-04-23 16:19:20.340 TRACE [c02bb6d5] org.hibernate.orm.jdbc.bind - binding parameter (1:BIGINT) <- [841024]
2026-04-23 16:19:20.368 DEBUG [c02bb6d5] org.hibernate.SQL - 
    /* <criteria> */ select
        gc1_0.id,
        gc1_0.acquired_at,
        gc1_0.created_at,
        gc1_0.description,
        gc1_0.guide_id,
        gc1_0.title,
        gc1_0.updated_at 
    from
        guide_careers gc1_0 
    left join
        guide_profiles gp1_0 
            on gp1_0.id=gc1_0.guide_id 
    where
        gp1_0.id=?
2026-04-23 16:19:20.371 TRACE [c02bb6d5] org.hibernate.orm.jdbc.bind - binding parameter (1:BIGINT) <- [841024]
2026-04-23 16:19:20.406 DEBUG [c02bb6d5] org.hibernate.SQL - 
    /* <criteria> */ select
        gi1_0.id,
        gi1_0.created_at,
        gi1_0.guide_id,
        gi1_0.image_url,
        gi1_0.is_main,
        gi1_0.sort_order,
        gi1_0.updated_at 
    from
        guide_images gi1_0 
    left join
        guide_profiles gp1_0 
            on gp1_0.id=gi1_0.guide_id 
    where
        gp1_0.id=? 
    order by
        gi1_0.sort_order
2026-04-23 16:19:20.408 TRACE [c02bb6d5] org.hibernate.orm.jdbc.bind - binding parameter (1:BIGINT) <- [841024]
2026-04-23 16:19:20.494 INFO  [c02bb6d5] c.t.a.logging.MdcLoggingFilter - [HTTP] 요청 완료 - statusCode: 200, latencyMs: 419, requestUri: /api/guides/841024/detail, method: GET
2026-04-23 16:19:20.589 DEBUG [6a154701] org.hibernate.SQL - 
    select
        gp1_0.id,
        gp1_0.average_rating,
        gp1_0.bio,
        gp1_0.created_at,
        gp1_0.default_course,
        gp1_0.guide_style,
        gp1_0.is_active,
        gp1_0.is_approved,
        gp1_0.keywords,
        gp1_0.language,
        gp1_0.local_story,
        gp1_0.member_id,
        gp1_0.nickname,
        gp1_0.price_per_hour,
        gp1_0.profile_image,
        gp1_0.region,
        gp1_0.residence_years,
        gp1_0.review_count,
        gp1_0.updated_at 
    from
        guide_profiles gp1_0 
    where
        gp1_0.id=?
2026-04-23 16:19:20.591 TRACE [6a154701] org.hibernate.orm.jdbc.bind - binding parameter (1:BIGINT) <- [841024]
2026-04-23 16:19:20.617 DEBUG [6a154701] org.hibernate.SQL - 
    /* <criteria> */ select
        gf1_0.id,
        gf1_0.content,
        gf1_0.created_at,
        gf1_0.guide_id,
        gf1_0.image_url,
        gf1_0.is_deleted,
        gf1_0.updated_at 
    from
        guide_feeds gf1_0 
    left join
        guide_profiles gp1_0 
            on gp1_0.id=gf1_0.guide_id 
    where
        gp1_0.id=? 
        and not(gf1_0.is_deleted) 
    order by
        gf1_0.created_at desc
2026-04-23 16:19:20.619 TRACE [6a154701] org.hibernate.orm.jdbc.bind - binding parameter (1:BIGINT) <- [841024]
2026-04-23 16:19:20.636 DEBUG [1d2df66e] org.hibernate.SQL - 
    /* <criteria> */ select
        m1_0.id,
        m1_0.created_at,
        m1_0.email,
        m1_0.name,
        m1_0.nickname,
        m1_0.password,
        m1_0.profile_image_url,
        m1_0.role,
        m1_0.social_type,
        m1_0.status,
        m1_0.updated_at 
    from
        member m1_0 
    where
        m1_0.email=? 
        and m1_0.role=?
2026-04-23 16:19:20.643 TRACE [1d2df66e] org.hibernate.orm.jdbc.bind - binding parameter (1:VARCHAR) <- [guest04@localGuest.com]
2026-04-23 16:19:20.645 TRACE [1d2df66e] org.hibernate.orm.jdbc.bind - binding parameter (2:ENUM) <- [GUEST]
2026-04-23 16:19:20.646 DEBUG [6a154701] org.hibernate.SQL - 
    /* <criteria> */ select
        gc1_0.id,
        gc1_0.acquired_at,
        gc1_0.created_at,
        gc1_0.description,
        gc1_0.guide_id,
        gc1_0.title,
        gc1_0.updated_at 
    from
        guide_careers gc1_0 
    left join
        guide_profiles gp1_0 
            on gp1_0.id=gc1_0.guide_id 
    where
        gp1_0.id=?
2026-04-23 16:19:20.651 TRACE [6a154701] org.hibernate.orm.jdbc.bind - binding parameter (1:BIGINT) <- [841024]
2026-04-23 16:19:20.668 DEBUG [6a154701] org.hibernate.SQL - 
    /* <criteria> */ select
        gi1_0.id,
        gi1_0.created_at,
        gi1_0.guide_id,
        gi1_0.image_url,
        gi1_0.is_main,
        gi1_0.sort_order,
        gi1_0.updated_at 
    from
        guide_images gi1_0 
    left join
        guide_profiles gp1_0 
            on gp1_0.id=gi1_0.guide_id 
    where
        gp1_0.id=? 
    order by
        gi1_0.sort_order
2026-04-23 16:19:20.672 TRACE [6a154701] org.hibernate.orm.jdbc.bind - binding parameter (1:BIGINT) <- [841024]
2026-04-23 16:19:20.676 DEBUG [1d2df66e] org.hibernate.SQL - 
    /* <criteria> */ select
        mr1_0.id,
        mr1_0.budget_max_won,
        mr1_0.budget_min_won,
        mr1_0.cancel_reason,
        mr1_0.cancelled_by,
        mr1_0.concept,
        mr1_0.concept_summary,
        mr1_0.created_at,
        mr1_0.desired_budget,
        mr1_0.desired_date,
        mr1_0.destination,
        mr1_0.guest_id,
        mr1_0.guide_id,
        mr1_0.guide_schedule_id,
        mr1_0.propose_message,
        mr1_0.proposed_schedule,
        mr1_0.status,
        mr1_0.updated_at 
    from
        match_request mr1_0 
    where
        mr1_0.guest_id=?
2026-04-23 16:19:20.681 TRACE [1d2df66e] org.hibernate.orm.jdbc.bind - binding parameter (1:BIGINT) <- [941004]
2026-04-23 16:19:20.738 INFO  [6a154701] c.t.a.logging.MdcLoggingFilter - [HTTP] 요청 완료 - statusCode: 200, latencyMs: 185, requestUri: /api/guides/841024/detail, method: GET
2026-04-23 16:19:20.774 INFO  [1d2df66e] c.t.a.logging.MdcLoggingFilter - [HTTP] 요청 완료 - statusCode: 200, latencyMs: 181, requestUri: /api/matching/requests/guest/list, method: GET
2026-04-23 16:19:20.888 DEBUG [cf6fe8ba] org.hibernate.SQL - 
    /* <criteria> */ select
        m1_0.id,
        m1_0.created_at,
        m1_0.email,
        m1_0.name,
        m1_0.nickname,
        m1_0.password,
        m1_0.profile_image_url,
        m1_0.role,
        m1_0.social_type,
        m1_0.status,
        m1_0.updated_at 
    from
        member m1_0 
    where
        m1_0.email=? 
        and m1_0.role=?
2026-04-23 16:19:20.903 TRACE [cf6fe8ba] org.hibernate.orm.jdbc.bind - binding parameter (1:VARCHAR) <- [guest04@localGuest.com]
2026-04-23 16:19:20.904 TRACE [cf6fe8ba] org.hibernate.orm.jdbc.bind - binding parameter (2:ENUM) <- [GUEST]
2026-04-23 16:19:20.940 DEBUG [cf6fe8ba] org.hibernate.SQL - 
    /* <criteria> */ select
        mr1_0.id,
        mr1_0.budget_max_won,
        mr1_0.budget_min_won,
        mr1_0.cancel_reason,
        mr1_0.cancelled_by,
        mr1_0.concept,
        mr1_0.concept_summary,
        mr1_0.created_at,
        mr1_0.desired_budget,
        mr1_0.desired_date,
        mr1_0.destination,
        mr1_0.guest_id,
        mr1_0.guide_id,
        mr1_0.guide_schedule_id,
        mr1_0.propose_message,
        mr1_0.proposed_schedule,
        mr1_0.status,
        mr1_0.updated_at 
    from
        match_request mr1_0 
    where
        mr1_0.guest_id=?
2026-04-23 16:19:20.946 TRACE [cf6fe8ba] org.hibernate.orm.jdbc.bind - binding parameter (1:BIGINT) <- [941004]
2026-04-23 16:19:21.005 INFO  [cf6fe8ba] c.t.a.logging.MdcLoggingFilter - [HTTP] 요청 완료 - statusCode: 200, latencyMs: 172, requestUri: /api/matching/requests/guest/list, method: GET
2026-04-23 16:19:28.708 DEBUG [c449c935] org.hibernate.SQL - 
    /* <criteria> */ select
        m1_0.id,
        m1_0.created_at,
        m1_0.email,
        m1_0.name,
        m1_0.nickname,
        m1_0.password,
        m1_0.profile_image_url,
        m1_0.role,
        m1_0.social_type,
        m1_0.status,
        m1_0.updated_at 
    from
        member m1_0 
    where
        m1_0.email=? 
        and m1_0.role=?
2026-04-23 16:19:28.714 TRACE [c449c935] org.hibernate.orm.jdbc.bind - binding parameter (1:VARCHAR) <- [guide27@localGuest.com]
2026-04-23 16:19:28.715 TRACE [c449c935] org.hibernate.orm.jdbc.bind - binding parameter (2:ENUM) <- [GUIDE]
2026-04-23 16:19:28.753 DEBUG [c449c935] org.hibernate.SQL - 
    /* <criteria> */ select
        gp1_0.id,
        gp1_0.average_rating,
        gp1_0.bio,
        gp1_0.created_at,
        gp1_0.default_course,
        gp1_0.guide_style,
        gp1_0.is_active,
        gp1_0.is_approved,
        gp1_0.keywords,
        gp1_0.language,
        gp1_0.local_story,
        gp1_0.member_id,
        gp1_0.nickname,
        gp1_0.price_per_hour,
        gp1_0.profile_image,
        gp1_0.region,
        gp1_0.residence_years,
        gp1_0.review_count,
        gp1_0.updated_at 
    from
        guide_profiles gp1_0 
    where
        gp1_0.member_id=?
2026-04-23 16:19:28.758 TRACE [c449c935] org.hibernate.orm.jdbc.bind - binding parameter (1:BIGINT) <- [940027]
2026-04-23 16:19:28.790 DEBUG [c449c935] org.hibernate.SQL - 
    /* <criteria> */ select
        mr1_0.id,
        mr1_0.budget_max_won,
        mr1_0.budget_min_won,
        mr1_0.cancel_reason,
        mr1_0.cancelled_by,
        mr1_0.concept,
        mr1_0.concept_summary,
        mr1_0.created_at,
        mr1_0.desired_budget,
        mr1_0.desired_date,
        mr1_0.destination,
        mr1_0.guest_id,
        mr1_0.guide_id,
        mr1_0.guide_schedule_id,
        mr1_0.propose_message,
        mr1_0.proposed_schedule,
        mr1_0.status,
        mr1_0.updated_at 
    from
        match_request mr1_0 
    where
        mr1_0.guide_id=?
2026-04-23 16:19:28.794 TRACE [c449c935] org.hibernate.orm.jdbc.bind - binding parameter (1:BIGINT) <- [841027]
2026-04-23 16:19:28.840 INFO  [c449c935] c.t.a.logging.MdcLoggingFilter - [HTTP] 요청 완료 - statusCode: 200, latencyMs: 172, requestUri: /api/matching/requests/guide/list, method: GET
2026-04-23 16:19:29.004 DEBUG [cea76f71] org.hibernate.SQL - 
    select
        gp1_0.id,
        gp1_0.average_rating,
        gp1_0.bio,
        gp1_0.created_at,
        gp1_0.default_course,
        gp1_0.guide_style,
        gp1_0.is_active,
        gp1_0.is_approved,
        gp1_0.keywords,
        gp1_0.language,
        gp1_0.local_story,
        gp1_0.member_id,
        gp1_0.nickname,
        gp1_0.price_per_hour,
        gp1_0.profile_image,
        gp1_0.region,
        gp1_0.residence_years,
        gp1_0.review_count,
        gp1_0.updated_at 
    from
        guide_profiles gp1_0 
    where
        gp1_0.id=?
2026-04-23 16:19:29.007 TRACE [cea76f71] org.hibernate.orm.jdbc.bind - binding parameter (1:BIGINT) <- [841024]
2026-04-23 16:19:29.025 DEBUG [cea76f71] org.hibernate.SQL - 
    /* <criteria> */ select
        gf1_0.id,
        gf1_0.content,
        gf1_0.created_at,
        gf1_0.guide_id,
        gf1_0.image_url,
        gf1_0.is_deleted,
        gf1_0.updated_at 
    from
        guide_feeds gf1_0 
    left join
        guide_profiles gp1_0 
            on gp1_0.id=gf1_0.guide_id 
    where
        gp1_0.id=? 
        and not(gf1_0.is_deleted) 
    order by
        gf1_0.created_at desc
2026-04-23 16:19:29.026 TRACE [cea76f71] org.hibernate.orm.jdbc.bind - binding parameter (1:BIGINT) <- [841024]
2026-04-23 16:19:29.041 DEBUG [cea76f71] org.hibernate.SQL - 
    /* <criteria> */ select
        gc1_0.id,
        gc1_0.acquired_at,
        gc1_0.created_at,
        gc1_0.description,
        gc1_0.guide_id,
        gc1_0.title,
        gc1_0.updated_at 
    from
        guide_careers gc1_0 
    left join
        guide_profiles gp1_0 
            on gp1_0.id=gc1_0.guide_id 
    where
        gp1_0.id=?
2026-04-23 16:19:29.043 TRACE [cea76f71] org.hibernate.orm.jdbc.bind - binding parameter (1:BIGINT) <- [841024]
2026-04-23 16:19:29.056 DEBUG [cea76f71] org.hibernate.SQL - 
    /* <criteria> */ select
        gi1_0.id,
        gi1_0.created_at,
        gi1_0.guide_id,
        gi1_0.image_url,
        gi1_0.is_main,
        gi1_0.sort_order,
        gi1_0.updated_at 
    from
        guide_images gi1_0 
    left join
        guide_profiles gp1_0 
            on gp1_0.id=gi1_0.guide_id 
    where
        gp1_0.id=? 
    order by
        gi1_0.sort_order
2026-04-23 16:19:29.057 TRACE [cea76f71] org.hibernate.orm.jdbc.bind - binding parameter (1:BIGINT) <- [841024]
2026-04-23 16:19:29.078 INFO  [cea76f71] c.t.a.logging.MdcLoggingFilter - [HTTP] 요청 완료 - statusCode: 200, latencyMs: 96, requestUri: /api/guides/841024/detail, method: GET
2026-04-23 16:19:29.167 DEBUG [72c47453] org.hibernate.SQL - 
    select
        gp1_0.id,
        gp1_0.average_rating,
        gp1_0.bio,
        gp1_0.created_at,
        gp1_0.default_course,
        gp1_0.guide_style,
        gp1_0.is_active,
        gp1_0.is_approved,
        gp1_0.keywords,
        gp1_0.language,
        gp1_0.local_story,
        gp1_0.member_id,
        gp1_0.nickname,
        gp1_0.price_per_hour,
        gp1_0.profile_image,
        gp1_0.region,
        gp1_0.residence_years,
        gp1_0.review_count,
        gp1_0.updated_at 
    from
        guide_profiles gp1_0 
    where
        gp1_0.id=?
2026-04-23 16:19:29.170 TRACE [72c47453] org.hibernate.orm.jdbc.bind - binding parameter (1:BIGINT) <- [841024]
2026-04-23 16:19:29.190 DEBUG [694cce25] org.hibernate.SQL - 
    /* <criteria> */ select
        m1_0.id,
        m1_0.created_at,
        m1_0.email,
        m1_0.name,
        m1_0.nickname,
        m1_0.password,
        m1_0.profile_image_url,
        m1_0.role,
        m1_0.social_type,
        m1_0.status,
        m1_0.updated_at 
    from
        member m1_0 
    where
        m1_0.email=? 
        and m1_0.role=?
2026-04-23 16:19:29.193 TRACE [694cce25] org.hibernate.orm.jdbc.bind - binding parameter (1:VARCHAR) <- [guest04@localGuest.com]
2026-04-23 16:19:29.195 TRACE [694cce25] org.hibernate.orm.jdbc.bind - binding parameter (2:ENUM) <- [GUEST]
2026-04-23 16:19:29.195 DEBUG [72c47453] org.hibernate.SQL - 
    /* <criteria> */ select
        gf1_0.id,
        gf1_0.content,
        gf1_0.created_at,
        gf1_0.guide_id,
        gf1_0.image_url,
        gf1_0.is_deleted,
        gf1_0.updated_at 
    from
        guide_feeds gf1_0 
    left join
        guide_profiles gp1_0 
            on gp1_0.id=gf1_0.guide_id 
    where
        gp1_0.id=? 
        and not(gf1_0.is_deleted) 
    order by
        gf1_0.created_at desc
2026-04-23 16:19:29.196 TRACE [72c47453] org.hibernate.orm.jdbc.bind - binding parameter (1:BIGINT) <- [841024]
2026-04-23 16:19:29.214 DEBUG [72c47453] org.hibernate.SQL - 
    /* <criteria> */ select
        gc1_0.id,
        gc1_0.acquired_at,
        gc1_0.created_at,
        gc1_0.description,
        gc1_0.guide_id,
        gc1_0.title,
        gc1_0.updated_at 
    from
        guide_careers gc1_0 
    left join
        guide_profiles gp1_0 
            on gp1_0.id=gc1_0.guide_id 
    where
        gp1_0.id=?
2026-04-23 16:19:29.216 DEBUG [694cce25] org.hibernate.SQL - 
    /* <criteria> */ select
        mr1_0.id,
        mr1_0.budget_max_won,
        mr1_0.budget_min_won,
        mr1_0.cancel_reason,
        mr1_0.cancelled_by,
        mr1_0.concept,
        mr1_0.concept_summary,
        mr1_0.created_at,
        mr1_0.desired_budget,
        mr1_0.desired_date,
        mr1_0.destination,
        mr1_0.guest_id,
        mr1_0.guide_id,
        mr1_0.guide_schedule_id,
        mr1_0.propose_message,
        mr1_0.proposed_schedule,
        mr1_0.status,
        mr1_0.updated_at 
    from
        match_request mr1_0 
    where
        mr1_0.guest_id=?
2026-04-23 16:19:29.216 TRACE [72c47453] org.hibernate.orm.jdbc.bind - binding parameter (1:BIGINT) <- [841024]
2026-04-23 16:19:29.221 TRACE [694cce25] org.hibernate.orm.jdbc.bind - binding parameter (1:BIGINT) <- [941004]
2026-04-23 16:19:29.237 DEBUG [72c47453] org.hibernate.SQL - 
    /* <criteria> */ select
        gi1_0.id,
        gi1_0.created_at,
        gi1_0.guide_id,
        gi1_0.image_url,
        gi1_0.is_main,
        gi1_0.sort_order,
        gi1_0.updated_at 
    from
        guide_images gi1_0 
    left join
        guide_profiles gp1_0 
            on gp1_0.id=gi1_0.guide_id 
    where
        gp1_0.id=? 
    order by
        gi1_0.sort_order
2026-04-23 16:19:29.239 TRACE [72c47453] org.hibernate.orm.jdbc.bind - binding parameter (1:BIGINT) <- [841024]
2026-04-23 16:19:29.258 INFO  [694cce25] c.t.a.logging.MdcLoggingFilter - [HTTP] 요청 완료 - statusCode: 200, latencyMs: 114, requestUri: /api/matching/requests/guest/list, method: GET
2026-04-23 16:19:29.278 INFO  [72c47453] c.t.a.logging.MdcLoggingFilter - [HTTP] 요청 완료 - statusCode: 200, latencyMs: 152, requestUri: /api/guides/841024/detail, method: GET
2026-04-23 16:19:29.466 DEBUG [31f558e5] org.hibernate.SQL - 
    /* <criteria> */ select
        m1_0.id,
        m1_0.created_at,
        m1_0.email,
        m1_0.name,
        m1_0.nickname,
        m1_0.password,
        m1_0.profile_image_url,
        m1_0.role,
        m1_0.social_type,
        m1_0.status,
        m1_0.updated_at 
    from
        member m1_0 
    where
        m1_0.email=? 
        and m1_0.role=?
2026-04-23 16:19:29.471 TRACE [31f558e5] org.hibernate.orm.jdbc.bind - binding parameter (1:VARCHAR) <- [guest04@localGuest.com]
2026-04-23 16:19:29.473 TRACE [31f558e5] org.hibernate.orm.jdbc.bind - binding parameter (2:ENUM) <- [GUEST]
2026-04-23 16:19:29.491 DEBUG [31f558e5] org.hibernate.SQL - 
    /* <criteria> */ select
        mr1_0.id,
        mr1_0.budget_max_won,
        mr1_0.budget_min_won,
        mr1_0.cancel_reason,
        mr1_0.cancelled_by,
        mr1_0.concept,
        mr1_0.concept_summary,
        mr1_0.created_at,
        mr1_0.desired_budget,
        mr1_0.desired_date,
        mr1_0.destination,
        mr1_0.guest_id,
        mr1_0.guide_id,
        mr1_0.guide_schedule_id,
        mr1_0.propose_message,
        mr1_0.proposed_schedule,
        mr1_0.status,
        mr1_0.updated_at 
    from
        match_request mr1_0 
    where
        mr1_0.guest_id=?
2026-04-23 16:19:29.494 TRACE [31f558e5] org.hibernate.orm.jdbc.bind - binding parameter (1:BIGINT) <- [941004]
2026-04-23 16:19:29.536 INFO  [31f558e5] c.t.a.logging.MdcLoggingFilter - [HTTP] 요청 완료 - statusCode: 200, latencyMs: 100, requestUri: /api/matching/requests/guest/list, method: GET
2026-04-23 16:19:34.061 DEBUG [ce01caca] org.hibernate.SQL - 
    select
        gp1_0.id,
        gp1_0.average_rating,
        gp1_0.bio,
        gp1_0.created_at,
        gp1_0.default_course,
        gp1_0.guide_style,
        gp1_0.is_active,
        gp1_0.is_approved,
        gp1_0.keywords,
        gp1_0.language,
        gp1_0.local_story,
        gp1_0.member_id,
        gp1_0.nickname,
        gp1_0.price_per_hour,
        gp1_0.profile_image,
        gp1_0.region,
        gp1_0.residence_years,
        gp1_0.review_count,
        gp1_0.updated_at 
    from
        guide_profiles gp1_0 
    where
        gp1_0.id=?
2026-04-23 16:19:34.074 TRACE [ce01caca] org.hibernate.orm.jdbc.bind - binding parameter (1:BIGINT) <- [841024]
2026-04-23 16:19:34.118 DEBUG [ce01caca] org.hibernate.SQL - 
    /* <criteria> */ select
        gf1_0.id,
        gf1_0.content,
        gf1_0.created_at,
        gf1_0.guide_id,
        gf1_0.image_url,
        gf1_0.is_deleted,
        gf1_0.updated_at 
    from
        guide_feeds gf1_0 
    left join
        guide_profiles gp1_0 
            on gp1_0.id=gf1_0.guide_id 
    where
        gp1_0.id=? 
        and not(gf1_0.is_deleted) 
    order by
        gf1_0.created_at desc
2026-04-23 16:19:34.124 TRACE [ce01caca] org.hibernate.orm.jdbc.bind - binding parameter (1:BIGINT) <- [841024]
2026-04-23 16:19:34.143 DEBUG [ce01caca] org.hibernate.SQL - 
    /* <criteria> */ select
        gc1_0.id,
        gc1_0.acquired_at,
        gc1_0.created_at,
        gc1_0.description,
        gc1_0.guide_id,
        gc1_0.title,
        gc1_0.updated_at 
    from
        guide_careers gc1_0 
    left join
        guide_profiles gp1_0 
            on gp1_0.id=gc1_0.guide_id 
    where
        gp1_0.id=?
2026-04-23 16:19:34.152 TRACE [ce01caca] org.hibernate.orm.jdbc.bind - binding parameter (1:BIGINT) <- [841024]
2026-04-23 16:19:34.168 DEBUG [ce01caca] org.hibernate.SQL - 
    /* <criteria> */ select
        gi1_0.id,
        gi1_0.created_at,
        gi1_0.guide_id,
        gi1_0.image_url,
        gi1_0.is_main,
        gi1_0.sort_order,
        gi1_0.updated_at 
    from
        guide_images gi1_0 
    left join
        guide_profiles gp1_0 
            on gp1_0.id=gi1_0.guide_id 
    where
        gp1_0.id=? 
    order by
        gi1_0.sort_order
2026-04-23 16:19:34.176 TRACE [ce01caca] org.hibernate.orm.jdbc.bind - binding parameter (1:BIGINT) <- [841024]
2026-04-23 16:19:34.212 INFO  [ce01caca] c.t.a.logging.MdcLoggingFilter - [HTTP] 요청 완료 - statusCode: 200, latencyMs: 240, requestUri: /api/guides/841024/detail, method: GET
2026-04-23 16:19:34.314 DEBUG [e94fdc50] org.hibernate.SQL - 
    /* <criteria> */ select
        m1_0.id,
        m1_0.created_at,
        m1_0.email,
        m1_0.name,
        m1_0.nickname,
        m1_0.password,
        m1_0.profile_image_url,
        m1_0.role,
        m1_0.social_type,
        m1_0.status,
        m1_0.updated_at 
    from
        member m1_0 
    where
        m1_0.email=? 
        and m1_0.role=?
2026-04-23 16:19:34.320 TRACE [e94fdc50] org.hibernate.orm.jdbc.bind - binding parameter (1:VARCHAR) <- [guest04@localGuest.com]
2026-04-23 16:19:34.323 TRACE [e94fdc50] org.hibernate.orm.jdbc.bind - binding parameter (2:ENUM) <- [GUEST]
2026-04-23 16:19:34.343 DEBUG [e94fdc50] org.hibernate.SQL - 
    /* <criteria> */ select
        mr1_0.id,
        mr1_0.budget_max_won,
        mr1_0.budget_min_won,
        mr1_0.cancel_reason,
        mr1_0.cancelled_by,
        mr1_0.concept,
        mr1_0.concept_summary,
        mr1_0.created_at,
        mr1_0.desired_budget,
        mr1_0.desired_date,
        mr1_0.destination,
        mr1_0.guest_id,
        mr1_0.guide_id,
        mr1_0.guide_schedule_id,
        mr1_0.propose_message,
        mr1_0.proposed_schedule,
        mr1_0.status,
        mr1_0.updated_at 
    from
        match_request mr1_0 
    where
        mr1_0.guest_id=?
2026-04-23 16:19:34.346 TRACE [e94fdc50] org.hibernate.orm.jdbc.bind - binding parameter (1:BIGINT) <- [941004]
2026-04-23 16:19:34.370 INFO  [e94fdc50] c.t.a.logging.MdcLoggingFilter - [HTTP] 요청 완료 - statusCode: 200, latencyMs: 92, requestUri: /api/matching/requests/guest/list, method: GET
2026-04-23 16:19:44.922 DEBUG [ddd49a57] org.hibernate.SQL - 
    select
        gp1_0.id,
        gp1_0.average_rating,
        gp1_0.bio,
        gp1_0.created_at,
        gp1_0.default_course,
        gp1_0.guide_style,
        gp1_0.is_active,
        gp1_0.is_approved,
        gp1_0.keywords,
        gp1_0.language,
        gp1_0.local_story,
        gp1_0.member_id,
        gp1_0.nickname,
        gp1_0.price_per_hour,
        gp1_0.profile_image,
        gp1_0.region,
        gp1_0.residence_years,
        gp1_0.review_count,
        gp1_0.updated_at 
    from
        guide_profiles gp1_0 
    where
        gp1_0.id=?
2026-04-23 16:19:44.931 TRACE [ddd49a57] org.hibernate.orm.jdbc.bind - binding parameter (1:BIGINT) <- [841024]
2026-04-23 16:19:44.975 DEBUG [ddd49a57] org.hibernate.SQL - 
    /* <criteria> */ select
        gf1_0.id,
        gf1_0.content,
        gf1_0.created_at,
        gf1_0.guide_id,
        gf1_0.image_url,
        gf1_0.is_deleted,
        gf1_0.updated_at 
    from
        guide_feeds gf1_0 
    left join
        guide_profiles gp1_0 
            on gp1_0.id=gf1_0.guide_id 
    where
        gp1_0.id=? 
        and not(gf1_0.is_deleted) 
    order by
        gf1_0.created_at desc
2026-04-23 16:19:44.982 TRACE [ddd49a57] org.hibernate.orm.jdbc.bind - binding parameter (1:BIGINT) <- [841024]
2026-04-23 16:19:45.027 DEBUG [ddd49a57] org.hibernate.SQL - 
    /* <criteria> */ select
        gc1_0.id,
        gc1_0.acquired_at,
        gc1_0.created_at,
        gc1_0.description,
        gc1_0.guide_id,
        gc1_0.title,
        gc1_0.updated_at 
    from
        guide_careers gc1_0 
    left join
        guide_profiles gp1_0 
            on gp1_0.id=gc1_0.guide_id 
    where
        gp1_0.id=?
2026-04-23 16:19:45.033 TRACE [ddd49a57] org.hibernate.orm.jdbc.bind - binding parameter (1:BIGINT) <- [841024]
2026-04-23 16:19:45.057 DEBUG [ddd49a57] org.hibernate.SQL - 
    /* <criteria> */ select
        gi1_0.id,
        gi1_0.created_at,
        gi1_0.guide_id,
        gi1_0.image_url,
        gi1_0.is_main,
        gi1_0.sort_order,
        gi1_0.updated_at 
    from
        guide_images gi1_0 
    left join
        guide_profiles gp1_0 
            on gp1_0.id=gi1_0.guide_id 
    where
        gp1_0.id=? 
    order by
        gi1_0.sort_order
2026-04-23 16:19:45.065 TRACE [ddd49a57] org.hibernate.orm.jdbc.bind - binding parameter (1:BIGINT) <- [841024]
2026-04-23 16:19:45.103 INFO  [ddd49a57] c.t.a.logging.MdcLoggingFilter - [HTTP] 요청 완료 - statusCode: 200, latencyMs: 249, requestUri: /api/guides/841024/detail, method: GET
2026-04-23 16:19:45.201 DEBUG [c00af1d8] org.hibernate.SQL - 
    select
        gp1_0.id,
        gp1_0.average_rating,
        gp1_0.bio,
        gp1_0.created_at,
        gp1_0.default_course,
        gp1_0.guide_style,
        gp1_0.is_active,
        gp1_0.is_approved,
        gp1_0.keywords,
        gp1_0.language,
        gp1_0.local_story,
        gp1_0.member_id,
        gp1_0.nickname,
        gp1_0.price_per_hour,
        gp1_0.profile_image,
        gp1_0.region,
        gp1_0.residence_years,
        gp1_0.review_count,
        gp1_0.updated_at 
    from
        guide_profiles gp1_0 
    where
        gp1_0.id=?
2026-04-23 16:19:45.205 TRACE [c00af1d8] org.hibernate.orm.jdbc.bind - binding parameter (1:BIGINT) <- [841024]
2026-04-23 16:19:45.235 DEBUG [c00af1d8] org.hibernate.SQL - 
    /* <criteria> */ select
        gf1_0.id,
        gf1_0.content,
        gf1_0.created_at,
        gf1_0.guide_id,
        gf1_0.image_url,
        gf1_0.is_deleted,
        gf1_0.updated_at 
    from
        guide_feeds gf1_0 
    left join
        guide_profiles gp1_0 
            on gp1_0.id=gf1_0.guide_id 
    where
        gp1_0.id=? 
        and not(gf1_0.is_deleted) 
    order by
        gf1_0.created_at desc
2026-04-23 16:19:45.236 TRACE [c00af1d8] org.hibernate.orm.jdbc.bind - binding parameter (1:BIGINT) <- [841024]
2026-04-23 16:19:45.262 DEBUG [4f9b7e4c] org.hibernate.SQL - 
    /* <criteria> */ select
        m1_0.id,
        m1_0.created_at,
        m1_0.email,
        m1_0.name,
        m1_0.nickname,
        m1_0.password,
        m1_0.profile_image_url,
        m1_0.role,
        m1_0.social_type,
        m1_0.status,
        m1_0.updated_at 
    from
        member m1_0 
    where
        m1_0.email=? 
        and m1_0.role=?
2026-04-23 16:19:45.263 DEBUG [c00af1d8] org.hibernate.SQL - 
    /* <criteria> */ select
        gc1_0.id,
        gc1_0.acquired_at,
        gc1_0.created_at,
        gc1_0.description,
        gc1_0.guide_id,
        gc1_0.title,
        gc1_0.updated_at 
    from
        guide_careers gc1_0 
    left join
        guide_profiles gp1_0 
            on gp1_0.id=gc1_0.guide_id 
    where
        gp1_0.id=?
2026-04-23 16:19:45.266 TRACE [c00af1d8] org.hibernate.orm.jdbc.bind - binding parameter (1:BIGINT) <- [841024]
2026-04-23 16:19:45.271 TRACE [4f9b7e4c] org.hibernate.orm.jdbc.bind - binding parameter (1:VARCHAR) <- [guest04@localGuest.com]
2026-04-23 16:19:45.272 TRACE [4f9b7e4c] org.hibernate.orm.jdbc.bind - binding parameter (2:ENUM) <- [GUEST]
2026-04-23 16:19:45.286 DEBUG [c00af1d8] org.hibernate.SQL - 
    /* <criteria> */ select
        gi1_0.id,
        gi1_0.created_at,
        gi1_0.guide_id,
        gi1_0.image_url,
        gi1_0.is_main,
        gi1_0.sort_order,
        gi1_0.updated_at 
    from
        guide_images gi1_0 
    left join
        guide_profiles gp1_0 
            on gp1_0.id=gi1_0.guide_id 
    where
        gp1_0.id=? 
    order by
        gi1_0.sort_order
2026-04-23 16:19:45.293 TRACE [c00af1d8] org.hibernate.orm.jdbc.bind - binding parameter (1:BIGINT) <- [841024]
2026-04-23 16:19:45.299 DEBUG [4f9b7e4c] org.hibernate.SQL - 
    /* <criteria> */ select
        mr1_0.id,
        mr1_0.budget_max_won,
        mr1_0.budget_min_won,
        mr1_0.cancel_reason,
        mr1_0.cancelled_by,
        mr1_0.concept,
        mr1_0.concept_summary,
        mr1_0.created_at,
        mr1_0.desired_budget,
        mr1_0.desired_date,
        mr1_0.destination,
        mr1_0.guest_id,
        mr1_0.guide_id,
        mr1_0.guide_schedule_id,
        mr1_0.propose_message,
        mr1_0.proposed_schedule,
        mr1_0.status,
        mr1_0.updated_at 
    from
        match_request mr1_0 
    where
        mr1_0.guest_id=?
2026-04-23 16:19:45.302 TRACE [4f9b7e4c] org.hibernate.orm.jdbc.bind - binding parameter (1:BIGINT) <- [941004]
2026-04-23 16:19:45.328 INFO  [c00af1d8] c.t.a.logging.MdcLoggingFilter - [HTTP] 요청 완료 - statusCode: 200, latencyMs: 179, requestUri: /api/guides/841024/detail, method: GET
2026-04-23 16:19:45.356 INFO  [4f9b7e4c] c.t.a.logging.MdcLoggingFilter - [HTTP] 요청 완료 - statusCode: 200, latencyMs: 160, requestUri: /api/matching/requests/guest/list, method: GET
2026-04-23 16:19:45.469 DEBUG [1bf76e8f] org.hibernate.SQL - 
    /* <criteria> */ select
        m1_0.id,
        m1_0.created_at,
        m1_0.email,
        m1_0.name,
        m1_0.nickname,
        m1_0.password,
        m1_0.profile_image_url,
        m1_0.role,
        m1_0.social_type,
        m1_0.status,
        m1_0.updated_at 
    from
        member m1_0 
    where
        m1_0.email=? 
        and m1_0.role=?
2026-04-23 16:19:45.473 TRACE [1bf76e8f] org.hibernate.orm.jdbc.bind - binding parameter (1:VARCHAR) <- [guest04@localGuest.com]
2026-04-23 16:19:45.480 TRACE [1bf76e8f] org.hibernate.orm.jdbc.bind - binding parameter (2:ENUM) <- [GUEST]
2026-04-23 16:19:45.497 DEBUG [1bf76e8f] org.hibernate.SQL - 
    /* <criteria> */ select
        mr1_0.id,
        mr1_0.budget_max_won,
        mr1_0.budget_min_won,
        mr1_0.cancel_reason,
        mr1_0.cancelled_by,
        mr1_0.concept,
        mr1_0.concept_summary,
        mr1_0.created_at,
        mr1_0.desired_budget,
        mr1_0.desired_date,
        mr1_0.destination,
        mr1_0.guest_id,
        mr1_0.guide_id,
        mr1_0.guide_schedule_id,
        mr1_0.propose_message,
        mr1_0.proposed_schedule,
        mr1_0.status,
        mr1_0.updated_at 
    from
        match_request mr1_0 
    where
        mr1_0.guest_id=?
2026-04-23 16:19:45.499 TRACE [1bf76e8f] org.hibernate.orm.jdbc.bind - binding parameter (1:BIGINT) <- [941004]
2026-04-23 16:19:45.528 INFO  [1bf76e8f] c.t.a.logging.MdcLoggingFilter - [HTTP] 요청 완료 - statusCode: 200, latencyMs: 107, requestUri: /api/matching/requests/guest/list, method: GET
2026-04-23 16:19:48.564 DEBUG [c103c3e9] org.hibernate.SQL - 
    select
        gp1_0.id,
        gp1_0.average_rating,
        gp1_0.bio,
        gp1_0.created_at,
        gp1_0.default_course,
        gp1_0.guide_style,
        gp1_0.is_active,
        gp1_0.is_approved,
        gp1_0.keywords,
        gp1_0.language,
        gp1_0.local_story,
        gp1_0.member_id,
        gp1_0.nickname,
        gp1_0.price_per_hour,
        gp1_0.profile_image,
        gp1_0.region,
        gp1_0.residence_years,
        gp1_0.review_count,
        gp1_0.updated_at 
    from
        guide_profiles gp1_0 
    where
        gp1_0.id=?
2026-04-23 16:19:48.566 TRACE [c103c3e9] org.hibernate.orm.jdbc.bind - binding parameter (1:BIGINT) <- [841024]
2026-04-23 16:19:48.583 DEBUG [c103c3e9] org.hibernate.SQL - 
    /* <criteria> */ select
        gf1_0.id,
        gf1_0.content,
        gf1_0.created_at,
        gf1_0.guide_id,
        gf1_0.image_url,
        gf1_0.is_deleted,
        gf1_0.updated_at 
    from
        guide_feeds gf1_0 
    left join
        guide_profiles gp1_0 
            on gp1_0.id=gf1_0.guide_id 
    where
        gp1_0.id=? 
        and not(gf1_0.is_deleted) 
    order by
        gf1_0.created_at desc
2026-04-23 16:19:48.585 TRACE [c103c3e9] org.hibernate.orm.jdbc.bind - binding parameter (1:BIGINT) <- [841024]
2026-04-23 16:19:48.596 DEBUG [c103c3e9] org.hibernate.SQL - 
    /* <criteria> */ select
        gc1_0.id,
        gc1_0.acquired_at,
        gc1_0.created_at,
        gc1_0.description,
        gc1_0.guide_id,
        gc1_0.title,
        gc1_0.updated_at 
    from
        guide_careers gc1_0 
    left join
        guide_profiles gp1_0 
            on gp1_0.id=gc1_0.guide_id 
    where
        gp1_0.id=?
2026-04-23 16:19:48.598 TRACE [c103c3e9] org.hibernate.orm.jdbc.bind - binding parameter (1:BIGINT) <- [841024]
2026-04-23 16:19:48.613 DEBUG [c103c3e9] org.hibernate.SQL - 
    /* <criteria> */ select
        gi1_0.id,
        gi1_0.created_at,
        gi1_0.guide_id,
        gi1_0.image_url,
        gi1_0.is_main,
        gi1_0.sort_order,
        gi1_0.updated_at 
    from
        guide_images gi1_0 
    left join
        guide_profiles gp1_0 
            on gp1_0.id=gi1_0.guide_id 
    where
        gp1_0.id=? 
    order by
        gi1_0.sort_order
2026-04-23 16:19:48.616 TRACE [c103c3e9] org.hibernate.orm.jdbc.bind - binding parameter (1:BIGINT) <- [841024]
2026-04-23 16:19:48.641 INFO  [c103c3e9] c.t.a.logging.MdcLoggingFilter - [HTTP] 요청 완료 - statusCode: 200, latencyMs: 120, requestUri: /api/guides/841024/detail, method: GET
2026-04-23 16:19:48.698 DEBUG [4662ddbf] org.hibernate.SQL - 
    select
        gp1_0.id,
        gp1_0.average_rating,
        gp1_0.bio,
        gp1_0.created_at,
        gp1_0.default_course,
        gp1_0.guide_style,
        gp1_0.is_active,
        gp1_0.is_approved,
        gp1_0.keywords,
        gp1_0.language,
        gp1_0.local_story,
        gp1_0.member_id,
        gp1_0.nickname,
        gp1_0.price_per_hour,
        gp1_0.profile_image,
        gp1_0.region,
        gp1_0.residence_years,
        gp1_0.review_count,
        gp1_0.updated_at 
    from
        guide_profiles gp1_0 
    where
        gp1_0.id=?
2026-04-23 16:19:48.700 TRACE [4662ddbf] org.hibernate.orm.jdbc.bind - binding parameter (1:BIGINT) <- [841024]
2026-04-23 16:19:48.716 DEBUG [4662ddbf] org.hibernate.SQL - 
    /* <criteria> */ select
        gf1_0.id,
        gf1_0.content,
        gf1_0.created_at,
        gf1_0.guide_id,
        gf1_0.image_url,
        gf1_0.is_deleted,
        gf1_0.updated_at 
    from
        guide_feeds gf1_0 
    left join
        guide_profiles gp1_0 
            on gp1_0.id=gf1_0.guide_id 
    where
        gp1_0.id=? 
        and not(gf1_0.is_deleted) 
    order by
        gf1_0.created_at desc
2026-04-23 16:19:48.719 TRACE [4662ddbf] org.hibernate.orm.jdbc.bind - binding parameter (1:BIGINT) <- [841024]
2026-04-23 16:19:48.736 DEBUG [4662ddbf] org.hibernate.SQL - 
    /* <criteria> */ select
        gc1_0.id,
        gc1_0.acquired_at,
        gc1_0.created_at,
        gc1_0.description,
        gc1_0.guide_id,
        gc1_0.title,
        gc1_0.updated_at 
    from
        guide_careers gc1_0 
    left join
        guide_profiles gp1_0 
            on gp1_0.id=gc1_0.guide_id 
    where
        gp1_0.id=?
2026-04-23 16:19:48.739 TRACE [4662ddbf] org.hibernate.orm.jdbc.bind - binding parameter (1:BIGINT) <- [841024]
2026-04-23 16:19:48.742 DEBUG [da6b6cc0] org.hibernate.SQL - 
    /* <criteria> */ select
        m1_0.id,
        m1_0.created_at,
        m1_0.email,
        m1_0.name,
        m1_0.nickname,
        m1_0.password,
        m1_0.profile_image_url,
        m1_0.role,
        m1_0.social_type,
        m1_0.status,
        m1_0.updated_at 
    from
        member m1_0 
    where
        m1_0.email=? 
        and m1_0.role=?
2026-04-23 16:19:48.749 TRACE [da6b6cc0] org.hibernate.orm.jdbc.bind - binding parameter (1:VARCHAR) <- [guest04@localGuest.com]
2026-04-23 16:19:48.751 TRACE [da6b6cc0] org.hibernate.orm.jdbc.bind - binding parameter (2:ENUM) <- [GUEST]
2026-04-23 16:19:48.766 DEBUG [da6b6cc0] org.hibernate.SQL - 
    /* <criteria> */ select
        mr1_0.id,
        mr1_0.budget_max_won,
        mr1_0.budget_min_won,
        mr1_0.cancel_reason,
        mr1_0.cancelled_by,
        mr1_0.concept,
        mr1_0.concept_summary,
        mr1_0.created_at,
        mr1_0.desired_budget,
        mr1_0.desired_date,
        mr1_0.destination,
        mr1_0.guest_id,
        mr1_0.guide_id,
        mr1_0.guide_schedule_id,
        mr1_0.propose_message,
        mr1_0.proposed_schedule,
        mr1_0.status,
        mr1_0.updated_at 
    from
        match_request mr1_0 
    where
        mr1_0.guest_id=?
2026-04-23 16:19:48.768 TRACE [da6b6cc0] org.hibernate.orm.jdbc.bind - binding parameter (1:BIGINT) <- [941004]
2026-04-23 16:19:48.785 DEBUG [4662ddbf] org.hibernate.SQL - 
    /* <criteria> */ select
        gi1_0.id,
        gi1_0.created_at,
        gi1_0.guide_id,
        gi1_0.image_url,
        gi1_0.is_main,
        gi1_0.sort_order,
        gi1_0.updated_at 
    from
        guide_images gi1_0 
    left join
        guide_profiles gp1_0 
            on gp1_0.id=gi1_0.guide_id 
    where
        gp1_0.id=? 
    order by
        gi1_0.sort_order
2026-04-23 16:19:48.789 TRACE [4662ddbf] org.hibernate.orm.jdbc.bind - binding parameter (1:BIGINT) <- [841024]
2026-04-23 16:19:48.795 INFO  [da6b6cc0] c.t.a.logging.MdcLoggingFilter - [HTTP] 요청 완료 - statusCode: 200, latencyMs: 96, requestUri: /api/matching/requests/guest/list, method: GET
2026-04-23 16:19:48.818 INFO  [4662ddbf] c.t.a.logging.MdcLoggingFilter - [HTTP] 요청 완료 - statusCode: 200, latencyMs: 148, requestUri: /api/guides/841024/detail, method: GET
2026-04-23 16:19:48.910 DEBUG [b18ab600] org.hibernate.SQL - 
    /* <criteria> */ select
        m1_0.id,
        m1_0.created_at,
        m1_0.email,
        m1_0.name,
        m1_0.nickname,
        m1_0.password,
        m1_0.profile_image_url,
        m1_0.role,
        m1_0.social_type,
        m1_0.status,
        m1_0.updated_at 
    from
        member m1_0 
    where
        m1_0.email=? 
        and m1_0.role=?
2026-04-23 16:19:48.915 TRACE [b18ab600] org.hibernate.orm.jdbc.bind - binding parameter (1:VARCHAR) <- [guest04@localGuest.com]
2026-04-23 16:19:48.922 TRACE [b18ab600] org.hibernate.orm.jdbc.bind - binding parameter (2:ENUM) <- [GUEST]
2026-04-23 16:19:48.940 DEBUG [b18ab600] org.hibernate.SQL - 
    /* <criteria> */ select
        mr1_0.id,
        mr1_0.budget_max_won,
        mr1_0.budget_min_won,
        mr1_0.cancel_reason,
        mr1_0.cancelled_by,
        mr1_0.concept,
        mr1_0.concept_summary,
        mr1_0.created_at,
        mr1_0.desired_budget,
        mr1_0.desired_date,
        mr1_0.destination,
        mr1_0.guest_id,
        mr1_0.guide_id,
        mr1_0.guide_schedule_id,
        mr1_0.propose_message,
        mr1_0.proposed_schedule,
        mr1_0.status,
        mr1_0.updated_at 
    from
        match_request mr1_0 
    where
        mr1_0.guest_id=?
2026-04-23 16:19:48.943 TRACE [b18ab600] org.hibernate.orm.jdbc.bind - binding parameter (1:BIGINT) <- [941004]
2026-04-23 16:19:48.967 INFO  [b18ab600] c.t.a.logging.MdcLoggingFilter - [HTTP] 요청 완료 - statusCode: 200, latencyMs: 98, requestUri: /api/matching/requests/guest/list, method: GET
2026-04-23 16:20:00.018 DEBUG [] org.hibernate.SQL - 
    /* <criteria> */ select
        te1_0.id,
        te1_0.created_at,
        te1_0.deadline_at,
        te1_0.extended_date,
        te1_0.extended_price,
        te1_0.guest_id,
        te1_0.guide_approved_at,
        te1_0.match_request_id,
        te1_0.requested_at,
        te1_0.status,
        te1_0.updated_at 
    from
        tour_extension te1_0 
    where
        te1_0.status=? 
        and te1_0.deadline_at<?
2026-04-23 16:20:00.024 TRACE [] org.hibernate.orm.jdbc.bind - binding parameter (1:ENUM) <- [REQUESTED]
2026-04-23 16:20:00.026 TRACE [] org.hibernate.orm.jdbc.bind - binding parameter (2:TIMESTAMP) <- [2026-04-23T16:20:00.009163500]
2026-04-23 16:20:32.896 DEBUG [d9406cb0] org.hibernate.SQL - 
    /* <criteria> */ select
        m1_0.id,
        m1_0.created_at,
        m1_0.email,
        m1_0.name,
        m1_0.nickname,
        m1_0.password,
        m1_0.profile_image_url,
        m1_0.role,
        m1_0.social_type,
        m1_0.status,
        m1_0.updated_at 
    from
        member m1_0 
    where
        m1_0.email=? 
        and m1_0.role=?
2026-04-23 16:20:32.901 TRACE [d9406cb0] org.hibernate.orm.jdbc.bind - binding parameter (1:VARCHAR) <- [guide27@localGuest.com]
2026-04-23 16:20:32.901 TRACE [d9406cb0] org.hibernate.orm.jdbc.bind - binding parameter (2:ENUM) <- [GUIDE]
2026-04-23 16:20:32.917 DEBUG [d9406cb0] org.hibernate.SQL - 
    /* <criteria> */ select
        gp1_0.id,
        gp1_0.average_rating,
        gp1_0.bio,
        gp1_0.created_at,
        gp1_0.default_course,
        gp1_0.guide_style,
        gp1_0.is_active,
        gp1_0.is_approved,
        gp1_0.keywords,
        gp1_0.language,
        gp1_0.local_story,
        gp1_0.member_id,
        gp1_0.nickname,
        gp1_0.price_per_hour,
        gp1_0.profile_image,
        gp1_0.region,
        gp1_0.residence_years,
        gp1_0.review_count,
        gp1_0.updated_at 
    from
        guide_profiles gp1_0 
    where
        gp1_0.member_id=?
2026-04-23 16:20:32.929 TRACE [d9406cb0] org.hibernate.orm.jdbc.bind - binding parameter (1:BIGINT) <- [940027]
2026-04-23 16:20:32.948 DEBUG [d9406cb0] org.hibernate.SQL - 
    /* <criteria> */ select
        mr1_0.id,
        mr1_0.budget_max_won,
        mr1_0.budget_min_won,
        mr1_0.cancel_reason,
        mr1_0.cancelled_by,
        mr1_0.concept,
        mr1_0.concept_summary,
        mr1_0.created_at,
        mr1_0.desired_budget,
        mr1_0.desired_date,
        mr1_0.destination,
        mr1_0.guest_id,
        mr1_0.guide_id,
        mr1_0.guide_schedule_id,
        mr1_0.propose_message,
        mr1_0.proposed_schedule,
        mr1_0.status,
        mr1_0.updated_at 
    from
        match_request mr1_0 
    where
        mr1_0.guide_id=?
2026-04-23 16:20:32.952 TRACE [d9406cb0] org.hibernate.orm.jdbc.bind - binding parameter (1:BIGINT) <- [841027]
2026-04-23 16:20:32.981 INFO  [d9406cb0] c.t.a.logging.MdcLoggingFilter - [HTTP] 요청 완료 - statusCode: 200, latencyMs: 114, requestUri: /api/matching/requests/guide/list, method: GET
2026-04-23 16:20:51.496 DEBUG [bb41c126] org.hibernate.SQL - 
    select
        gp1_0.id,
        gp1_0.average_rating,
        gp1_0.bio,
        gp1_0.created_at,
        gp1_0.default_course,
        gp1_0.guide_style,
        gp1_0.is_active,
        gp1_0.is_approved,
        gp1_0.keywords,
        gp1_0.language,
        gp1_0.local_story,
        gp1_0.member_id,
        gp1_0.nickname,
        gp1_0.price_per_hour,
        gp1_0.profile_image,
        gp1_0.region,
        gp1_0.residence_years,
        gp1_0.review_count,
        gp1_0.updated_at 
    from
        guide_profiles gp1_0 
    where
        gp1_0.id=?
2026-04-23 16:20:51.521 TRACE [bb41c126] org.hibernate.orm.jdbc.bind - binding parameter (1:BIGINT) <- [841024]
2026-04-23 16:20:51.563 DEBUG [bb41c126] org.hibernate.SQL - 
    /* <criteria> */ select
        gf1_0.id,
        gf1_0.content,
        gf1_0.created_at,
        gf1_0.guide_id,
        gf1_0.image_url,
        gf1_0.is_deleted,
        gf1_0.updated_at 
    from
        guide_feeds gf1_0 
    left join
        guide_profiles gp1_0 
            on gp1_0.id=gf1_0.guide_id 
    where
        gp1_0.id=? 
        and not(gf1_0.is_deleted) 
    order by
        gf1_0.created_at desc
2026-04-23 16:20:51.573 TRACE [bb41c126] org.hibernate.orm.jdbc.bind - binding parameter (1:BIGINT) <- [841024]
2026-04-23 16:20:51.608 DEBUG [bb41c126] org.hibernate.SQL - 
    /* <criteria> */ select
        gc1_0.id,
        gc1_0.acquired_at,
        gc1_0.created_at,
        gc1_0.description,
        gc1_0.guide_id,
        gc1_0.title,
        gc1_0.updated_at 
    from
        guide_careers gc1_0 
    left join
        guide_profiles gp1_0 
            on gp1_0.id=gc1_0.guide_id 
    where
        gp1_0.id=?
2026-04-23 16:20:51.621 TRACE [bb41c126] org.hibernate.orm.jdbc.bind - binding parameter (1:BIGINT) <- [841024]
2026-04-23 16:20:51.788 DEBUG [bb41c126] org.hibernate.SQL - 
    /* <criteria> */ select
        gi1_0.id,
        gi1_0.created_at,
        gi1_0.guide_id,
        gi1_0.image_url,
        gi1_0.is_main,
        gi1_0.sort_order,
        gi1_0.updated_at 
    from
        guide_images gi1_0 
    left join
        guide_profiles gp1_0 
            on gp1_0.id=gi1_0.guide_id 
    where
        gp1_0.id=? 
    order by
        gi1_0.sort_order
2026-04-23 16:20:51.796 TRACE [bb41c126] org.hibernate.orm.jdbc.bind - binding parameter (1:BIGINT) <- [841024]
2026-04-23 16:20:52.001 INFO  [bb41c126] c.t.a.logging.MdcLoggingFilter - [HTTP] 요청 완료 - statusCode: 200, latencyMs: 657, requestUri: /api/guides/841024/detail, method: GET
2026-04-23 16:20:53.455 DEBUG [5f70d82f] org.hibernate.SQL - 
    select
        gp1_0.id,
        gp1_0.average_rating,
        gp1_0.bio,
        gp1_0.created_at,
        gp1_0.default_course,
        gp1_0.guide_style,
        gp1_0.is_active,
        gp1_0.is_approved,
        gp1_0.keywords,
        gp1_0.language,
        gp1_0.local_story,
        gp1_0.member_id,
        gp1_0.nickname,
        gp1_0.price_per_hour,
        gp1_0.profile_image,
        gp1_0.region,
        gp1_0.residence_years,
        gp1_0.review_count,
        gp1_0.updated_at 
    from
        guide_profiles gp1_0 
    where
        gp1_0.id=?
2026-04-23 16:20:53.468 TRACE [5f70d82f] org.hibernate.orm.jdbc.bind - binding parameter (1:BIGINT) <- [841024]
2026-04-23 16:20:53.487 DEBUG [40bde13b] org.hibernate.SQL - 
    /* <criteria> */ select
        m1_0.id,
        m1_0.created_at,
        m1_0.email,
        m1_0.name,
        m1_0.nickname,
        m1_0.password,
        m1_0.profile_image_url,
        m1_0.role,
        m1_0.social_type,
        m1_0.status,
        m1_0.updated_at 
    from
        member m1_0 
    where
        m1_0.email=? 
        and m1_0.role=?
2026-04-23 16:20:53.500 TRACE [40bde13b] org.hibernate.orm.jdbc.bind - binding parameter (1:VARCHAR) <- [guest04@localGuest.com]
2026-04-23 16:20:53.508 TRACE [40bde13b] org.hibernate.orm.jdbc.bind - binding parameter (2:ENUM) <- [GUEST]
2026-04-23 16:20:53.519 DEBUG [5f70d82f] org.hibernate.SQL - 
    /* <criteria> */ select
        gf1_0.id,
        gf1_0.content,
        gf1_0.created_at,
        gf1_0.guide_id,
        gf1_0.image_url,
        gf1_0.is_deleted,
        gf1_0.updated_at 
    from
        guide_feeds gf1_0 
    left join
        guide_profiles gp1_0 
            on gp1_0.id=gf1_0.guide_id 
    where
        gp1_0.id=? 
        and not(gf1_0.is_deleted) 
    order by
        gf1_0.created_at desc
2026-04-23 16:20:53.530 TRACE [5f70d82f] org.hibernate.orm.jdbc.bind - binding parameter (1:BIGINT) <- [841024]
2026-04-23 16:20:53.544 DEBUG [40bde13b] org.hibernate.SQL - 
    /* <criteria> */ select
        mr1_0.id,
        mr1_0.budget_max_won,
        mr1_0.budget_min_won,
        mr1_0.cancel_reason,
        mr1_0.cancelled_by,
        mr1_0.concept,
        mr1_0.concept_summary,
        mr1_0.created_at,
        mr1_0.desired_budget,
        mr1_0.desired_date,
        mr1_0.destination,
        mr1_0.guest_id,
        mr1_0.guide_id,
        mr1_0.guide_schedule_id,
        mr1_0.propose_message,
        mr1_0.proposed_schedule,
        mr1_0.status,
        mr1_0.updated_at 
    from
        match_request mr1_0 
    where
        mr1_0.guest_id=?
2026-04-23 16:20:53.546 TRACE [40bde13b] org.hibernate.orm.jdbc.bind - binding parameter (1:BIGINT) <- [941004]
2026-04-23 16:20:53.566 DEBUG [5f70d82f] org.hibernate.SQL - 
    /* <criteria> */ select
        gc1_0.id,
        gc1_0.acquired_at,
        gc1_0.created_at,
        gc1_0.description,
        gc1_0.guide_id,
        gc1_0.title,
        gc1_0.updated_at 
    from
        guide_careers gc1_0 
    left join
        guide_profiles gp1_0 
            on gp1_0.id=gc1_0.guide_id 
    where
        gp1_0.id=?
2026-04-23 16:20:53.574 TRACE [5f70d82f] org.hibernate.orm.jdbc.bind - binding parameter (1:BIGINT) <- [841024]
2026-04-23 16:20:53.624 DEBUG [5f70d82f] org.hibernate.SQL - 
    /* <criteria> */ select
        gi1_0.id,
        gi1_0.created_at,
        gi1_0.guide_id,
        gi1_0.image_url,
        gi1_0.is_main,
        gi1_0.sort_order,
        gi1_0.updated_at 
    from
        guide_images gi1_0 
    left join
        guide_profiles gp1_0 
            on gp1_0.id=gi1_0.guide_id 
    where
        gp1_0.id=? 
    order by
        gi1_0.sort_order
2026-04-23 16:20:53.626 TRACE [5f70d82f] org.hibernate.orm.jdbc.bind - binding parameter (1:BIGINT) <- [841024]
2026-04-23 16:20:53.652 INFO  [40bde13b] c.t.a.logging.MdcLoggingFilter - [HTTP] 요청 완료 - statusCode: 200, latencyMs: 296, requestUri: /api/matching/requests/guest/list, method: GET
2026-04-23 16:20:53.728 INFO  [5f70d82f] c.t.a.logging.MdcLoggingFilter - [HTTP] 요청 완료 - statusCode: 200, latencyMs: 382, requestUri: /api/guides/841024/detail, method: GET
2026-04-23 16:20:54.111 DEBUG [024a7683] org.hibernate.SQL - 
    /* <criteria> */ select
        m1_0.id,
        m1_0.created_at,
        m1_0.email,
        m1_0.name,
        m1_0.nickname,
        m1_0.password,
        m1_0.profile_image_url,
        m1_0.role,
        m1_0.social_type,
        m1_0.status,
        m1_0.updated_at 
    from
        member m1_0 
    where
        m1_0.email=? 
        and m1_0.role=?
2026-04-23 16:20:54.132 TRACE [024a7683] org.hibernate.orm.jdbc.bind - binding parameter (1:VARCHAR) <- [guest04@localGuest.com]
2026-04-23 16:20:54.133 TRACE [024a7683] org.hibernate.orm.jdbc.bind - binding parameter (2:ENUM) <- [GUEST]
2026-04-23 16:20:54.192 DEBUG [024a7683] org.hibernate.SQL - 
    /* <criteria> */ select
        mr1_0.id,
        mr1_0.budget_max_won,
        mr1_0.budget_min_won,
        mr1_0.cancel_reason,
        mr1_0.cancelled_by,
        mr1_0.concept,
        mr1_0.concept_summary,
        mr1_0.created_at,
        mr1_0.desired_budget,
        mr1_0.desired_date,
        mr1_0.destination,
        mr1_0.guest_id,
        mr1_0.guide_id,
        mr1_0.guide_schedule_id,
        mr1_0.propose_message,
        mr1_0.proposed_schedule,
        mr1_0.status,
        mr1_0.updated_at 
    from
        match_request mr1_0 
    where
        mr1_0.guest_id=?
2026-04-23 16:20:54.194 TRACE [024a7683] org.hibernate.orm.jdbc.bind - binding parameter (1:BIGINT) <- [941004]
2026-04-23 16:20:54.260 INFO  [024a7683] c.t.a.logging.MdcLoggingFilter - [HTTP] 요청 완료 - statusCode: 200, latencyMs: 264, requestUri: /api/matching/requests/guest/list, method: GET
2026-04-23 16:21:00.040 DEBUG [] org.hibernate.SQL - 
    /* <criteria> */ select
        te1_0.id,
        te1_0.created_at,
        te1_0.deadline_at,
        te1_0.extended_date,
        te1_0.extended_price,
        te1_0.guest_id,
        te1_0.guide_approved_at,
        te1_0.match_request_id,
        te1_0.requested_at,
        te1_0.status,
        te1_0.updated_at 
    from
        tour_extension te1_0 
    where
        te1_0.status=? 
        and te1_0.deadline_at<?
2026-04-23 16:21:00.046 TRACE [] org.hibernate.orm.jdbc.bind - binding parameter (1:ENUM) <- [REQUESTED]
2026-04-23 16:21:00.049 TRACE [] org.hibernate.orm.jdbc.bind - binding parameter (2:TIMESTAMP) <- [2026-04-23T16:21:00.031563400]
2026-04-23 16:21:11.906 DEBUG [e3e802de] org.hibernate.SQL - 
    select
        gp1_0.id,
        gp1_0.average_rating,
        gp1_0.bio,
        gp1_0.created_at,
        gp1_0.default_course,
        gp1_0.guide_style,
        gp1_0.is_active,
        gp1_0.is_approved,
        gp1_0.keywords,
        gp1_0.language,
        gp1_0.local_story,
        gp1_0.member_id,
        gp1_0.nickname,
        gp1_0.price_per_hour,
        gp1_0.profile_image,
        gp1_0.region,
        gp1_0.residence_years,
        gp1_0.review_count,
        gp1_0.updated_at 
    from
        guide_profiles gp1_0 
    where
        gp1_0.id=?
2026-04-23 16:21:11.907 TRACE [e3e802de] org.hibernate.orm.jdbc.bind - binding parameter (1:BIGINT) <- [841024]
2026-04-23 16:21:11.913 DEBUG [e3e802de] org.hibernate.SQL - 
    /* <criteria> */ select
        gf1_0.id,
        gf1_0.content,
        gf1_0.created_at,
        gf1_0.guide_id,
        gf1_0.image_url,
        gf1_0.is_deleted,
        gf1_0.updated_at 
    from
        guide_feeds gf1_0 
    left join
        guide_profiles gp1_0 
            on gp1_0.id=gf1_0.guide_id 
    where
        gp1_0.id=? 
        and not(gf1_0.is_deleted) 
    order by
        gf1_0.created_at desc
2026-04-23 16:21:11.917 TRACE [e3e802de] org.hibernate.orm.jdbc.bind - binding parameter (1:BIGINT) <- [841024]
2026-04-23 16:21:11.939 DEBUG [e3e802de] org.hibernate.SQL - 
    /* <criteria> */ select
        gc1_0.id,
        gc1_0.acquired_at,
        gc1_0.created_at,
        gc1_0.description,
        gc1_0.guide_id,
        gc1_0.title,
        gc1_0.updated_at 
    from
        guide_careers gc1_0 
    left join
        guide_profiles gp1_0 
            on gp1_0.id=gc1_0.guide_id 
    where
        gp1_0.id=?
2026-04-23 16:21:11.939 TRACE [e3e802de] org.hibernate.orm.jdbc.bind - binding parameter (1:BIGINT) <- [841024]
2026-04-23 16:21:12.029 DEBUG [e3e802de] org.hibernate.SQL - 
    /* <criteria> */ select
        gi1_0.id,
        gi1_0.created_at,
        gi1_0.guide_id,
        gi1_0.image_url,
        gi1_0.is_main,
        gi1_0.sort_order,
        gi1_0.updated_at 
    from
        guide_images gi1_0 
    left join
        guide_profiles gp1_0 
            on gp1_0.id=gi1_0.guide_id 
    where
        gp1_0.id=? 
    order by
        gi1_0.sort_order
2026-04-23 16:21:12.043 TRACE [e3e802de] org.hibernate.orm.jdbc.bind - binding parameter (1:BIGINT) <- [841024]
2026-04-23 16:21:12.136 INFO  [e3e802de] c.t.a.logging.MdcLoggingFilter - [HTTP] 요청 완료 - statusCode: 200, latencyMs: 267, requestUri: /api/guides/841024/detail, method: GET
2026-04-23 16:21:12.382 DEBUG [9350615c] org.hibernate.SQL - 
    /* <criteria> */ select
        m1_0.id,
        m1_0.created_at,
        m1_0.email,
        m1_0.name,
        m1_0.nickname,
        m1_0.password,
        m1_0.profile_image_url,
        m1_0.role,
        m1_0.social_type,
        m1_0.status,
        m1_0.updated_at 
    from
        member m1_0 
    where
        m1_0.email=? 
        and m1_0.role=?
2026-04-23 16:21:12.394 TRACE [9350615c] org.hibernate.orm.jdbc.bind - binding parameter (1:VARCHAR) <- [guest04@localGuest.com]
2026-04-23 16:21:12.400 TRACE [9350615c] org.hibernate.orm.jdbc.bind - binding parameter (2:ENUM) <- [GUEST]
2026-04-23 16:21:12.494 DEBUG [9350615c] org.hibernate.SQL - 
    /* <criteria> */ select
        mr1_0.id,
        mr1_0.budget_max_won,
        mr1_0.budget_min_won,
        mr1_0.cancel_reason,
        mr1_0.cancelled_by,
        mr1_0.concept,
        mr1_0.concept_summary,
        mr1_0.created_at,
        mr1_0.desired_budget,
        mr1_0.desired_date,
        mr1_0.destination,
        mr1_0.guest_id,
        mr1_0.guide_id,
        mr1_0.guide_schedule_id,
        mr1_0.propose_message,
        mr1_0.proposed_schedule,
        mr1_0.status,
        mr1_0.updated_at 
    from
        match_request mr1_0 
    where
        mr1_0.guest_id=?
2026-04-23 16:21:12.524 TRACE [9350615c] org.hibernate.orm.jdbc.bind - binding parameter (1:BIGINT) <- [941004]
2026-04-23 16:21:12.739 INFO  [9350615c] c.t.a.logging.MdcLoggingFilter - [HTTP] 요청 완료 - statusCode: 200, latencyMs: 499, requestUri: /api/matching/requests/guest/list, method: GET
2026-04-23 16:21:28.217 DEBUG [6c83a166] org.hibernate.SQL - 
    /* <criteria> */ select
        m1_0.id,
        m1_0.created_at,
        m1_0.email,
        m1_0.name,
        m1_0.nickname,
        m1_0.password,
        m1_0.profile_image_url,
        m1_0.role,
        m1_0.social_type,
        m1_0.status,
        m1_0.updated_at 
    from
        member m1_0 
    where
        m1_0.email=? 
        and m1_0.role=?
2026-04-23 16:21:28.221 TRACE [6c83a166] org.hibernate.orm.jdbc.bind - binding parameter (1:VARCHAR) <- [guide27@localGuest.com]
2026-04-23 16:21:28.223 TRACE [6c83a166] org.hibernate.orm.jdbc.bind - binding parameter (2:ENUM) <- [GUIDE]
2026-04-23 16:21:28.237 DEBUG [6c83a166] org.hibernate.SQL - 
    /* <criteria> */ select
        gp1_0.id,
        gp1_0.average_rating,
        gp1_0.bio,
        gp1_0.created_at,
        gp1_0.default_course,
        gp1_0.guide_style,
        gp1_0.is_active,
        gp1_0.is_approved,
        gp1_0.keywords,
        gp1_0.language,
        gp1_0.local_story,
        gp1_0.member_id,
        gp1_0.nickname,
        gp1_0.price_per_hour,
        gp1_0.profile_image,
        gp1_0.region,
        gp1_0.residence_years,
        gp1_0.review_count,
        gp1_0.updated_at 
    from
        guide_profiles gp1_0 
    where
        gp1_0.member_id=?
2026-04-23 16:21:28.244 TRACE [6c83a166] org.hibernate.orm.jdbc.bind - binding parameter (1:BIGINT) <- [940027]
2026-04-23 16:21:28.267 DEBUG [6c83a166] org.hibernate.SQL - 
    /* <criteria> */ select
        mr1_0.id,
        mr1_0.budget_max_won,
        mr1_0.budget_min_won,
        mr1_0.cancel_reason,
        mr1_0.cancelled_by,
        mr1_0.concept,
        mr1_0.concept_summary,
        mr1_0.created_at,
        mr1_0.desired_budget,
        mr1_0.desired_date,
        mr1_0.destination,
        mr1_0.guest_id,
        mr1_0.guide_id,
        mr1_0.guide_schedule_id,
        mr1_0.propose_message,
        mr1_0.proposed_schedule,
        mr1_0.status,
        mr1_0.updated_at 
    from
        match_request mr1_0 
    where
        mr1_0.guide_id=?
2026-04-23 16:21:28.276 TRACE [6c83a166] org.hibernate.orm.jdbc.bind - binding parameter (1:BIGINT) <- [841027]
2026-04-23 16:21:28.308 INFO  [6c83a166] c.t.a.logging.MdcLoggingFilter - [HTTP] 요청 완료 - statusCode: 200, latencyMs: 121, requestUri: /api/matching/requests/guide/list, method: GET
2026-04-23 16:22:00.038 DEBUG [] org.hibernate.SQL - 
    /* <criteria> */ select
        te1_0.id,
        te1_0.created_at,
        te1_0.deadline_at,
        te1_0.extended_date,
        te1_0.extended_price,
        te1_0.guest_id,
        te1_0.guide_approved_at,
        te1_0.match_request_id,
        te1_0.requested_at,
        te1_0.status,
        te1_0.updated_at 
    from
        tour_extension te1_0 
    where
        te1_0.status=? 
        and te1_0.deadline_at<?
2026-04-23 16:22:00.048 TRACE [] org.hibernate.orm.jdbc.bind - binding parameter (1:ENUM) <- [REQUESTED]
2026-04-23 16:22:00.051 TRACE [] org.hibernate.orm.jdbc.bind - binding parameter (2:TIMESTAMP) <- [2026-04-23T16:22:00.020533400]
2026-04-23 16:22:29.978 DEBUG [a4b0eb5b] org.hibernate.SQL - 
    /* <criteria> */ select
        m1_0.id,
        m1_0.created_at,
        m1_0.email,
        m1_0.name,
        m1_0.nickname,
        m1_0.password,
        m1_0.profile_image_url,
        m1_0.role,
        m1_0.social_type,
        m1_0.status,
        m1_0.updated_at 
    from
        member m1_0 
    where
        m1_0.email=? 
        and m1_0.role=?
2026-04-23 16:22:29.988 TRACE [a4b0eb5b] org.hibernate.orm.jdbc.bind - binding parameter (1:VARCHAR) <- [guide27@localGuest.com]
2026-04-23 16:22:29.989 TRACE [a4b0eb5b] org.hibernate.orm.jdbc.bind - binding parameter (2:ENUM) <- [GUIDE]
2026-04-23 16:22:30.005 DEBUG [a4b0eb5b] org.hibernate.SQL - 
    /* <criteria> */ select
        gp1_0.id,
        gp1_0.average_rating,
        gp1_0.bio,
        gp1_0.created_at,
        gp1_0.default_course,
        gp1_0.guide_style,
        gp1_0.is_active,
        gp1_0.is_approved,
        gp1_0.keywords,
        gp1_0.language,
        gp1_0.local_story,
        gp1_0.member_id,
        gp1_0.nickname,
        gp1_0.price_per_hour,
        gp1_0.profile_image,
        gp1_0.region,
        gp1_0.residence_years,
        gp1_0.review_count,
        gp1_0.updated_at 
    from
        guide_profiles gp1_0 
    where
        gp1_0.member_id=?
2026-04-23 16:22:30.011 TRACE [a4b0eb5b] org.hibernate.orm.jdbc.bind - binding parameter (1:BIGINT) <- [940027]
2026-04-23 16:22:30.034 DEBUG [a4b0eb5b] org.hibernate.SQL - 
    /* <criteria> */ select
        mr1_0.id,
        mr1_0.budget_max_won,
        mr1_0.budget_min_won,
        mr1_0.cancel_reason,
        mr1_0.cancelled_by,
        mr1_0.concept,
        mr1_0.concept_summary,
        mr1_0.created_at,
        mr1_0.desired_budget,
        mr1_0.desired_date,
        mr1_0.destination,
        mr1_0.guest_id,
        mr1_0.guide_id,
        mr1_0.guide_schedule_id,
        mr1_0.propose_message,
        mr1_0.proposed_schedule,
        mr1_0.status,
        mr1_0.updated_at 
    from
        match_request mr1_0 
    where
        mr1_0.guide_id=?
2026-04-23 16:22:30.038 TRACE [a4b0eb5b] org.hibernate.orm.jdbc.bind - binding parameter (1:BIGINT) <- [841027]
2026-04-23 16:22:30.067 INFO  [a4b0eb5b] c.t.a.logging.MdcLoggingFilter - [HTTP] 요청 완료 - statusCode: 200, latencyMs: 125, requestUri: /api/matching/requests/guide/list, method: GET
2026-04-23 16:23:00.035 DEBUG [] org.hibernate.SQL - 
    /* <criteria> */ select
        te1_0.id,
        te1_0.created_at,
        te1_0.deadline_at,
        te1_0.extended_date,
        te1_0.extended_price,
        te1_0.guest_id,
        te1_0.guide_approved_at,
        te1_0.match_request_id,
        te1_0.requested_at,
        te1_0.status,
        te1_0.updated_at 
    from
        tour_extension te1_0 
    where
        te1_0.status=? 
        and te1_0.deadline_at<?
2026-04-23 16:23:00.039 TRACE [] org.hibernate.orm.jdbc.bind - binding parameter (1:ENUM) <- [REQUESTED]
2026-04-23 16:23:00.042 TRACE [] org.hibernate.orm.jdbc.bind - binding parameter (2:TIMESTAMP) <- [2026-04-23T16:23:00.021654900]
2026-04-23 16:23:33.580 DEBUG [bd324984] org.hibernate.SQL - 
    select
        gp1_0.id,
        gp1_0.average_rating,
        gp1_0.bio,
        gp1_0.created_at,
        gp1_0.default_course,
        gp1_0.guide_style,
        gp1_0.is_active,
        gp1_0.is_approved,
        gp1_0.keywords,
        gp1_0.language,
        gp1_0.local_story,
        gp1_0.member_id,
        gp1_0.nickname,
        gp1_0.price_per_hour,
        gp1_0.profile_image,
        gp1_0.region,
        gp1_0.residence_years,
        gp1_0.review_count,
        gp1_0.updated_at 
    from
        guide_profiles gp1_0 
    where
        gp1_0.id=?
2026-04-23 16:23:33.598 TRACE [bd324984] org.hibernate.orm.jdbc.bind - binding parameter (1:BIGINT) <- [841024]
2026-04-23 16:23:33.897 DEBUG [bd324984] org.hibernate.SQL - 
    /* <criteria> */ select
        gf1_0.id,
        gf1_0.content,
        gf1_0.created_at,
        gf1_0.guide_id,
        gf1_0.image_url,
        gf1_0.is_deleted,
        gf1_0.updated_at 
    from
        guide_feeds gf1_0 
    left join
        guide_profiles gp1_0 
            on gp1_0.id=gf1_0.guide_id 
    where
        gp1_0.id=? 
        and not(gf1_0.is_deleted) 
    order by
        gf1_0.created_at desc
2026-04-23 16:23:33.913 TRACE [bd324984] org.hibernate.orm.jdbc.bind - binding parameter (1:BIGINT) <- [841024]
2026-04-23 16:23:34.025 DEBUG [bd324984] org.hibernate.SQL - 
    /* <criteria> */ select
        gc1_0.id,
        gc1_0.acquired_at,
        gc1_0.created_at,
        gc1_0.description,
        gc1_0.guide_id,
        gc1_0.title,
        gc1_0.updated_at 
    from
        guide_careers gc1_0 
    left join
        guide_profiles gp1_0 
            on gp1_0.id=gc1_0.guide_id 
    where
        gp1_0.id=?
2026-04-23 16:23:34.037 TRACE [bd324984] org.hibernate.orm.jdbc.bind - binding parameter (1:BIGINT) <- [841024]
2026-04-23 16:23:34.578 DEBUG [bd324984] org.hibernate.SQL - 
    /* <criteria> */ select
        gi1_0.id,
        gi1_0.created_at,
        gi1_0.guide_id,
        gi1_0.image_url,
        gi1_0.is_main,
        gi1_0.sort_order,
        gi1_0.updated_at 
    from
        guide_images gi1_0 
    left join
        guide_profiles gp1_0 
            on gp1_0.id=gi1_0.guide_id 
    where
        gp1_0.id=? 
    order by
        gi1_0.sort_order
2026-04-23 16:23:34.607 TRACE [bd324984] org.hibernate.orm.jdbc.bind - binding parameter (1:BIGINT) <- [841024]
2026-04-23 16:23:35.720 INFO  [bd324984] c.t.a.logging.MdcLoggingFilter - [HTTP] 요청 완료 - statusCode: 200, latencyMs: 2701, requestUri: /api/guides/841024/detail, method: GET
2026-04-23 16:23:36.085 DEBUG [6cfc56e8] org.hibernate.SQL - 
    select
        gp1_0.id,
        gp1_0.average_rating,
        gp1_0.bio,
        gp1_0.created_at,
        gp1_0.default_course,
        gp1_0.guide_style,
        gp1_0.is_active,
        gp1_0.is_approved,
        gp1_0.keywords,
        gp1_0.language,
        gp1_0.local_story,
        gp1_0.member_id,
        gp1_0.nickname,
        gp1_0.price_per_hour,
        gp1_0.profile_image,
        gp1_0.region,
        gp1_0.residence_years,
        gp1_0.review_count,
        gp1_0.updated_at 
    from
        guide_profiles gp1_0 
    where
        gp1_0.id=?
2026-04-23 16:23:36.089 DEBUG [1770934b] org.hibernate.SQL - 
    /* <criteria> */ select
        m1_0.id,
        m1_0.created_at,
        m1_0.email,
        m1_0.name,
        m1_0.nickname,
        m1_0.password,
        m1_0.profile_image_url,
        m1_0.role,
        m1_0.social_type,
        m1_0.status,
        m1_0.updated_at 
    from
        member m1_0 
    where
        m1_0.email=? 
        and m1_0.role=?
2026-04-23 16:23:36.094 TRACE [6cfc56e8] org.hibernate.orm.jdbc.bind - binding parameter (1:BIGINT) <- [841024]
2026-04-23 16:23:36.104 TRACE [1770934b] org.hibernate.orm.jdbc.bind - binding parameter (1:VARCHAR) <- [guest04@localGuest.com]
2026-04-23 16:23:36.109 TRACE [1770934b] org.hibernate.orm.jdbc.bind - binding parameter (2:ENUM) <- [GUEST]
2026-04-23 16:23:36.117 DEBUG [6cfc56e8] org.hibernate.SQL - 
    /* <criteria> */ select
        gf1_0.id,
        gf1_0.content,
        gf1_0.created_at,
        gf1_0.guide_id,
        gf1_0.image_url,
        gf1_0.is_deleted,
        gf1_0.updated_at 
    from
        guide_feeds gf1_0 
    left join
        guide_profiles gp1_0 
            on gp1_0.id=gf1_0.guide_id 
    where
        gp1_0.id=? 
        and not(gf1_0.is_deleted) 
    order by
        gf1_0.created_at desc
2026-04-23 16:23:36.123 TRACE [6cfc56e8] org.hibernate.orm.jdbc.bind - binding parameter (1:BIGINT) <- [841024]
2026-04-23 16:23:36.141 DEBUG [1770934b] org.hibernate.SQL - 
    /* <criteria> */ select
        mr1_0.id,
        mr1_0.budget_max_won,
        mr1_0.budget_min_won,
        mr1_0.cancel_reason,
        mr1_0.cancelled_by,
        mr1_0.concept,
        mr1_0.concept_summary,
        mr1_0.created_at,
        mr1_0.desired_budget,
        mr1_0.desired_date,
        mr1_0.destination,
        mr1_0.guest_id,
        mr1_0.guide_id,
        mr1_0.guide_schedule_id,
        mr1_0.propose_message,
        mr1_0.proposed_schedule,
        mr1_0.status,
        mr1_0.updated_at 
    from
        match_request mr1_0 
    where
        mr1_0.guest_id=?
2026-04-23 16:23:36.149 DEBUG [6cfc56e8] org.hibernate.SQL - 
    /* <criteria> */ select
        gc1_0.id,
        gc1_0.acquired_at,
        gc1_0.created_at,
        gc1_0.description,
        gc1_0.guide_id,
        gc1_0.title,
        gc1_0.updated_at 
    from
        guide_careers gc1_0 
    left join
        guide_profiles gp1_0 
            on gp1_0.id=gc1_0.guide_id 
    where
        gp1_0.id=?
2026-04-23 16:23:36.343 TRACE [6cfc56e8] org.hibernate.orm.jdbc.bind - binding parameter (1:BIGINT) <- [841024]
2026-04-23 16:23:36.343 TRACE [1770934b] org.hibernate.orm.jdbc.bind - binding parameter (1:BIGINT) <- [941004]
2026-04-23 16:23:36.363 DEBUG [6cfc56e8] org.hibernate.SQL - 
    /* <criteria> */ select
        gi1_0.id,
        gi1_0.created_at,
        gi1_0.guide_id,
        gi1_0.image_url,
        gi1_0.is_main,
        gi1_0.sort_order,
        gi1_0.updated_at 
    from
        guide_images gi1_0 
    left join
        guide_profiles gp1_0 
            on gp1_0.id=gi1_0.guide_id 
    where
        gp1_0.id=? 
    order by
        gi1_0.sort_order
2026-04-23 16:23:36.369 TRACE [6cfc56e8] org.hibernate.orm.jdbc.bind - binding parameter (1:BIGINT) <- [841024]
2026-04-23 16:23:36.397 INFO  [1770934b] c.t.a.logging.MdcLoggingFilter - [HTTP] 요청 완료 - statusCode: 200, latencyMs: 495, requestUri: /api/matching/requests/guest/list, method: GET
2026-04-23 16:23:36.412 INFO  [6cfc56e8] c.t.a.logging.MdcLoggingFilter - [HTTP] 요청 완료 - statusCode: 200, latencyMs: 505, requestUri: /api/guides/841024/detail, method: GET
2026-04-23 16:23:36.536 DEBUG [0d49a562] org.hibernate.SQL - 
    select
        gp1_0.id,
        gp1_0.average_rating,
        gp1_0.bio,
        gp1_0.created_at,
        gp1_0.default_course,
        gp1_0.guide_style,
        gp1_0.is_active,
        gp1_0.is_approved,
        gp1_0.keywords,
        gp1_0.language,
        gp1_0.local_story,
        gp1_0.member_id,
        gp1_0.nickname,
        gp1_0.price_per_hour,
        gp1_0.profile_image,
        gp1_0.region,
        gp1_0.residence_years,
        gp1_0.review_count,
        gp1_0.updated_at 
    from
        guide_profiles gp1_0 
    where
        gp1_0.id=?
2026-04-23 16:23:36.542 TRACE [0d49a562] org.hibernate.orm.jdbc.bind - binding parameter (1:BIGINT) <- [841024]
2026-04-23 16:23:36.558 DEBUG [0d49a562] org.hibernate.SQL - 
    /* <criteria> */ select
        gf1_0.id,
        gf1_0.content,
        gf1_0.created_at,
        gf1_0.guide_id,
        gf1_0.image_url,
        gf1_0.is_deleted,
        gf1_0.updated_at 
    from
        guide_feeds gf1_0 
    left join
        guide_profiles gp1_0 
            on gp1_0.id=gf1_0.guide_id 
    where
        gp1_0.id=? 
        and not(gf1_0.is_deleted) 
    order by
        gf1_0.created_at desc
2026-04-23 16:23:36.562 TRACE [0d49a562] org.hibernate.orm.jdbc.bind - binding parameter (1:BIGINT) <- [841024]
2026-04-23 16:23:36.567 DEBUG [f3c5a31a] org.hibernate.SQL - 
    /* <criteria> */ select
        m1_0.id,
        m1_0.created_at,
        m1_0.email,
        m1_0.name,
        m1_0.nickname,
        m1_0.password,
        m1_0.profile_image_url,
        m1_0.role,
        m1_0.social_type,
        m1_0.status,
        m1_0.updated_at 
    from
        member m1_0 
    where
        m1_0.email=? 
        and m1_0.role=?
2026-04-23 16:23:36.578 DEBUG [0d49a562] org.hibernate.SQL - 
    /* <criteria> */ select
        gc1_0.id,
        gc1_0.acquired_at,
        gc1_0.created_at,
        gc1_0.description,
        gc1_0.guide_id,
        gc1_0.title,
        gc1_0.updated_at 
    from
        guide_careers gc1_0 
    left join
        guide_profiles gp1_0 
            on gp1_0.id=gc1_0.guide_id 
    where
        gp1_0.id=?
2026-04-23 16:23:36.612 TRACE [0d49a562] org.hibernate.orm.jdbc.bind - binding parameter (1:BIGINT) <- [841024]
2026-04-23 16:23:36.612 TRACE [f3c5a31a] org.hibernate.orm.jdbc.bind - binding parameter (1:VARCHAR) <- [guest04@localGuest.com]
2026-04-23 16:23:36.614 TRACE [f3c5a31a] org.hibernate.orm.jdbc.bind - binding parameter (2:ENUM) <- [GUEST]
2026-04-23 16:23:36.635 DEBUG [0d49a562] org.hibernate.SQL - 
    /* <criteria> */ select
        gi1_0.id,
        gi1_0.created_at,
        gi1_0.guide_id,
        gi1_0.image_url,
        gi1_0.is_main,
        gi1_0.sort_order,
        gi1_0.updated_at 
    from
        guide_images gi1_0 
    left join
        guide_profiles gp1_0 
            on gp1_0.id=gi1_0.guide_id 
    where
        gp1_0.id=? 
    order by
        gi1_0.sort_order
2026-04-23 16:23:36.637 DEBUG [f3c5a31a] org.hibernate.SQL - 
    /* <criteria> */ select
        mr1_0.id,
        mr1_0.budget_max_won,
        mr1_0.budget_min_won,
        mr1_0.cancel_reason,
        mr1_0.cancelled_by,
        mr1_0.concept,
        mr1_0.concept_summary,
        mr1_0.created_at,
        mr1_0.desired_budget,
        mr1_0.desired_date,
        mr1_0.destination,
        mr1_0.guest_id,
        mr1_0.guide_id,
        mr1_0.guide_schedule_id,
        mr1_0.propose_message,
        mr1_0.proposed_schedule,
        mr1_0.status,
        mr1_0.updated_at 
    from
        match_request mr1_0 
    where
        mr1_0.guest_id=?
2026-04-23 16:23:36.637 TRACE [0d49a562] org.hibernate.orm.jdbc.bind - binding parameter (1:BIGINT) <- [841024]
2026-04-23 16:23:36.645 TRACE [f3c5a31a] org.hibernate.orm.jdbc.bind - binding parameter (1:BIGINT) <- [941004]
2026-04-23 16:23:36.694 INFO  [0d49a562] c.t.a.logging.MdcLoggingFilter - [HTTP] 요청 완료 - statusCode: 200, latencyMs: 200, requestUri: /api/guides/841024/detail, method: GET
2026-04-23 16:23:36.721 INFO  [f3c5a31a] c.t.a.logging.MdcLoggingFilter - [HTTP] 요청 완료 - statusCode: 200, latencyMs: 200, requestUri: /api/matching/requests/guest/list, method: GET
2026-04-23 16:23:36.844 DEBUG [9ec4d980] org.hibernate.SQL - 
    select
        gp1_0.id,
        gp1_0.average_rating,
        gp1_0.bio,
        gp1_0.created_at,
        gp1_0.default_course,
        gp1_0.guide_style,
        gp1_0.is_active,
        gp1_0.is_approved,
        gp1_0.keywords,
        gp1_0.language,
        gp1_0.local_story,
        gp1_0.member_id,
        gp1_0.nickname,
        gp1_0.price_per_hour,
        gp1_0.profile_image,
        gp1_0.region,
        gp1_0.residence_years,
        gp1_0.review_count,
        gp1_0.updated_at 
    from
        guide_profiles gp1_0 
    where
        gp1_0.id=?
2026-04-23 16:23:36.910 DEBUG [978984bf] org.hibernate.SQL - 
    /* <criteria> */ select
        m1_0.id,
        m1_0.created_at,
        m1_0.email,
        m1_0.name,
        m1_0.nickname,
        m1_0.password,
        m1_0.profile_image_url,
        m1_0.role,
        m1_0.social_type,
        m1_0.status,
        m1_0.updated_at 
    from
        member m1_0 
    where
        m1_0.email=? 
        and m1_0.role=?
2026-04-23 16:23:37.544 TRACE [9ec4d980] org.hibernate.orm.jdbc.bind - binding parameter (1:BIGINT) <- [841024]
2026-04-23 16:23:37.548 TRACE [978984bf] org.hibernate.orm.jdbc.bind - binding parameter (1:VARCHAR) <- [guest04@localGuest.com]
2026-04-23 16:23:37.549 TRACE [978984bf] org.hibernate.orm.jdbc.bind - binding parameter (2:ENUM) <- [GUEST]
2026-04-23 16:23:37.558 DEBUG [9ec4d980] org.hibernate.SQL - 
    /* <criteria> */ select
        gf1_0.id,
        gf1_0.content,
        gf1_0.created_at,
        gf1_0.guide_id,
        gf1_0.image_url,
        gf1_0.is_deleted,
        gf1_0.updated_at 
    from
        guide_feeds gf1_0 
    left join
        guide_profiles gp1_0 
            on gp1_0.id=gf1_0.guide_id 
    where
        gp1_0.id=? 
        and not(gf1_0.is_deleted) 
    order by
        gf1_0.created_at desc
2026-04-23 16:23:37.560 TRACE [9ec4d980] org.hibernate.orm.jdbc.bind - binding parameter (1:BIGINT) <- [841024]
2026-04-23 16:23:37.576 DEBUG [978984bf] org.hibernate.SQL - 
    /* <criteria> */ select
        mr1_0.id,
        mr1_0.budget_max_won,
        mr1_0.budget_min_won,
        mr1_0.cancel_reason,
        mr1_0.cancelled_by,
        mr1_0.concept,
        mr1_0.concept_summary,
        mr1_0.created_at,
        mr1_0.desired_budget,
        mr1_0.desired_date,
        mr1_0.destination,
        mr1_0.guest_id,
        mr1_0.guide_id,
        mr1_0.guide_schedule_id,
        mr1_0.propose_message,
        mr1_0.proposed_schedule,
        mr1_0.status,
        mr1_0.updated_at 
    from
        match_request mr1_0 
    where
        mr1_0.guest_id=?
2026-04-23 16:23:37.578 DEBUG [9ec4d980] org.hibernate.SQL - 
    /* <criteria> */ select
        gc1_0.id,
        gc1_0.acquired_at,
        gc1_0.created_at,
        gc1_0.description,
        gc1_0.guide_id,
        gc1_0.title,
        gc1_0.updated_at 
    from
        guide_careers gc1_0 
    left join
        guide_profiles gp1_0 
            on gp1_0.id=gc1_0.guide_id 
    where
        gp1_0.id=?
2026-04-23 16:23:37.578 TRACE [978984bf] org.hibernate.orm.jdbc.bind - binding parameter (1:BIGINT) <- [941004]
2026-04-23 16:23:37.581 TRACE [9ec4d980] org.hibernate.orm.jdbc.bind - binding parameter (1:BIGINT) <- [841024]
2026-04-23 16:23:37.597 DEBUG [9ec4d980] org.hibernate.SQL - 
    /* <criteria> */ select
        gi1_0.id,
        gi1_0.created_at,
        gi1_0.guide_id,
        gi1_0.image_url,
        gi1_0.is_main,
        gi1_0.sort_order,
        gi1_0.updated_at 
    from
        guide_images gi1_0 
    left join
        guide_profiles gp1_0 
            on gp1_0.id=gi1_0.guide_id 
    where
        gp1_0.id=? 
    order by
        gi1_0.sort_order
2026-04-23 16:23:37.605 TRACE [9ec4d980] org.hibernate.orm.jdbc.bind - binding parameter (1:BIGINT) <- [841024]
2026-04-23 16:23:37.613 INFO  [978984bf] c.t.a.logging.MdcLoggingFilter - [HTTP] 요청 완료 - statusCode: 200, latencyMs: 778, requestUri: /api/matching/requests/guest/list, method: GET
2026-04-23 16:23:37.641 INFO  [9ec4d980] c.t.a.logging.MdcLoggingFilter - [HTTP] 요청 완료 - statusCode: 200, latencyMs: 868, requestUri: /api/guides/841024/detail, method: GET
2026-04-23 16:23:37.706 DEBUG [8fc4a590] org.hibernate.SQL - 
    /* <criteria> */ select
        m1_0.id,
        m1_0.created_at,
        m1_0.email,
        m1_0.name,
        m1_0.nickname,
        m1_0.password,
        m1_0.profile_image_url,
        m1_0.role,
        m1_0.social_type,
        m1_0.status,
        m1_0.updated_at 
    from
        member m1_0 
    where
        m1_0.email=? 
        and m1_0.role=?
2026-04-23 16:23:37.713 TRACE [8fc4a590] org.hibernate.orm.jdbc.bind - binding parameter (1:VARCHAR) <- [guest04@localGuest.com]
2026-04-23 16:23:37.714 TRACE [8fc4a590] org.hibernate.orm.jdbc.bind - binding parameter (2:ENUM) <- [GUEST]
2026-04-23 16:23:37.753 DEBUG [8fc4a590] org.hibernate.SQL - 
    /* <criteria> */ select
        mr1_0.id,
        mr1_0.budget_max_won,
        mr1_0.budget_min_won,
        mr1_0.cancel_reason,
        mr1_0.cancelled_by,
        mr1_0.concept,
        mr1_0.concept_summary,
        mr1_0.created_at,
        mr1_0.desired_budget,
        mr1_0.desired_date,
        mr1_0.destination,
        mr1_0.guest_id,
        mr1_0.guide_id,
        mr1_0.guide_schedule_id,
        mr1_0.propose_message,
        mr1_0.proposed_schedule,
        mr1_0.status,
        mr1_0.updated_at 
    from
        match_request mr1_0 
    where
        mr1_0.guest_id=?
2026-04-23 16:23:37.771 TRACE [8fc4a590] org.hibernate.orm.jdbc.bind - binding parameter (1:BIGINT) <- [941004]
2026-04-23 16:23:37.803 INFO  [8fc4a590] c.t.a.logging.MdcLoggingFilter - [HTTP] 요청 완료 - statusCode: 200, latencyMs: 124, requestUri: /api/matching/requests/guest/list, method: GET
2026-04-23 16:23:43.719 DEBUG [a63c0dcf] org.hibernate.SQL - 
    /* <criteria> */ select
        m1_0.id,
        m1_0.created_at,
        m1_0.email,
        m1_0.name,
        m1_0.nickname,
        m1_0.password,
        m1_0.profile_image_url,
        m1_0.role,
        m1_0.social_type,
        m1_0.status,
        m1_0.updated_at 
    from
        member m1_0 
    where
        m1_0.email=? 
        and m1_0.role=?
2026-04-23 16:23:43.723 TRACE [a63c0dcf] org.hibernate.orm.jdbc.bind - binding parameter (1:VARCHAR) <- [guide27@localGuest.com]
2026-04-23 16:23:43.726 TRACE [a63c0dcf] org.hibernate.orm.jdbc.bind - binding parameter (2:ENUM) <- [GUIDE]
2026-04-23 16:23:43.737 DEBUG [a63c0dcf] org.hibernate.SQL - 
    /* <criteria> */ select
        gp1_0.id,
        gp1_0.average_rating,
        gp1_0.bio,
        gp1_0.created_at,
        gp1_0.default_course,
        gp1_0.guide_style,
        gp1_0.is_active,
        gp1_0.is_approved,
        gp1_0.keywords,
        gp1_0.language,
        gp1_0.local_story,
        gp1_0.member_id,
        gp1_0.nickname,
        gp1_0.price_per_hour,
        gp1_0.profile_image,
        gp1_0.region,
        gp1_0.residence_years,
        gp1_0.review_count,
        gp1_0.updated_at 
    from
        guide_profiles gp1_0 
    where
        gp1_0.member_id=?
2026-04-23 16:23:43.739 TRACE [a63c0dcf] org.hibernate.orm.jdbc.bind - binding parameter (1:BIGINT) <- [940027]
2026-04-23 16:23:43.760 DEBUG [a63c0dcf] org.hibernate.SQL - 
    /* <criteria> */ select
        mr1_0.id,
        mr1_0.budget_max_won,
        mr1_0.budget_min_won,
        mr1_0.cancel_reason,
        mr1_0.cancelled_by,
        mr1_0.concept,
        mr1_0.concept_summary,
        mr1_0.created_at,
        mr1_0.desired_budget,
        mr1_0.desired_date,
        mr1_0.destination,
        mr1_0.guest_id,
        mr1_0.guide_id,
        mr1_0.guide_schedule_id,
        mr1_0.propose_message,
        mr1_0.proposed_schedule,
        mr1_0.status,
        mr1_0.updated_at 
    from
        match_request mr1_0 
    where
        mr1_0.guide_id=?
2026-04-23 16:23:43.763 TRACE [a63c0dcf] org.hibernate.orm.jdbc.bind - binding parameter (1:BIGINT) <- [841027]
2026-04-23 16:23:43.788 INFO  [a63c0dcf] c.t.a.logging.MdcLoggingFilter - [HTTP] 요청 완료 - statusCode: 200, latencyMs: 107, requestUri: /api/matching/requests/guide/list, method: GET
2026-04-23 16:24:00.154 DEBUG [] org.hibernate.SQL - 
    /* <criteria> */ select
        te1_0.id,
        te1_0.created_at,
        te1_0.deadline_at,
        te1_0.extended_date,
        te1_0.extended_price,
        te1_0.guest_id,
        te1_0.guide_approved_at,
        te1_0.match_request_id,
        te1_0.requested_at,
        te1_0.status,
        te1_0.updated_at 
    from
        tour_extension te1_0 
    where
        te1_0.status=? 
        and te1_0.deadline_at<?
2026-04-23 16:24:00.172 TRACE [] org.hibernate.orm.jdbc.bind - binding parameter (1:ENUM) <- [REQUESTED]
2026-04-23 16:24:00.195 TRACE [] org.hibernate.orm.jdbc.bind - binding parameter (2:TIMESTAMP) <- [2026-04-23T16:24:00.077634200]
2026-04-23 16:24:14.678 DEBUG [3d04d7eb] org.hibernate.SQL - 
    select
        gp1_0.id,
        gp1_0.average_rating,
        gp1_0.bio,
        gp1_0.created_at,
        gp1_0.default_course,
        gp1_0.guide_style,
        gp1_0.is_active,
        gp1_0.is_approved,
        gp1_0.keywords,
        gp1_0.language,
        gp1_0.local_story,
        gp1_0.member_id,
        gp1_0.nickname,
        gp1_0.price_per_hour,
        gp1_0.profile_image,
        gp1_0.region,
        gp1_0.residence_years,
        gp1_0.review_count,
        gp1_0.updated_at 
    from
        guide_profiles gp1_0 
    where
        gp1_0.id=?
2026-04-23 16:24:14.681 TRACE [3d04d7eb] org.hibernate.orm.jdbc.bind - binding parameter (1:BIGINT) <- [841024]
2026-04-23 16:24:14.742 DEBUG [3d04d7eb] org.hibernate.SQL - 
    /* <criteria> */ select
        gf1_0.id,
        gf1_0.content,
        gf1_0.created_at,
        gf1_0.guide_id,
        gf1_0.image_url,
        gf1_0.is_deleted,
        gf1_0.updated_at 
    from
        guide_feeds gf1_0 
    left join
        guide_profiles gp1_0 
            on gp1_0.id=gf1_0.guide_id 
    where
        gp1_0.id=? 
        and not(gf1_0.is_deleted) 
    order by
        gf1_0.created_at desc
2026-04-23 16:24:14.766 TRACE [3d04d7eb] org.hibernate.orm.jdbc.bind - binding parameter (1:BIGINT) <- [841024]
2026-04-23 16:24:14.844 DEBUG [3d04d7eb] org.hibernate.SQL - 
    /* <criteria> */ select
        gc1_0.id,
        gc1_0.acquired_at,
        gc1_0.created_at,
        gc1_0.description,
        gc1_0.guide_id,
        gc1_0.title,
        gc1_0.updated_at 
    from
        guide_careers gc1_0 
    left join
        guide_profiles gp1_0 
            on gp1_0.id=gc1_0.guide_id 
    where
        gp1_0.id=?
2026-04-23 16:24:14.856 TRACE [3d04d7eb] org.hibernate.orm.jdbc.bind - binding parameter (1:BIGINT) <- [841024]
2026-04-23 16:24:14.979 DEBUG [3d04d7eb] org.hibernate.SQL - 
    /* <criteria> */ select
        gi1_0.id,
        gi1_0.created_at,
        gi1_0.guide_id,
        gi1_0.image_url,
        gi1_0.is_main,
        gi1_0.sort_order,
        gi1_0.updated_at 
    from
        guide_images gi1_0 
    left join
        guide_profiles gp1_0 
            on gp1_0.id=gi1_0.guide_id 
    where
        gp1_0.id=? 
    order by
        gi1_0.sort_order
2026-04-23 16:24:14.984 TRACE [3d04d7eb] org.hibernate.orm.jdbc.bind - binding parameter (1:BIGINT) <- [841024]
2026-04-23 16:24:15.255 INFO  [3d04d7eb] c.t.a.logging.MdcLoggingFilter - [HTTP] 요청 완료 - statusCode: 200, latencyMs: 711, requestUri: /api/guides/841024/detail, method: GET
2026-04-23 16:24:15.480 DEBUG [97272e10] org.hibernate.SQL - 
    /* <criteria> */ select
        m1_0.id,
        m1_0.created_at,
        m1_0.email,
        m1_0.name,
        m1_0.nickname,
        m1_0.password,
        m1_0.profile_image_url,
        m1_0.role,
        m1_0.social_type,
        m1_0.status,
        m1_0.updated_at 
    from
        member m1_0 
    where
        m1_0.email=? 
        and m1_0.role=?
2026-04-23 16:24:15.486 TRACE [97272e10] org.hibernate.orm.jdbc.bind - binding parameter (1:VARCHAR) <- [guest04@localGuest.com]
2026-04-23 16:24:15.489 TRACE [97272e10] org.hibernate.orm.jdbc.bind - binding parameter (2:ENUM) <- [GUEST]
2026-04-23 16:24:15.513 DEBUG [97272e10] org.hibernate.SQL - 
    /* <criteria> */ select
        mr1_0.id,
        mr1_0.budget_max_won,
        mr1_0.budget_min_won,
        mr1_0.cancel_reason,
        mr1_0.cancelled_by,
        mr1_0.concept,
        mr1_0.concept_summary,
        mr1_0.created_at,
        mr1_0.desired_budget,
        mr1_0.desired_date,
        mr1_0.destination,
        mr1_0.guest_id,
        mr1_0.guide_id,
        mr1_0.guide_schedule_id,
        mr1_0.propose_message,
        mr1_0.proposed_schedule,
        mr1_0.status,
        mr1_0.updated_at 
    from
        match_request mr1_0 
    where
        mr1_0.guest_id=?
2026-04-23 16:24:15.521 TRACE [97272e10] org.hibernate.orm.jdbc.bind - binding parameter (1:BIGINT) <- [941004]
2026-04-23 16:24:15.553 INFO  [97272e10] c.t.a.logging.MdcLoggingFilter - [HTTP] 요청 완료 - statusCode: 200, latencyMs: 162, requestUri: /api/matching/requests/guest/list, method: GET
2026-04-23 16:24:28.237 DEBUG [54912736] org.hibernate.SQL - 
    /* <criteria> */ select
        m1_0.id,
        m1_0.created_at,
        m1_0.email,
        m1_0.name,
        m1_0.nickname,
        m1_0.password,
        m1_0.profile_image_url,
        m1_0.role,
        m1_0.social_type,
        m1_0.status,
        m1_0.updated_at 
    from
        member m1_0 
    where
        m1_0.email=? 
        and m1_0.role=?
2026-04-23 16:24:28.241 TRACE [54912736] org.hibernate.orm.jdbc.bind - binding parameter (1:VARCHAR) <- [guide27@localGuest.com]
2026-04-23 16:24:28.243 TRACE [54912736] org.hibernate.orm.jdbc.bind - binding parameter (2:ENUM) <- [GUIDE]
2026-04-23 16:24:28.253 DEBUG [54912736] org.hibernate.SQL - 
    /* <criteria> */ select
        gp1_0.id,
        gp1_0.average_rating,
        gp1_0.bio,
        gp1_0.created_at,
        gp1_0.default_course,
        gp1_0.guide_style,
        gp1_0.is_active,
        gp1_0.is_approved,
        gp1_0.keywords,
        gp1_0.language,
        gp1_0.local_story,
        gp1_0.member_id,
        gp1_0.nickname,
        gp1_0.price_per_hour,
        gp1_0.profile_image,
        gp1_0.region,
        gp1_0.residence_years,
        gp1_0.review_count,
        gp1_0.updated_at 
    from
        guide_profiles gp1_0 
    where
        gp1_0.member_id=?
2026-04-23 16:24:28.256 TRACE [54912736] org.hibernate.orm.jdbc.bind - binding parameter (1:BIGINT) <- [940027]
2026-04-23 16:24:28.271 DEBUG [54912736] org.hibernate.SQL - 
    /* <criteria> */ select
        mr1_0.id,
        mr1_0.budget_max_won,
        mr1_0.budget_min_won,
        mr1_0.cancel_reason,
        mr1_0.cancelled_by,
        mr1_0.concept,
        mr1_0.concept_summary,
        mr1_0.created_at,
        mr1_0.desired_budget,
        mr1_0.desired_date,
        mr1_0.destination,
        mr1_0.guest_id,
        mr1_0.guide_id,
        mr1_0.guide_schedule_id,
        mr1_0.propose_message,
        mr1_0.proposed_schedule,
        mr1_0.status,
        mr1_0.updated_at 
    from
        match_request mr1_0 
    where
        mr1_0.guide_id=?
2026-04-23 16:24:28.275 TRACE [54912736] org.hibernate.orm.jdbc.bind - binding parameter (1:BIGINT) <- [841027]
2026-04-23 16:24:28.295 INFO  [54912736] c.t.a.logging.MdcLoggingFilter - [HTTP] 요청 완료 - statusCode: 200, latencyMs: 88, requestUri: /api/matching/requests/guide/list, method: GET
2026-04-23 16:25:00.033 DEBUG [] org.hibernate.SQL - 
    /* <criteria> */ select
        te1_0.id,
        te1_0.created_at,
        te1_0.deadline_at,
        te1_0.extended_date,
        te1_0.extended_price,
        te1_0.guest_id,
        te1_0.guide_approved_at,
        te1_0.match_request_id,
        te1_0.requested_at,
        te1_0.status,
        te1_0.updated_at 
    from
        tour_extension te1_0 
    where
        te1_0.status=? 
        and te1_0.deadline_at<?
2026-04-23 16:25:00.041 TRACE [] org.hibernate.orm.jdbc.bind - binding parameter (1:ENUM) <- [REQUESTED]
2026-04-23 16:25:00.048 TRACE [] org.hibernate.orm.jdbc.bind - binding parameter (2:TIMESTAMP) <- [2026-04-23T16:25:00.021613600]
2026-04-23 16:25:29.323 DEBUG [d7d7d0de] org.hibernate.SQL - 
    /* <criteria> */ select
        m1_0.id,
        m1_0.created_at,
        m1_0.email,
        m1_0.name,
        m1_0.nickname,
        m1_0.password,
        m1_0.profile_image_url,
        m1_0.role,
        m1_0.social_type,
        m1_0.status,
        m1_0.updated_at 
    from
        member m1_0 
    where
        m1_0.email=? 
        and m1_0.role=?
2026-04-23 16:25:29.335 TRACE [d7d7d0de] org.hibernate.orm.jdbc.bind - binding parameter (1:VARCHAR) <- [guide27@localGuest.com]
2026-04-23 16:25:29.336 TRACE [d7d7d0de] org.hibernate.orm.jdbc.bind - binding parameter (2:ENUM) <- [GUIDE]
2026-04-23 16:25:29.357 DEBUG [d7d7d0de] org.hibernate.SQL - 
    /* <criteria> */ select
        gp1_0.id,
        gp1_0.average_rating,
        gp1_0.bio,
        gp1_0.created_at,
        gp1_0.default_course,
        gp1_0.guide_style,
        gp1_0.is_active,
        gp1_0.is_approved,
        gp1_0.keywords,
        gp1_0.language,
        gp1_0.local_story,
        gp1_0.member_id,
        gp1_0.nickname,
        gp1_0.price_per_hour,
        gp1_0.profile_image,
        gp1_0.region,
        gp1_0.residence_years,
        gp1_0.review_count,
        gp1_0.updated_at 
    from
        guide_profiles gp1_0 
    where
        gp1_0.member_id=?
2026-04-23 16:25:29.363 TRACE [d7d7d0de] org.hibernate.orm.jdbc.bind - binding parameter (1:BIGINT) <- [940027]
2026-04-23 16:25:29.392 DEBUG [d7d7d0de] org.hibernate.SQL - 
    /* <criteria> */ select
        mr1_0.id,
        mr1_0.budget_max_won,
        mr1_0.budget_min_won,
        mr1_0.cancel_reason,
        mr1_0.cancelled_by,
        mr1_0.concept,
        mr1_0.concept_summary,
        mr1_0.created_at,
        mr1_0.desired_budget,
        mr1_0.desired_date,
        mr1_0.destination,
        mr1_0.guest_id,
        mr1_0.guide_id,
        mr1_0.guide_schedule_id,
        mr1_0.propose_message,
        mr1_0.proposed_schedule,
        mr1_0.status,
        mr1_0.updated_at 
    from
        match_request mr1_0 
    where
        mr1_0.guide_id=?
2026-04-23 16:25:29.397 TRACE [d7d7d0de] org.hibernate.orm.jdbc.bind - binding parameter (1:BIGINT) <- [841027]
2026-04-23 16:25:29.433 INFO  [d7d7d0de] c.t.a.logging.MdcLoggingFilter - [HTTP] 요청 완료 - statusCode: 200, latencyMs: 175, requestUri: /api/matching/requests/guide/list, method: GET
2026-04-23 16:26:00.036 DEBUG [] org.hibernate.SQL - 
    /* <criteria> */ select
        te1_0.id,
        te1_0.created_at,
        te1_0.deadline_at,
        te1_0.extended_date,
        te1_0.extended_price,
        te1_0.guest_id,
        te1_0.guide_approved_at,
        te1_0.match_request_id,
        te1_0.requested_at,
        te1_0.status,
        te1_0.updated_at 
    from
        tour_extension te1_0 
    where
        te1_0.status=? 
        and te1_0.deadline_at<?
2026-04-23 16:26:00.040 TRACE [] org.hibernate.orm.jdbc.bind - binding parameter (1:ENUM) <- [REQUESTED]
2026-04-23 16:26:00.046 TRACE [] org.hibernate.orm.jdbc.bind - binding parameter (2:TIMESTAMP) <- [2026-04-23T16:26:00.024468100]
2026-04-23 16:26:28.704 DEBUG [ee3bed30] org.hibernate.SQL - 
    /* <criteria> */ select
        m1_0.id,
        m1_0.created_at,
        m1_0.email,
        m1_0.name,
        m1_0.nickname,
        m1_0.password,
        m1_0.profile_image_url,
        m1_0.role,
        m1_0.social_type,
        m1_0.status,
        m1_0.updated_at 
    from
        member m1_0 
    where
        m1_0.email=? 
        and m1_0.role=?
2026-04-23 16:26:28.720 TRACE [ee3bed30] org.hibernate.orm.jdbc.bind - binding parameter (1:VARCHAR) <- [guide27@localGuest.com]
2026-04-23 16:26:28.722 TRACE [ee3bed30] org.hibernate.orm.jdbc.bind - binding parameter (2:ENUM) <- [GUIDE]
2026-04-23 16:26:28.739 DEBUG [ee3bed30] org.hibernate.SQL - 
    /* <criteria> */ select
        gp1_0.id,
        gp1_0.average_rating,
        gp1_0.bio,
        gp1_0.created_at,
        gp1_0.default_course,
        gp1_0.guide_style,
        gp1_0.is_active,
        gp1_0.is_approved,
        gp1_0.keywords,
        gp1_0.language,
        gp1_0.local_story,
        gp1_0.member_id,
        gp1_0.nickname,
        gp1_0.price_per_hour,
        gp1_0.profile_image,
        gp1_0.region,
        gp1_0.residence_years,
        gp1_0.review_count,
        gp1_0.updated_at 
    from
        guide_profiles gp1_0 
    where
        gp1_0.member_id=?
2026-04-23 16:26:28.746 TRACE [ee3bed30] org.hibernate.orm.jdbc.bind - binding parameter (1:BIGINT) <- [940027]
2026-04-23 16:26:28.772 DEBUG [ee3bed30] org.hibernate.SQL - 
    /* <criteria> */ select
        mr1_0.id,
        mr1_0.budget_max_won,
        mr1_0.budget_min_won,
        mr1_0.cancel_reason,
        mr1_0.cancelled_by,
        mr1_0.concept,
        mr1_0.concept_summary,
        mr1_0.created_at,
        mr1_0.desired_budget,
        mr1_0.desired_date,
        mr1_0.destination,
        mr1_0.guest_id,
        mr1_0.guide_id,
        mr1_0.guide_schedule_id,
        mr1_0.propose_message,
        mr1_0.proposed_schedule,
        mr1_0.status,
        mr1_0.updated_at 
    from
        match_request mr1_0 
    where
        mr1_0.guide_id=?
2026-04-23 16:26:28.783 TRACE [ee3bed30] org.hibernate.orm.jdbc.bind - binding parameter (1:BIGINT) <- [841027]
2026-04-23 16:26:28.848 INFO  [ee3bed30] c.t.a.logging.MdcLoggingFilter - [HTTP] 요청 완료 - statusCode: 200, latencyMs: 196, requestUri: /api/matching/requests/guide/list, method: GET
2026-04-23 16:27:00.678 DEBUG [] org.hibernate.SQL - 
    /* <criteria> */ select
        te1_0.id,
        te1_0.created_at,
        te1_0.deadline_at,
        te1_0.extended_date,
        te1_0.extended_price,
        te1_0.guest_id,
        te1_0.guide_approved_at,
        te1_0.match_request_id,
        te1_0.requested_at,
        te1_0.status,
        te1_0.updated_at 
    from
        tour_extension te1_0 
    where
        te1_0.status=? 
        and te1_0.deadline_at<?
2026-04-23 16:27:00.688 TRACE [] org.hibernate.orm.jdbc.bind - binding parameter (1:ENUM) <- [REQUESTED]
2026-04-23 16:27:00.696 TRACE [] org.hibernate.orm.jdbc.bind - binding parameter (2:TIMESTAMP) <- [2026-04-23T16:27:00.364160100]
2026-04-23 16:27:28.197 DEBUG [54b693ec] org.hibernate.SQL - 
    /* <criteria> */ select
        m1_0.id,
        m1_0.created_at,
        m1_0.email,
        m1_0.name,
        m1_0.nickname,
        m1_0.password,
        m1_0.profile_image_url,
        m1_0.role,
        m1_0.social_type,
        m1_0.status,
        m1_0.updated_at 
    from
        member m1_0 
    where
        m1_0.email=? 
        and m1_0.role=?
2026-04-23 16:27:28.210 TRACE [54b693ec] org.hibernate.orm.jdbc.bind - binding parameter (1:VARCHAR) <- [guide27@localGuest.com]
2026-04-23 16:27:28.211 TRACE [54b693ec] org.hibernate.orm.jdbc.bind - binding parameter (2:ENUM) <- [GUIDE]
2026-04-23 16:27:28.227 DEBUG [54b693ec] org.hibernate.SQL - 
    /* <criteria> */ select
        gp1_0.id,
        gp1_0.average_rating,
        gp1_0.bio,
        gp1_0.created_at,
        gp1_0.default_course,
        gp1_0.guide_style,
        gp1_0.is_active,
        gp1_0.is_approved,
        gp1_0.keywords,
        gp1_0.language,
        gp1_0.local_story,
        gp1_0.member_id,
        gp1_0.nickname,
        gp1_0.price_per_hour,
        gp1_0.profile_image,
        gp1_0.region,
        gp1_0.residence_years,
        gp1_0.review_count,
        gp1_0.updated_at 
    from
        guide_profiles gp1_0 
    where
        gp1_0.member_id=?
2026-04-23 16:27:28.227 TRACE [54b693ec] org.hibernate.orm.jdbc.bind - binding parameter (1:BIGINT) <- [940027]
2026-04-23 16:27:28.244 DEBUG [54b693ec] org.hibernate.SQL - 
    /* <criteria> */ select
        mr1_0.id,
        mr1_0.budget_max_won,
        mr1_0.budget_min_won,
        mr1_0.cancel_reason,
        mr1_0.cancelled_by,
        mr1_0.concept,
        mr1_0.concept_summary,
        mr1_0.created_at,
        mr1_0.desired_budget,
        mr1_0.desired_date,
        mr1_0.destination,
        mr1_0.guest_id,
        mr1_0.guide_id,
        mr1_0.guide_schedule_id,
        mr1_0.propose_message,
        mr1_0.proposed_schedule,
        mr1_0.status,
        mr1_0.updated_at 
    from
        match_request mr1_0 
    where
        mr1_0.guide_id=?
2026-04-23 16:27:28.249 TRACE [54b693ec] org.hibernate.orm.jdbc.bind - binding parameter (1:BIGINT) <- [841027]
2026-04-23 16:27:28.273 INFO  [54b693ec] c.t.a.logging.MdcLoggingFilter - [HTTP] 요청 완료 - statusCode: 200, latencyMs: 111, requestUri: /api/matching/requests/guide/list, method: GET
2026-04-23 16:28:00.124 DEBUG [] org.hibernate.SQL - 
    /* <criteria> */ select
        te1_0.id,
        te1_0.created_at,
        te1_0.deadline_at,
        te1_0.extended_date,
        te1_0.extended_price,
        te1_0.guest_id,
        te1_0.guide_approved_at,
        te1_0.match_request_id,
        te1_0.requested_at,
        te1_0.status,
        te1_0.updated_at 
    from
        tour_extension te1_0 
    where
        te1_0.status=? 
        and te1_0.deadline_at<?
2026-04-23 16:28:00.152 TRACE [] org.hibernate.orm.jdbc.bind - binding parameter (1:ENUM) <- [REQUESTED]
2026-04-23 16:28:00.157 TRACE [] org.hibernate.orm.jdbc.bind - binding parameter (2:TIMESTAMP) <- [2026-04-23T16:28:00.047365700]
2026-04-23 16:29:14.590 DEBUG [] org.hibernate.SQL - 
    /* <criteria> */ select
        te1_0.id,
        te1_0.created_at,
        te1_0.deadline_at,
        te1_0.extended_date,
        te1_0.extended_price,
        te1_0.guest_id,
        te1_0.guide_approved_at,
        te1_0.match_request_id,
        te1_0.requested_at,
        te1_0.status,
        te1_0.updated_at 
    from
        tour_extension te1_0 
    where
        te1_0.status=? 
        and te1_0.deadline_at<?
2026-04-23 16:29:15.067 TRACE [] org.hibernate.orm.jdbc.bind - binding parameter (1:ENUM) <- [REQUESTED]
2026-04-23 16:29:15.081 TRACE [] org.hibernate.orm.jdbc.bind - binding parameter (2:TIMESTAMP) <- [2026-04-23T16:29:04.534299600]
2026-04-23 16:29:32.359 DEBUG [642726fe] org.hibernate.SQL - 
    select
        gp1_0.id,
        gp1_0.average_rating,
        gp1_0.bio,
        gp1_0.created_at,
        gp1_0.default_course,
        gp1_0.guide_style,
        gp1_0.is_active,
        gp1_0.is_approved,
        gp1_0.keywords,
        gp1_0.language,
        gp1_0.local_story,
        gp1_0.member_id,
        gp1_0.nickname,
        gp1_0.price_per_hour,
        gp1_0.profile_image,
        gp1_0.region,
        gp1_0.residence_years,
        gp1_0.review_count,
        gp1_0.updated_at 
    from
        guide_profiles gp1_0 
    where
        gp1_0.id=?
2026-04-23 16:29:32.365 DEBUG [e86c254b] org.hibernate.SQL - 
    select
        gp1_0.id,
        gp1_0.average_rating,
        gp1_0.bio,
        gp1_0.created_at,
        gp1_0.default_course,
        gp1_0.guide_style,
        gp1_0.is_active,
        gp1_0.is_approved,
        gp1_0.keywords,
        gp1_0.language,
        gp1_0.local_story,
        gp1_0.member_id,
        gp1_0.nickname,
        gp1_0.price_per_hour,
        gp1_0.profile_image,
        gp1_0.region,
        gp1_0.residence_years,
        gp1_0.review_count,
        gp1_0.updated_at 
    from
        guide_profiles gp1_0 
    where
        gp1_0.id=?
2026-04-23 16:29:32.372 TRACE [642726fe] org.hibernate.orm.jdbc.bind - binding parameter (1:BIGINT) <- [841024]
2026-04-23 16:29:32.386 TRACE [e86c254b] org.hibernate.orm.jdbc.bind - binding parameter (1:BIGINT) <- [841024]
2026-04-23 16:29:32.667 DEBUG [e86c254b] org.hibernate.SQL - 
    /* <criteria> */ select
        gf1_0.id,
        gf1_0.content,
        gf1_0.created_at,
        gf1_0.guide_id,
        gf1_0.image_url,
        gf1_0.is_deleted,
        gf1_0.updated_at 
    from
        guide_feeds gf1_0 
    left join
        guide_profiles gp1_0 
            on gp1_0.id=gf1_0.guide_id 
    where
        gp1_0.id=? 
        and not(gf1_0.is_deleted) 
    order by
        gf1_0.created_at desc
2026-04-23 16:29:32.678 DEBUG [642726fe] org.hibernate.SQL - 
    /* <criteria> */ select
        gf1_0.id,
        gf1_0.content,
        gf1_0.created_at,
        gf1_0.guide_id,
        gf1_0.image_url,
        gf1_0.is_deleted,
        gf1_0.updated_at 
    from
        guide_feeds gf1_0 
    left join
        guide_profiles gp1_0 
            on gp1_0.id=gf1_0.guide_id 
    where
        gp1_0.id=? 
        and not(gf1_0.is_deleted) 
    order by
        gf1_0.created_at desc
2026-04-23 16:29:32.679 TRACE [e86c254b] org.hibernate.orm.jdbc.bind - binding parameter (1:BIGINT) <- [841024]
2026-04-23 16:29:32.687 TRACE [642726fe] org.hibernate.orm.jdbc.bind - binding parameter (1:BIGINT) <- [841024]
2026-04-23 16:29:32.833 DEBUG [642726fe] org.hibernate.SQL - 
    /* <criteria> */ select
        gc1_0.id,
        gc1_0.acquired_at,
        gc1_0.created_at,
        gc1_0.description,
        gc1_0.guide_id,
        gc1_0.title,
        gc1_0.updated_at 
    from
        guide_careers gc1_0 
    left join
        guide_profiles gp1_0 
            on gp1_0.id=gc1_0.guide_id 
    where
        gp1_0.id=?
2026-04-23 16:29:32.833 DEBUG [e86c254b] org.hibernate.SQL - 
    /* <criteria> */ select
        gc1_0.id,
        gc1_0.acquired_at,
        gc1_0.created_at,
        gc1_0.description,
        gc1_0.guide_id,
        gc1_0.title,
        gc1_0.updated_at 
    from
        guide_careers gc1_0 
    left join
        guide_profiles gp1_0 
            on gp1_0.id=gc1_0.guide_id 
    where
        gp1_0.id=?
2026-04-23 16:29:32.836 TRACE [e86c254b] org.hibernate.orm.jdbc.bind - binding parameter (1:BIGINT) <- [841024]
2026-04-23 16:29:32.846 TRACE [642726fe] org.hibernate.orm.jdbc.bind - binding parameter (1:BIGINT) <- [841024]
2026-04-23 16:29:32.943 DEBUG [e86c254b] org.hibernate.SQL - 
    /* <criteria> */ select
        gi1_0.id,
        gi1_0.created_at,
        gi1_0.guide_id,
        gi1_0.image_url,
        gi1_0.is_main,
        gi1_0.sort_order,
        gi1_0.updated_at 
    from
        guide_images gi1_0 
    left join
        guide_profiles gp1_0 
            on gp1_0.id=gi1_0.guide_id 
    where
        gp1_0.id=? 
    order by
        gi1_0.sort_order
2026-04-23 16:29:34.921 TRACE [e86c254b] org.hibernate.orm.jdbc.bind - binding parameter (1:BIGINT) <- [841024]
2026-04-23 16:29:34.955 DEBUG [642726fe] org.hibernate.SQL - 
    /* <criteria> */ select
        gi1_0.id,
        gi1_0.created_at,
        gi1_0.guide_id,
        gi1_0.image_url,
        gi1_0.is_main,
        gi1_0.sort_order,
        gi1_0.updated_at 
    from
        guide_images gi1_0 
    left join
        guide_profiles gp1_0 
            on gp1_0.id=gi1_0.guide_id 
    where
        gp1_0.id=? 
    order by
        gi1_0.sort_order
2026-04-23 16:29:34.966 TRACE [642726fe] org.hibernate.orm.jdbc.bind - binding parameter (1:BIGINT) <- [841024]
2026-04-23 16:29:35.190 INFO  [e86c254b] c.t.a.logging.MdcLoggingFilter - [HTTP] 요청 완료 - statusCode: 200, latencyMs: 4178, requestUri: /api/guides/841024/detail, method: GET
2026-04-23 16:29:35.197 INFO  [642726fe] c.t.a.logging.MdcLoggingFilter - [HTTP] 요청 완료 - statusCode: 200, latencyMs: 4186, requestUri: /api/guides/841024/detail, method: GET
2026-04-23 16:30:00.152 DEBUG [] org.hibernate.SQL - 
    /* <criteria> */ select
        te1_0.id,
        te1_0.created_at,
        te1_0.deadline_at,
        te1_0.extended_date,
        te1_0.extended_price,
        te1_0.guest_id,
        te1_0.guide_approved_at,
        te1_0.match_request_id,
        te1_0.requested_at,
        te1_0.status,
        te1_0.updated_at 
    from
        tour_extension te1_0 
    where
        te1_0.status=? 
        and te1_0.deadline_at<?
2026-04-23 16:30:00.162 TRACE [] org.hibernate.orm.jdbc.bind - binding parameter (1:ENUM) <- [REQUESTED]
2026-04-23 16:30:00.173 TRACE [] org.hibernate.orm.jdbc.bind - binding parameter (2:TIMESTAMP) <- [2026-04-23T16:30:00.052313800]
2026-04-23 16:30:10.586 DEBUG [8ae280ac] org.hibernate.SQL - 
    /* <criteria> */ select
        m1_0.id,
        m1_0.created_at,
        m1_0.email,
        m1_0.name,
        m1_0.nickname,
        m1_0.password,
        m1_0.profile_image_url,
        m1_0.role,
        m1_0.social_type,
        m1_0.status,
        m1_0.updated_at 
    from
        member m1_0 
    where
        m1_0.email=? 
        and m1_0.role=?
2026-04-23 16:30:10.591 TRACE [8ae280ac] org.hibernate.orm.jdbc.bind - binding parameter (1:VARCHAR) <- [guest04@localGuest.com]
2026-04-23 16:30:10.600 TRACE [8ae280ac] org.hibernate.orm.jdbc.bind - binding parameter (2:ENUM) <- [GUEST]
2026-04-23 16:30:10.718 DEBUG [8ae280ac] org.hibernate.SQL - 
    /* <criteria> */ select
        mr1_0.id,
        mr1_0.budget_max_won,
        mr1_0.budget_min_won,
        mr1_0.cancel_reason,
        mr1_0.cancelled_by,
        mr1_0.concept,
        mr1_0.concept_summary,
        mr1_0.created_at,
        mr1_0.desired_budget,
        mr1_0.desired_date,
        mr1_0.destination,
        mr1_0.guest_id,
        mr1_0.guide_id,
        mr1_0.guide_schedule_id,
        mr1_0.propose_message,
        mr1_0.proposed_schedule,
        mr1_0.status,
        mr1_0.updated_at 
    from
        match_request mr1_0 
    where
        mr1_0.guest_id=?
2026-04-23 16:30:10.733 TRACE [8ae280ac] org.hibernate.orm.jdbc.bind - binding parameter (1:BIGINT) <- [941004]
2026-04-23 16:30:10.853 INFO  [8ae280ac] c.t.a.logging.MdcLoggingFilter - [HTTP] 요청 완료 - statusCode: 200, latencyMs: 943, requestUri: /api/matching/requests/guest/list, method: GET
2026-04-23 16:30:11.741 DEBUG [006829d3] org.hibernate.SQL - 
    /* <criteria> */ select
        m1_0.id,
        m1_0.created_at,
        m1_0.email,
        m1_0.name,
        m1_0.nickname,
        m1_0.password,
        m1_0.profile_image_url,
        m1_0.role,
        m1_0.social_type,
        m1_0.status,
        m1_0.updated_at 
    from
        member m1_0 
    where
        m1_0.email=? 
        and m1_0.role=?
2026-04-23 16:30:11.749 TRACE [006829d3] org.hibernate.orm.jdbc.bind - binding parameter (1:VARCHAR) <- [guest04@localGuest.com]
2026-04-23 16:30:11.751 TRACE [006829d3] org.hibernate.orm.jdbc.bind - binding parameter (2:ENUM) <- [GUEST]
2026-04-23 16:30:11.772 DEBUG [006829d3] org.hibernate.SQL - 
    /* <criteria> */ select
        mr1_0.id,
        mr1_0.budget_max_won,
        mr1_0.budget_min_won,
        mr1_0.cancel_reason,
        mr1_0.cancelled_by,
        mr1_0.concept,
        mr1_0.concept_summary,
        mr1_0.created_at,
        mr1_0.desired_budget,
        mr1_0.desired_date,
        mr1_0.destination,
        mr1_0.guest_id,
        mr1_0.guide_id,
        mr1_0.guide_schedule_id,
        mr1_0.propose_message,
        mr1_0.proposed_schedule,
        mr1_0.status,
        mr1_0.updated_at 
    from
        match_request mr1_0 
    where
        mr1_0.guest_id=?
2026-04-23 16:30:13.184 TRACE [006829d3] org.hibernate.orm.jdbc.bind - binding parameter (1:BIGINT) <- [941004]
2026-04-23 16:30:13.319 INFO  [006829d3] c.t.a.logging.MdcLoggingFilter - [HTTP] 요청 완료 - statusCode: 200, latencyMs: 1640, requestUri: /api/matching/requests/guest/list, method: GET
2026-04-23 16:31:00.263 DEBUG [] org.hibernate.SQL - 
    /* <criteria> */ select
        te1_0.id,
        te1_0.created_at,
        te1_0.deadline_at,
        te1_0.extended_date,
        te1_0.extended_price,
        te1_0.guest_id,
        te1_0.guide_approved_at,
        te1_0.match_request_id,
        te1_0.requested_at,
        te1_0.status,
        te1_0.updated_at 
    from
        tour_extension te1_0 
    where
        te1_0.status=? 
        and te1_0.deadline_at<?
2026-04-23 16:31:00.286 TRACE [] org.hibernate.orm.jdbc.bind - binding parameter (1:ENUM) <- [REQUESTED]
2026-04-23 16:31:00.292 TRACE [] org.hibernate.orm.jdbc.bind - binding parameter (2:TIMESTAMP) <- [2026-04-23T16:31:00.175121100]
2026-04-23 16:31:15.031 DEBUG [f4f1a731] org.hibernate.SQL - 
    /* <criteria> */ select
        m1_0.id,
        m1_0.created_at,
        m1_0.email,
        m1_0.name,
        m1_0.nickname,
        m1_0.password,
        m1_0.profile_image_url,
        m1_0.role,
        m1_0.social_type,
        m1_0.status,
        m1_0.updated_at 
    from
        member m1_0 
    where
        m1_0.email=? 
        and m1_0.role=?
2026-04-23 16:31:15.036 TRACE [f4f1a731] org.hibernate.orm.jdbc.bind - binding parameter (1:VARCHAR) <- [guide27@localGuest.com]
2026-04-23 16:31:15.042 TRACE [f4f1a731] org.hibernate.orm.jdbc.bind - binding parameter (2:ENUM) <- [GUIDE]
2026-04-23 16:31:15.065 DEBUG [f4f1a731] org.hibernate.SQL - 
    /* <criteria> */ select
        gp1_0.id,
        gp1_0.average_rating,
        gp1_0.bio,
        gp1_0.created_at,
        gp1_0.default_course,
        gp1_0.guide_style,
        gp1_0.is_active,
        gp1_0.is_approved,
        gp1_0.keywords,
        gp1_0.language,
        gp1_0.local_story,
        gp1_0.member_id,
        gp1_0.nickname,
        gp1_0.price_per_hour,
        gp1_0.profile_image,
        gp1_0.region,
        gp1_0.residence_years,
        gp1_0.review_count,
        gp1_0.updated_at 
    from
        guide_profiles gp1_0 
    where
        gp1_0.member_id=?
2026-04-23 16:31:15.066 TRACE [f4f1a731] org.hibernate.orm.jdbc.bind - binding parameter (1:BIGINT) <- [940027]
2026-04-23 16:31:15.085 DEBUG [f4f1a731] org.hibernate.SQL - 
    /* <criteria> */ select
        mr1_0.id,
        mr1_0.budget_max_won,
        mr1_0.budget_min_won,
        mr1_0.cancel_reason,
        mr1_0.cancelled_by,
        mr1_0.concept,
        mr1_0.concept_summary,
        mr1_0.created_at,
        mr1_0.desired_budget,
        mr1_0.desired_date,
        mr1_0.destination,
        mr1_0.guest_id,
        mr1_0.guide_id,
        mr1_0.guide_schedule_id,
        mr1_0.propose_message,
        mr1_0.proposed_schedule,
        mr1_0.status,
        mr1_0.updated_at 
    from
        match_request mr1_0 
    where
        mr1_0.guide_id=?
2026-04-23 16:31:15.086 TRACE [f4f1a731] org.hibernate.orm.jdbc.bind - binding parameter (1:BIGINT) <- [841027]
2026-04-23 16:31:15.130 INFO  [f4f1a731] c.t.a.logging.MdcLoggingFilter - [HTTP] 요청 완료 - statusCode: 200, latencyMs: 316, requestUri: /api/matching/requests/guide/list, method: GET
2026-04-23 16:31:37.012 INFO  [] o.s.w.s.c.WebSocketMessageBrokerStats - WebSocketSession[0 current WS(0)-HttpStream(0)-HttpPoll(0), 0 total, 0 closed abnormally (0 connect failure, 0 send limit, 0 transport error)], stompSubProtocol[processed CONNECT(0)-CONNECTED(0)-DISCONNECT(0)], stompBrokerRelay[null], inboundChannel[pool size = 0, active threads = 0, queued tasks = 0, completed tasks = 0], outboundChannel[pool size = 0, active threads = 0, queued tasks = 0, completed tasks = 0], sockJsScheduler[pool size = 16, active threads = 1, queued tasks = 2, completed tasks = 124]
2026-04-23 16:32:00.152 DEBUG [] org.hibernate.SQL - 
    /* <criteria> */ select
        te1_0.id,
        te1_0.created_at,
        te1_0.deadline_at,
        te1_0.extended_date,
        te1_0.extended_price,
        te1_0.guest_id,
        te1_0.guide_approved_at,
        te1_0.match_request_id,
        te1_0.requested_at,
        te1_0.status,
        te1_0.updated_at 
    from
        tour_extension te1_0 
    where
        te1_0.status=? 
        and te1_0.deadline_at<?
2026-04-23 16:32:00.160 TRACE [] org.hibernate.orm.jdbc.bind - binding parameter (1:ENUM) <- [REQUESTED]
2026-04-23 16:32:00.164 TRACE [] org.hibernate.orm.jdbc.bind - binding parameter (2:TIMESTAMP) <- [2026-04-23T16:32:00.083429600]
2026-04-23 16:32:17.298 DEBUG [b1c8859c] org.hibernate.SQL - 
    select
        gp1_0.id,
        gp1_0.average_rating,
        gp1_0.bio,
        gp1_0.created_at,
        gp1_0.default_course,
        gp1_0.guide_style,
        gp1_0.is_active,
        gp1_0.is_approved,
        gp1_0.keywords,
        gp1_0.language,
        gp1_0.local_story,
        gp1_0.member_id,
        gp1_0.nickname,
        gp1_0.price_per_hour,
        gp1_0.profile_image,
        gp1_0.region,
        gp1_0.residence_years,
        gp1_0.review_count,
        gp1_0.updated_at 
    from
        guide_profiles gp1_0 
    where
        gp1_0.id=?
2026-04-23 16:32:17.302 TRACE [b1c8859c] org.hibernate.orm.jdbc.bind - binding parameter (1:BIGINT) <- [841024]
2026-04-23 16:32:17.379 DEBUG [b1c8859c] org.hibernate.SQL - 
    /* <criteria> */ select
        gf1_0.id,
        gf1_0.content,
        gf1_0.created_at,
        gf1_0.guide_id,
        gf1_0.image_url,
        gf1_0.is_deleted,
        gf1_0.updated_at 
    from
        guide_feeds gf1_0 
    left join
        guide_profiles gp1_0 
            on gp1_0.id=gf1_0.guide_id 
    where
        gp1_0.id=? 
        and not(gf1_0.is_deleted) 
    order by
        gf1_0.created_at desc
2026-04-23 16:32:17.383 TRACE [b1c8859c] org.hibernate.orm.jdbc.bind - binding parameter (1:BIGINT) <- [841024]
2026-04-23 16:32:17.442 DEBUG [b1c8859c] org.hibernate.SQL - 
    /* <criteria> */ select
        gc1_0.id,
        gc1_0.acquired_at,
        gc1_0.created_at,
        gc1_0.description,
        gc1_0.guide_id,
        gc1_0.title,
        gc1_0.updated_at 
    from
        guide_careers gc1_0 
    left join
        guide_profiles gp1_0 
            on gp1_0.id=gc1_0.guide_id 
    where
        gp1_0.id=?
2026-04-23 16:32:17.443 TRACE [b1c8859c] org.hibernate.orm.jdbc.bind - binding parameter (1:BIGINT) <- [841024]
2026-04-23 16:32:17.464 DEBUG [b1c8859c] org.hibernate.SQL - 
    /* <criteria> */ select
        gi1_0.id,
        gi1_0.created_at,
        gi1_0.guide_id,
        gi1_0.image_url,
        gi1_0.is_main,
        gi1_0.sort_order,
        gi1_0.updated_at 
    from
        guide_images gi1_0 
    left join
        guide_profiles gp1_0 
            on gp1_0.id=gi1_0.guide_id 
    where
        gp1_0.id=? 
    order by
        gi1_0.sort_order
2026-04-23 16:32:17.466 TRACE [b1c8859c] org.hibernate.orm.jdbc.bind - binding parameter (1:BIGINT) <- [841024]
2026-04-23 16:32:17.552 INFO  [b1c8859c] c.t.a.logging.MdcLoggingFilter - [HTTP] 요청 완료 - statusCode: 200, latencyMs: 489, requestUri: /api/guides/841024/detail, method: GET
2026-04-23 16:32:17.852 DEBUG [7ebac9f5] org.hibernate.SQL - 
    /* <criteria> */ select
        m1_0.id,
        m1_0.created_at,
        m1_0.email,
        m1_0.name,
        m1_0.nickname,
        m1_0.password,
        m1_0.profile_image_url,
        m1_0.role,
        m1_0.social_type,
        m1_0.status,
        m1_0.updated_at 
    from
        member m1_0 
    where
        m1_0.email=? 
        and m1_0.role=?
2026-04-23 16:32:17.857 TRACE [7ebac9f5] org.hibernate.orm.jdbc.bind - binding parameter (1:VARCHAR) <- [guest04@localGuest.com]
2026-04-23 16:32:17.859 TRACE [7ebac9f5] org.hibernate.orm.jdbc.bind - binding parameter (2:ENUM) <- [GUEST]
2026-04-23 16:32:17.894 DEBUG [7ebac9f5] org.hibernate.SQL - 
    /* <criteria> */ select
        mr1_0.id,
        mr1_0.budget_max_won,
        mr1_0.budget_min_won,
        mr1_0.cancel_reason,
        mr1_0.cancelled_by,
        mr1_0.concept,
        mr1_0.concept_summary,
        mr1_0.created_at,
        mr1_0.desired_budget,
        mr1_0.desired_date,
        mr1_0.destination,
        mr1_0.guest_id,
        mr1_0.guide_id,
        mr1_0.guide_schedule_id,
        mr1_0.propose_message,
        mr1_0.proposed_schedule,
        mr1_0.status,
        mr1_0.updated_at 
    from
        match_request mr1_0 
    where
        mr1_0.guest_id=?
2026-04-23 16:32:17.898 TRACE [7ebac9f5] org.hibernate.orm.jdbc.bind - binding parameter (1:BIGINT) <- [941004]
2026-04-23 16:32:17.940 INFO  [7ebac9f5] c.t.a.logging.MdcLoggingFilter - [HTTP] 요청 완료 - statusCode: 200, latencyMs: 188, requestUri: /api/matching/requests/guest/list, method: GET
2026-04-23 16:33:00.053 DEBUG [] org.hibernate.SQL - 
    /* <criteria> */ select
        te1_0.id,
        te1_0.created_at,
        te1_0.deadline_at,
        te1_0.extended_date,
        te1_0.extended_price,
        te1_0.guest_id,
        te1_0.guide_approved_at,
        te1_0.match_request_id,
        te1_0.requested_at,
        te1_0.status,
        te1_0.updated_at 
    from
        tour_extension te1_0 
    where
        te1_0.status=? 
        and te1_0.deadline_at<?
2026-04-23 16:33:00.063 TRACE [] org.hibernate.orm.jdbc.bind - binding parameter (1:ENUM) <- [REQUESTED]
2026-04-23 16:33:00.064 TRACE [] org.hibernate.orm.jdbc.bind - binding parameter (2:TIMESTAMP) <- [2026-04-23T16:33:00.031289100]
2026-04-23 16:33:07.479 DEBUG [98d327a0] org.hibernate.SQL - 
    /* <criteria> */ select
        m1_0.id,
        m1_0.created_at,
        m1_0.email,
        m1_0.name,
        m1_0.nickname,
        m1_0.password,
        m1_0.profile_image_url,
        m1_0.role,
        m1_0.social_type,
        m1_0.status,
        m1_0.updated_at 
    from
        member m1_0 
    where
        m1_0.email=? 
        and m1_0.role=?
2026-04-23 16:33:07.513 TRACE [98d327a0] org.hibernate.orm.jdbc.bind - binding parameter (1:VARCHAR) <- [guide27@localGuest.com]
2026-04-23 16:33:07.514 TRACE [98d327a0] org.hibernate.orm.jdbc.bind - binding parameter (2:ENUM) <- [GUIDE]
2026-04-23 16:33:07.558 DEBUG [98d327a0] org.hibernate.SQL - 
    /* <criteria> */ select
        gp1_0.id,
        gp1_0.average_rating,
        gp1_0.bio,
        gp1_0.created_at,
        gp1_0.default_course,
        gp1_0.guide_style,
        gp1_0.is_active,
        gp1_0.is_approved,
        gp1_0.keywords,
        gp1_0.language,
        gp1_0.local_story,
        gp1_0.member_id,
        gp1_0.nickname,
        gp1_0.price_per_hour,
        gp1_0.profile_image,
        gp1_0.region,
        gp1_0.residence_years,
        gp1_0.review_count,
        gp1_0.updated_at 
    from
        guide_profiles gp1_0 
    where
        gp1_0.member_id=?
2026-04-23 16:33:07.562 TRACE [98d327a0] org.hibernate.orm.jdbc.bind - binding parameter (1:BIGINT) <- [940027]
2026-04-23 16:33:07.645 DEBUG [98d327a0] org.hibernate.SQL - 
    /* <criteria> */ select
        mr1_0.id,
        mr1_0.budget_max_won,
        mr1_0.budget_min_won,
        mr1_0.cancel_reason,
        mr1_0.cancelled_by,
        mr1_0.concept,
        mr1_0.concept_summary,
        mr1_0.created_at,
        mr1_0.desired_budget,
        mr1_0.desired_date,
        mr1_0.destination,
        mr1_0.guest_id,
        mr1_0.guide_id,
        mr1_0.guide_schedule_id,
        mr1_0.propose_message,
        mr1_0.proposed_schedule,
        mr1_0.status,
        mr1_0.updated_at 
    from
        match_request mr1_0 
    where
        mr1_0.guide_id=?
2026-04-23 16:33:07.661 TRACE [98d327a0] org.hibernate.orm.jdbc.bind - binding parameter (1:BIGINT) <- [841027]
2026-04-23 16:33:07.742 INFO  [98d327a0] c.t.a.logging.MdcLoggingFilter - [HTTP] 요청 완료 - statusCode: 200, latencyMs: 401, requestUri: /api/matching/requests/guide/list, method: GET
2026-04-23 16:33:07.848 DEBUG [29927c6c] org.hibernate.SQL - 
    /* <criteria> */ select
        m1_0.id,
        m1_0.created_at,
        m1_0.email,
        m1_0.name,
        m1_0.nickname,
        m1_0.password,
        m1_0.profile_image_url,
        m1_0.role,
        m1_0.social_type,
        m1_0.status,
        m1_0.updated_at 
    from
        member m1_0 
    where
        m1_0.email=? 
        and m1_0.role=?
2026-04-23 16:33:07.855 TRACE [29927c6c] org.hibernate.orm.jdbc.bind - binding parameter (1:VARCHAR) <- [guide27@localGuest.com]
2026-04-23 16:33:07.949 TRACE [29927c6c] org.hibernate.orm.jdbc.bind - binding parameter (2:ENUM) <- [GUIDE]
2026-04-23 16:33:07.963 DEBUG [29927c6c] org.hibernate.SQL - 
    /* <criteria> */ select
        gp1_0.id,
        gp1_0.average_rating,
        gp1_0.bio,
        gp1_0.created_at,
        gp1_0.default_course,
        gp1_0.guide_style,
        gp1_0.is_active,
        gp1_0.is_approved,
        gp1_0.keywords,
        gp1_0.language,
        gp1_0.local_story,
        gp1_0.member_id,
        gp1_0.nickname,
        gp1_0.price_per_hour,
        gp1_0.profile_image,
        gp1_0.region,
        gp1_0.residence_years,
        gp1_0.review_count,
        gp1_0.updated_at 
    from
        guide_profiles gp1_0 
    where
        gp1_0.member_id=?
2026-04-23 16:33:07.966 TRACE [29927c6c] org.hibernate.orm.jdbc.bind - binding parameter (1:BIGINT) <- [940027]
2026-04-23 16:33:07.985 DEBUG [29927c6c] org.hibernate.SQL - 
    /* <criteria> */ select
        mr1_0.id,
        mr1_0.budget_max_won,
        mr1_0.budget_min_won,
        mr1_0.cancel_reason,
        mr1_0.cancelled_by,
        mr1_0.concept,
        mr1_0.concept_summary,
        mr1_0.created_at,
        mr1_0.desired_budget,
        mr1_0.desired_date,
        mr1_0.destination,
        mr1_0.guest_id,
        mr1_0.guide_id,
        mr1_0.guide_schedule_id,
        mr1_0.propose_message,
        mr1_0.proposed_schedule,
        mr1_0.status,
        mr1_0.updated_at 
    from
        match_request mr1_0 
    where
        mr1_0.guide_id=?
2026-04-23 16:33:07.990 TRACE [29927c6c] org.hibernate.orm.jdbc.bind - binding parameter (1:BIGINT) <- [841027]
2026-04-23 16:33:08.026 INFO  [29927c6c] c.t.a.logging.MdcLoggingFilter - [HTTP] 요청 완료 - statusCode: 200, latencyMs: 231, requestUri: /api/matching/requests/guide/list, method: GET
2026-04-23 16:33:08.122 DEBUG [deca18e3] org.hibernate.SQL - 
    /* <criteria> */ select
        m1_0.id,
        m1_0.created_at,
        m1_0.email,
        m1_0.name,
        m1_0.nickname,
        m1_0.password,
        m1_0.profile_image_url,
        m1_0.role,
        m1_0.social_type,
        m1_0.status,
        m1_0.updated_at 
    from
        member m1_0 
    where
        m1_0.email=? 
        and m1_0.role=?
2026-04-23 16:33:08.124 TRACE [deca18e3] org.hibernate.orm.jdbc.bind - binding parameter (1:VARCHAR) <- [guide27@localGuest.com]
2026-04-23 16:33:08.125 TRACE [deca18e3] org.hibernate.orm.jdbc.bind - binding parameter (2:ENUM) <- [GUIDE]
2026-04-23 16:33:08.149 DEBUG [deca18e3] org.hibernate.SQL - 
    /* <criteria> */ select
        gp1_0.id,
        gp1_0.average_rating,
        gp1_0.bio,
        gp1_0.created_at,
        gp1_0.default_course,
        gp1_0.guide_style,
        gp1_0.is_active,
        gp1_0.is_approved,
        gp1_0.keywords,
        gp1_0.language,
        gp1_0.local_story,
        gp1_0.member_id,
        gp1_0.nickname,
        gp1_0.price_per_hour,
        gp1_0.profile_image,
        gp1_0.region,
        gp1_0.residence_years,
        gp1_0.review_count,
        gp1_0.updated_at 
    from
        guide_profiles gp1_0 
    where
        gp1_0.member_id=?
2026-04-23 16:33:08.153 TRACE [deca18e3] org.hibernate.orm.jdbc.bind - binding parameter (1:BIGINT) <- [940027]
2026-04-23 16:33:08.176 DEBUG [deca18e3] org.hibernate.SQL - 
    /* <criteria> */ select
        mr1_0.id,
        mr1_0.budget_max_won,
        mr1_0.budget_min_won,
        mr1_0.cancel_reason,
        mr1_0.cancelled_by,
        mr1_0.concept,
        mr1_0.concept_summary,
        mr1_0.created_at,
        mr1_0.desired_budget,
        mr1_0.desired_date,
        mr1_0.destination,
        mr1_0.guest_id,
        mr1_0.guide_id,
        mr1_0.guide_schedule_id,
        mr1_0.propose_message,
        mr1_0.proposed_schedule,
        mr1_0.status,
        mr1_0.updated_at 
    from
        match_request mr1_0 
    where
        mr1_0.guide_id=?
2026-04-23 16:33:08.178 TRACE [deca18e3] org.hibernate.orm.jdbc.bind - binding parameter (1:BIGINT) <- [841027]
2026-04-23 16:33:08.204 INFO  [deca18e3] c.t.a.logging.MdcLoggingFilter - [HTTP] 요청 완료 - statusCode: 200, latencyMs: 128, requestUri: /api/matching/requests/guide/list, method: GET
2026-04-23 16:33:34.245 DEBUG [9f77c620] org.hibernate.SQL - 
    /* <criteria> */ select
        gp1_0.id,
        gp1_0.average_rating,
        gp1_0.bio,
        gp1_0.created_at,
        gp1_0.default_course,
        gp1_0.guide_style,
        gp1_0.is_active,
        gp1_0.is_approved,
        gp1_0.keywords,
        gp1_0.language,
        gp1_0.local_story,
        gp1_0.member_id,
        gp1_0.nickname,
        gp1_0.price_per_hour,
        gp1_0.profile_image,
        gp1_0.region,
        gp1_0.residence_years,
        gp1_0.review_count,
        gp1_0.updated_at 
    from
        guide_profiles gp1_0 
    where
        gp1_0.is_approved 
        and gp1_0.is_active
2026-04-23 16:33:34.385 INFO  [9f77c620] c.t.a.logging.MdcLoggingFilter - [HTTP] 요청 완료 - statusCode: 200, latencyMs: 241, requestUri: /api/guides, method: GET
2026-04-23 16:33:34.458 DEBUG [c3566744] org.hibernate.SQL - 
    /* <criteria> */ select
        gp1_0.id,
        gp1_0.average_rating,
        gp1_0.bio,
        gp1_0.created_at,
        gp1_0.default_course,
        gp1_0.guide_style,
        gp1_0.is_active,
        gp1_0.is_approved,
        gp1_0.keywords,
        gp1_0.language,
        gp1_0.local_story,
        gp1_0.member_id,
        gp1_0.nickname,
        gp1_0.price_per_hour,
        gp1_0.profile_image,
        gp1_0.region,
        gp1_0.residence_years,
        gp1_0.review_count,
        gp1_0.updated_at 
    from
        guide_profiles gp1_0 
    where
        gp1_0.is_approved 
        and gp1_0.is_active
2026-04-23 16:33:34.649 INFO  [c3566744] c.t.a.logging.MdcLoggingFilter - [HTTP] 요청 완료 - statusCode: 200, latencyMs: 244, requestUri: /api/guides, method: GET
2026-04-23 16:33:45.757 DEBUG [7d7b5216] org.hibernate.SQL - 
    /* <criteria> */ select
        gp1_0.id,
        gp1_0.average_rating,
        gp1_0.bio,
        gp1_0.created_at,
        gp1_0.default_course,
        gp1_0.guide_style,
        gp1_0.is_active,
        gp1_0.is_approved,
        gp1_0.keywords,
        gp1_0.language,
        gp1_0.local_story,
        gp1_0.member_id,
        gp1_0.nickname,
        gp1_0.price_per_hour,
        gp1_0.profile_image,
        gp1_0.region,
        gp1_0.residence_years,
        gp1_0.review_count,
        gp1_0.updated_at 
    from
        guide_profiles gp1_0 
    where
        gp1_0.is_approved 
        and gp1_0.is_active
2026-04-23 16:33:46.474 INFO  [7d7b5216] c.t.a.logging.MdcLoggingFilter - [HTTP] 요청 완료 - statusCode: 200, latencyMs: 1077, requestUri: /api/guides, method: GET
2026-04-23 16:33:46.492 DEBUG [68f63c1a] org.hibernate.SQL - 
    /* <criteria> */ select
        gp1_0.id,
        gp1_0.average_rating,
        gp1_0.bio,
        gp1_0.created_at,
        gp1_0.default_course,
        gp1_0.guide_style,
        gp1_0.is_active,
        gp1_0.is_approved,
        gp1_0.keywords,
        gp1_0.language,
        gp1_0.local_story,
        gp1_0.member_id,
        gp1_0.nickname,
        gp1_0.price_per_hour,
        gp1_0.profile_image,
        gp1_0.region,
        gp1_0.residence_years,
        gp1_0.review_count,
        gp1_0.updated_at 
    from
        guide_profiles gp1_0 
    where
        gp1_0.is_approved 
        and gp1_0.is_active
2026-04-23 16:33:46.607 INFO  [68f63c1a] c.t.a.logging.MdcLoggingFilter - [HTTP] 요청 완료 - statusCode: 200, latencyMs: 150, requestUri: /api/guides, method: GET
2026-04-23 16:33:53.353 DEBUG [1507b23a] org.hibernate.SQL - 
    /* <criteria> */ select
        m1_0.id,
        m1_0.created_at,
        m1_0.email,
        m1_0.name,
        m1_0.nickname,
        m1_0.password,
        m1_0.profile_image_url,
        m1_0.role,
        m1_0.social_type,
        m1_0.status,
        m1_0.updated_at 
    from
        member m1_0 
    where
        m1_0.email=? 
        and m1_0.role=?
2026-04-23 16:33:53.358 TRACE [1507b23a] org.hibernate.orm.jdbc.bind - binding parameter (1:VARCHAR) <- [guide27@localGuest.com]
2026-04-23 16:33:53.359 TRACE [1507b23a] org.hibernate.orm.jdbc.bind - binding parameter (2:ENUM) <- [GUIDE]
2026-04-23 16:33:53.382 DEBUG [1507b23a] org.hibernate.SQL - 
    /* <criteria> */ select
        gp1_0.id,
        gp1_0.average_rating,
        gp1_0.bio,
        gp1_0.created_at,
        gp1_0.default_course,
        gp1_0.guide_style,
        gp1_0.is_active,
        gp1_0.is_approved,
        gp1_0.keywords,
        gp1_0.language,
        gp1_0.local_story,
        gp1_0.member_id,
        gp1_0.nickname,
        gp1_0.price_per_hour,
        gp1_0.profile_image,
        gp1_0.region,
        gp1_0.residence_years,
        gp1_0.review_count,
        gp1_0.updated_at 
    from
        guide_profiles gp1_0 
    where
        gp1_0.member_id=?
2026-04-23 16:33:53.387 TRACE [1507b23a] org.hibernate.orm.jdbc.bind - binding parameter (1:BIGINT) <- [940027]
2026-04-23 16:33:53.404 DEBUG [1507b23a] org.hibernate.SQL - 
    /* <criteria> */ select
        mr1_0.id,
        mr1_0.budget_max_won,
        mr1_0.budget_min_won,
        mr1_0.cancel_reason,
        mr1_0.cancelled_by,
        mr1_0.concept,
        mr1_0.concept_summary,
        mr1_0.created_at,
        mr1_0.desired_budget,
        mr1_0.desired_date,
        mr1_0.destination,
        mr1_0.guest_id,
        mr1_0.guide_id,
        mr1_0.guide_schedule_id,
        mr1_0.propose_message,
        mr1_0.proposed_schedule,
        mr1_0.status,
        mr1_0.updated_at 
    from
        match_request mr1_0 
    where
        mr1_0.guide_id=?
2026-04-23 16:33:53.409 TRACE [1507b23a] org.hibernate.orm.jdbc.bind - binding parameter (1:BIGINT) <- [841027]
2026-04-23 16:33:53.432 INFO  [1507b23a] c.t.a.logging.MdcLoggingFilter - [HTTP] 요청 완료 - statusCode: 200, latencyMs: 131, requestUri: /api/matching/requests/guide/list, method: GET
2026-04-23 16:33:54.645 DEBUG [a70d8944] org.hibernate.SQL - 
    /* <criteria> */ select
        gp1_0.id,
        gp1_0.average_rating,
        gp1_0.bio,
        gp1_0.created_at,
        gp1_0.default_course,
        gp1_0.guide_style,
        gp1_0.is_active,
        gp1_0.is_approved,
        gp1_0.keywords,
        gp1_0.language,
        gp1_0.local_story,
        gp1_0.member_id,
        gp1_0.nickname,
        gp1_0.price_per_hour,
        gp1_0.profile_image,
        gp1_0.region,
        gp1_0.residence_years,
        gp1_0.review_count,
        gp1_0.updated_at 
    from
        guide_profiles gp1_0 
    where
        gp1_0.is_approved 
        and gp1_0.is_active
2026-04-23 16:33:54.770 INFO  [49de13fe] c.t.m.c.c.NotificationController - [SSE Subscribe] User Email: guide27@localGuest.com
2026-04-23 16:33:54.911 INFO  [a70d8944] c.t.a.logging.MdcLoggingFilter - [HTTP] 요청 완료 - statusCode: 200, latencyMs: 335, requestUri: /api/guides, method: GET
2026-04-23 16:33:54.987 INFO  [49de13fe] c.t.a.logging.MdcLoggingFilter - [HTTP] 요청 완료 - statusCode: 200, latencyMs: 384, requestUri: /api/notifications/subscribe, method: GET
2026-04-23 16:33:55.002 DEBUG [e2cda8cc] org.hibernate.SQL - 
    /* <criteria> */ select
        gp1_0.id,
        gp1_0.average_rating,
        gp1_0.bio,
        gp1_0.created_at,
        gp1_0.default_course,
        gp1_0.guide_style,
        gp1_0.is_active,
        gp1_0.is_approved,
        gp1_0.keywords,
        gp1_0.language,
        gp1_0.local_story,
        gp1_0.member_id,
        gp1_0.nickname,
        gp1_0.price_per_hour,
        gp1_0.profile_image,
        gp1_0.region,
        gp1_0.residence_years,
        gp1_0.review_count,
        gp1_0.updated_at 
    from
        guide_profiles gp1_0 
    where
        gp1_0.is_approved 
        and gp1_0.is_active
2026-04-23 16:33:55.179 INFO  [e2cda8cc] c.t.a.logging.MdcLoggingFilter - [HTTP] 요청 완료 - statusCode: 200, latencyMs: 220, requestUri: /api/guides, method: GET
2026-04-23 16:33:55.396 DEBUG [536f1aef] org.hibernate.SQL - 
    /* SELECT
        DISTINCT r 
    FROM
        ChatRoom r 
    JOIN
        
    FETCH
        r.participants p 
    WHERE
        r.id IN (SELECT
            r2.id 
        FROM
            ChatRoom r2 
        JOIN
            r2.participants p2 
        WHERE
            p2.userEmail = :userEmail) */ select
            distinct cr1_0.id,
            cr1_0.created_at,
            cr1_0.last_message,
            cr1_0.last_message_at,
            cr1_0.owner_email,
            cr1_0.participant_count,
            p1_0.chat_room_id,
            p1_0.id,
            p1_0.created_at,
            p1_0.is_alarm_on,
            p1_0.last_read_at,
            p1_0.updated_at,
            p1_0.user_email,
            p1_0.user_id,
            p1_0.user_nickname,
            cr1_0.room_id,
            cr1_0.title,
            cr1_0.updated_at 
        from
            chat_rooms cr1_0 
        join
            chat_participants p1_0 
                on cr1_0.id=p1_0.chat_room_id 
        where
            cr1_0.id in (select
                cr2_0.id 
            from
                chat_rooms cr2_0 
            join
                chat_participants p2_0 
                    on cr2_0.id=p2_0.chat_room_id 
            where
                p2_0.user_email=?)
2026-04-23 16:33:55.406 TRACE [536f1aef] org.hibernate.orm.jdbc.bind - binding parameter (1:VARCHAR) <- [guide27@localGuest.com]
2026-04-23 16:33:55.599 INFO  [536f1aef] c.t.a.logging.MdcLoggingFilter - [HTTP] 요청 완료 - statusCode: 200, latencyMs: 416, requestUri: /api/chat/rooms, method: GET
2026-04-23 16:33:55.771 INFO  [9f4a259d] c.t.a.logging.MdcLoggingFilter - [HTTP] 요청 완료 - statusCode: 200, latencyMs: 1180, requestUri: /api/matching/chat/rooms, method: GET
2026-04-23 16:33:55.954 DEBUG [49681220] org.hibernate.SQL - 
    /* SELECT
        DISTINCT r 
    FROM
        ChatRoom r 
    JOIN
        
    FETCH
        r.participants p 
    WHERE
        r.id IN (SELECT
            r2.id 
        FROM
            ChatRoom r2 
        JOIN
            r2.participants p2 
        WHERE
            p2.userEmail = :userEmail) */ select
            distinct cr1_0.id,
            cr1_0.created_at,
            cr1_0.last_message,
            cr1_0.last_message_at,
            cr1_0.owner_email,
            cr1_0.participant_count,
            p1_0.chat_room_id,
            p1_0.id,
            p1_0.created_at,
            p1_0.is_alarm_on,
            p1_0.last_read_at,
            p1_0.updated_at,
            p1_0.user_email,
            p1_0.user_id,
            p1_0.user_nickname,
            cr1_0.room_id,
            cr1_0.title,
            cr1_0.updated_at 
        from
            chat_rooms cr1_0 
        join
            chat_participants p1_0 
                on cr1_0.id=p1_0.chat_room_id 
        where
            cr1_0.id in (select
                cr2_0.id 
            from
                chat_rooms cr2_0 
            join
                chat_participants p2_0 
                    on cr2_0.id=p2_0.chat_room_id 
            where
                p2_0.user_email=?)
2026-04-23 16:33:55.959 TRACE [49681220] org.hibernate.orm.jdbc.bind - binding parameter (1:VARCHAR) <- [guide27@localGuest.com]
2026-04-23 16:33:55.994 INFO  [49681220] c.t.a.logging.MdcLoggingFilter - [HTTP] 요청 완료 - statusCode: 200, latencyMs: 133, requestUri: /api/chat/rooms, method: GET
2026-04-23 16:33:56.019 INFO  [dd36aebe] c.t.a.logging.MdcLoggingFilter - [HTTP] 요청 완료 - statusCode: 200, latencyMs: 210, requestUri: /api/matching/chat/rooms, method: GET
2026-04-23 16:33:57.818 DEBUG [140875ae] org.hibernate.SQL - 
    /* <criteria> */ select
        m1_0.id,
        m1_0.created_at,
        m1_0.email,
        m1_0.name,
        m1_0.nickname,
        m1_0.password,
        m1_0.profile_image_url,
        m1_0.role,
        m1_0.social_type,
        m1_0.status,
        m1_0.updated_at 
    from
        member m1_0 
    where
        m1_0.email=? 
        and m1_0.role=?
2026-04-23 16:33:57.822 TRACE [140875ae] org.hibernate.orm.jdbc.bind - binding parameter (1:VARCHAR) <- [guide27@localGuest.com]
2026-04-23 16:33:57.823 TRACE [140875ae] org.hibernate.orm.jdbc.bind - binding parameter (2:ENUM) <- [GUIDE]
2026-04-23 16:33:57.836 DEBUG [140875ae] org.hibernate.SQL - 
    /* <criteria> */ select
        gp1_0.id,
        gp1_0.average_rating,
        gp1_0.bio,
        gp1_0.created_at,
        gp1_0.default_course,
        gp1_0.guide_style,
        gp1_0.is_active,
        gp1_0.is_approved,
        gp1_0.keywords,
        gp1_0.language,
        gp1_0.local_story,
        gp1_0.member_id,
        gp1_0.nickname,
        gp1_0.price_per_hour,
        gp1_0.profile_image,
        gp1_0.region,
        gp1_0.residence_years,
        gp1_0.review_count,
        gp1_0.updated_at 
    from
        guide_profiles gp1_0 
    where
        gp1_0.member_id=?
2026-04-23 16:33:57.839 TRACE [140875ae] org.hibernate.orm.jdbc.bind - binding parameter (1:BIGINT) <- [940027]
2026-04-23 16:33:57.860 DEBUG [140875ae] org.hibernate.SQL - 
    /* <criteria> */ select
        mr1_0.id,
        mr1_0.budget_max_won,
        mr1_0.budget_min_won,
        mr1_0.cancel_reason,
        mr1_0.cancelled_by,
        mr1_0.concept,
        mr1_0.concept_summary,
        mr1_0.created_at,
        mr1_0.desired_budget,
        mr1_0.desired_date,
        mr1_0.destination,
        mr1_0.guest_id,
        mr1_0.guide_id,
        mr1_0.guide_schedule_id,
        mr1_0.propose_message,
        mr1_0.proposed_schedule,
        mr1_0.status,
        mr1_0.updated_at 
    from
        match_request mr1_0 
    where
        mr1_0.guide_id=?
2026-04-23 16:33:57.862 TRACE [140875ae] org.hibernate.orm.jdbc.bind - binding parameter (1:BIGINT) <- [841027]
2026-04-23 16:33:57.877 DEBUG [049db0aa] org.hibernate.SQL - 
    /* <criteria> */ select
        gs1_0.id,
        gs1_0.available_date,
        gs1_0.course_detail,
        gs1_0.created_at,
        gs1_0.end_time,
        gs1_0.guide_message,
        gs1_0.guide_id,
        gs1_0.is_paid,
        gs1_0.match_request_id,
        gs1_0.meeting_point,
        gs1_0.start_time,
        gs1_0.status,
        gs1_0.updated_at 
    from
        guide_schedules gs1_0 
    left join
        guide_profiles gp1_0 
            on gp1_0.id=gs1_0.guide_id 
    where
        gp1_0.id=? 
    order by
        gs1_0.available_date
2026-04-23 16:33:57.884 TRACE [049db0aa] org.hibernate.orm.jdbc.bind - binding parameter (1:BIGINT) <- [841027]
2026-04-23 16:33:57.892 INFO  [140875ae] c.t.a.logging.MdcLoggingFilter - [HTTP] 요청 완료 - statusCode: 200, latencyMs: 104, requestUri: /api/matching/requests/guide/list, method: GET
2026-04-23 16:33:58.004 INFO  [049db0aa] c.t.a.logging.MdcLoggingFilter - [HTTP] 요청 완료 - statusCode: 200, latencyMs: 213, requestUri: /api/guides/841027/schedules, method: GET
2026-04-23 16:33:58.011 DEBUG [465bf71d] org.hibernate.SQL - 
    /* <criteria> */ select
        m1_0.id,
        m1_0.created_at,
        m1_0.email,
        m1_0.name,
        m1_0.nickname,
        m1_0.password,
        m1_0.profile_image_url,
        m1_0.role,
        m1_0.social_type,
        m1_0.status,
        m1_0.updated_at 
    from
        member m1_0 
    where
        m1_0.email=? 
        and m1_0.role=?
2026-04-23 16:33:58.019 TRACE [465bf71d] org.hibernate.orm.jdbc.bind - binding parameter (1:VARCHAR) <- [guide27@localGuest.com]
2026-04-23 16:33:58.020 TRACE [465bf71d] org.hibernate.orm.jdbc.bind - binding parameter (2:ENUM) <- [GUIDE]
2026-04-23 16:33:58.048 DEBUG [8d0b0b90] org.hibernate.SQL - 
    /* <criteria> */ select
        m1_0.id,
        m1_0.created_at,
        m1_0.email,
        m1_0.name,
        m1_0.nickname,
        m1_0.password,
        m1_0.profile_image_url,
        m1_0.role,
        m1_0.social_type,
        m1_0.status,
        m1_0.updated_at 
    from
        member m1_0 
    where
        m1_0.email=? 
        and m1_0.role=?
2026-04-23 16:33:58.045 DEBUG [465bf71d] org.hibernate.SQL - 
    /* <criteria> */ select
        gp1_0.id,
        gp1_0.average_rating,
        gp1_0.bio,
        gp1_0.created_at,
        gp1_0.default_course,
        gp1_0.guide_style,
        gp1_0.is_active,
        gp1_0.is_approved,
        gp1_0.keywords,
        gp1_0.language,
        gp1_0.local_story,
        gp1_0.member_id,
        gp1_0.nickname,
        gp1_0.price_per_hour,
        gp1_0.profile_image,
        gp1_0.region,
        gp1_0.residence_years,
        gp1_0.review_count,
        gp1_0.updated_at 
    from
        guide_profiles gp1_0 
    where
        gp1_0.member_id=?
2026-04-23 16:33:58.054 TRACE [8d0b0b90] org.hibernate.orm.jdbc.bind - binding parameter (1:VARCHAR) <- [guide27@localGuest.com]
2026-04-23 16:33:58.055 DEBUG [1d97643b] org.hibernate.SQL - 
    /* <criteria> */ select
        m1_0.id,
        m1_0.created_at,
        m1_0.email,
        m1_0.name,
        m1_0.nickname,
        m1_0.password,
        m1_0.profile_image_url,
        m1_0.role,
        m1_0.social_type,
        m1_0.status,
        m1_0.updated_at 
    from
        member m1_0 
    where
        m1_0.email=? 
        and m1_0.role=?
2026-04-23 16:33:58.053 TRACE [465bf71d] org.hibernate.orm.jdbc.bind - binding parameter (1:BIGINT) <- [940027]
2026-04-23 16:33:58.055 TRACE [8d0b0b90] org.hibernate.orm.jdbc.bind - binding parameter (2:ENUM) <- [GUIDE]
2026-04-23 16:33:58.082 DEBUG [8d0b0b90] org.hibernate.SQL - 
    /* <criteria> */ select
        gp1_0.id,
        gp1_0.average_rating,
        gp1_0.bio,
        gp1_0.created_at,
        gp1_0.default_course,
        gp1_0.guide_style,
        gp1_0.is_active,
        gp1_0.is_approved,
        gp1_0.keywords,
        gp1_0.language,
        gp1_0.local_story,
        gp1_0.member_id,
        gp1_0.nickname,
        gp1_0.price_per_hour,
        gp1_0.profile_image,
        gp1_0.region,
        gp1_0.residence_years,
        gp1_0.review_count,
        gp1_0.updated_at 
    from
        guide_profiles gp1_0 
    where
        gp1_0.member_id=?
2026-04-23 16:33:58.091 DEBUG [465bf71d] org.hibernate.SQL - 
    /* <criteria> */ select
        mr1_0.id,
        mr1_0.budget_max_won,
        mr1_0.budget_min_won,
        mr1_0.cancel_reason,
        mr1_0.cancelled_by,
        mr1_0.concept,
        mr1_0.concept_summary,
        mr1_0.created_at,
        mr1_0.desired_budget,
        mr1_0.desired_date,
        mr1_0.destination,
        mr1_0.guest_id,
        mr1_0.guide_id,
        mr1_0.guide_schedule_id,
        mr1_0.propose_message,
        mr1_0.proposed_schedule,
        mr1_0.status,
        mr1_0.updated_at 
    from
        match_request mr1_0 
    where
        mr1_0.guide_id=?
2026-04-23 16:33:58.101 TRACE [1d97643b] org.hibernate.orm.jdbc.bind - binding parameter (1:VARCHAR) <- [guide27@localGuest.com]
2026-04-23 16:33:58.140 TRACE [1d97643b] org.hibernate.orm.jdbc.bind - binding parameter (2:ENUM) <- [GUIDE]
2026-04-23 16:33:58.142 TRACE [8d0b0b90] org.hibernate.orm.jdbc.bind - binding parameter (1:BIGINT) <- [940027]
2026-04-23 16:33:58.145 TRACE [465bf71d] org.hibernate.orm.jdbc.bind - binding parameter (1:BIGINT) <- [841027]
2026-04-23 16:33:58.170 DEBUG [1d97643b] org.hibernate.SQL - 
    /* <criteria> */ select
        gp1_0.id,
        gp1_0.average_rating,
        gp1_0.bio,
        gp1_0.created_at,
        gp1_0.default_course,
        gp1_0.guide_style,
        gp1_0.is_active,
        gp1_0.is_approved,
        gp1_0.keywords,
        gp1_0.language,
        gp1_0.local_story,
        gp1_0.member_id,
        gp1_0.nickname,
        gp1_0.price_per_hour,
        gp1_0.profile_image,
        gp1_0.region,
        gp1_0.residence_years,
        gp1_0.review_count,
        gp1_0.updated_at 
    from
        guide_profiles gp1_0 
    where
        gp1_0.member_id=?
2026-04-23 16:33:58.175 TRACE [1d97643b] org.hibernate.orm.jdbc.bind - binding parameter (1:BIGINT) <- [940027]
2026-04-23 16:33:58.196 DEBUG [8d0b0b90] org.hibernate.SQL - 
    select
        mr1_0.id,
        mr1_0.budget_max_won,
        mr1_0.budget_min_won,
        mr1_0.cancel_reason,
        mr1_0.cancelled_by,
        mr1_0.concept,
        mr1_0.concept_summary,
        mr1_0.created_at,
        mr1_0.desired_budget,
        mr1_0.desired_date,
        mr1_0.destination,
        mr1_0.guest_id,
        mr1_0.guide_id,
        mr1_0.guide_schedule_id,
        mr1_0.propose_message,
        mr1_0.proposed_schedule,
        mr1_0.status,
        mr1_0.updated_at 
    from
        match_request mr1_0 
    where
        mr1_0.id=?
2026-04-23 16:33:58.241 DEBUG [ad9418b7] org.hibernate.SQL - 
    /* <criteria> */ select
        m1_0.id,
        m1_0.created_at,
        m1_0.email,
        m1_0.name,
        m1_0.nickname,
        m1_0.password,
        m1_0.profile_image_url,
        m1_0.role,
        m1_0.social_type,
        m1_0.status,
        m1_0.updated_at 
    from
        member m1_0 
    where
        m1_0.email=? 
        and m1_0.role=?
2026-04-23 16:33:58.199 DEBUG [1d97643b] org.hibernate.SQL - 
    select
        mr1_0.id,
        mr1_0.budget_max_won,
        mr1_0.budget_min_won,
        mr1_0.cancel_reason,
        mr1_0.cancelled_by,
        mr1_0.concept,
        mr1_0.concept_summary,
        mr1_0.created_at,
        mr1_0.desired_budget,
        mr1_0.desired_date,
        mr1_0.destination,
        mr1_0.guest_id,
        mr1_0.guide_id,
        mr1_0.guide_schedule_id,
        mr1_0.propose_message,
        mr1_0.proposed_schedule,
        mr1_0.status,
        mr1_0.updated_at 
    from
        match_request mr1_0 
    where
        mr1_0.id=?
2026-04-23 16:33:58.179 INFO  [465bf71d] c.t.a.logging.MdcLoggingFilter - [HTTP] 요청 완료 - statusCode: 200, latencyMs: 230, requestUri: /api/matching/requests/guide/list, method: GET
2026-04-23 16:33:58.370 TRACE [1d97643b] org.hibernate.orm.jdbc.bind - binding parameter (1:BIGINT) <- [862102]
2026-04-23 16:33:58.368 TRACE [ad9418b7] org.hibernate.orm.jdbc.bind - binding parameter (1:VARCHAR) <- [guide27@localGuest.com]
2026-04-23 16:33:58.371 TRACE [ad9418b7] org.hibernate.orm.jdbc.bind - binding parameter (2:ENUM) <- [GUIDE]
2026-04-23 16:33:58.368 TRACE [8d0b0b90] org.hibernate.orm.jdbc.bind - binding parameter (1:BIGINT) <- [862027]
2026-04-23 16:33:58.396 DEBUG [1d97643b] org.hibernate.SQL - 
    /* <criteria> */ select
        te1_0.id,
        te1_0.created_at,
        te1_0.deadline_at,
        te1_0.extended_date,
        te1_0.extended_price,
        te1_0.guest_id,
        te1_0.guide_approved_at,
        te1_0.match_request_id,
        te1_0.requested_at,
        te1_0.status,
        te1_0.updated_at 
    from
        tour_extension te1_0 
    left join
        match_request mr1_0 
            on mr1_0.id=te1_0.match_request_id 
    where
        mr1_0.id=?
2026-04-23 16:33:58.389 DEBUG [ad9418b7] org.hibernate.SQL - 
    /* <criteria> */ select
        gp1_0.id,
        gp1_0.average_rating,
        gp1_0.bio,
        gp1_0.created_at,
        gp1_0.default_course,
        gp1_0.guide_style,
        gp1_0.is_active,
        gp1_0.is_approved,
        gp1_0.keywords,
        gp1_0.language,
        gp1_0.local_story,
        gp1_0.member_id,
        gp1_0.nickname,
        gp1_0.price_per_hour,
        gp1_0.profile_image,
        gp1_0.region,
        gp1_0.residence_years,
        gp1_0.review_count,
        gp1_0.updated_at 
    from
        guide_profiles gp1_0 
    where
        gp1_0.member_id=?
2026-04-23 16:33:58.400 TRACE [1d97643b] org.hibernate.orm.jdbc.bind - binding parameter (1:BIGINT) <- [862102]
2026-04-23 16:33:58.401 TRACE [ad9418b7] org.hibernate.orm.jdbc.bind - binding parameter (1:BIGINT) <- [940027]
2026-04-23 16:33:58.399 DEBUG [8d0b0b90] org.hibernate.SQL - 
    /* <criteria> */ select
        te1_0.id,
        te1_0.created_at,
        te1_0.deadline_at,
        te1_0.extended_date,
        te1_0.extended_price,
        te1_0.guest_id,
        te1_0.guide_approved_at,
        te1_0.match_request_id,
        te1_0.requested_at,
        te1_0.status,
        te1_0.updated_at 
    from
        tour_extension te1_0 
    left join
        match_request mr1_0 
            on mr1_0.id=te1_0.match_request_id 
    where
        mr1_0.id=?
2026-04-23 16:33:58.402 TRACE [8d0b0b90] org.hibernate.orm.jdbc.bind - binding parameter (1:BIGINT) <- [862027]
2026-04-23 16:33:58.417 DEBUG [ad9418b7] org.hibernate.SQL - 
    /* <criteria> */ select
        mr1_0.id,
        mr1_0.budget_max_won,
        mr1_0.budget_min_won,
        mr1_0.cancel_reason,
        mr1_0.cancelled_by,
        mr1_0.concept,
        mr1_0.concept_summary,
        mr1_0.created_at,
        mr1_0.desired_budget,
        mr1_0.desired_date,
        mr1_0.destination,
        mr1_0.guest_id,
        mr1_0.guide_id,
        mr1_0.guide_schedule_id,
        mr1_0.propose_message,
        mr1_0.proposed_schedule,
        mr1_0.status,
        mr1_0.updated_at 
    from
        match_request mr1_0 
    where
        mr1_0.guide_id=?
2026-04-23 16:33:58.463 TRACE [ad9418b7] org.hibernate.orm.jdbc.bind - binding parameter (1:BIGINT) <- [841027]
2026-04-23 16:33:58.487 INFO  [8d0b0b90] c.t.a.logging.MdcLoggingFilter - [HTTP] 요청 완료 - statusCode: 204, latencyMs: 516, requestUri: /api/matching/extensions/862027, method: GET
2026-04-23 16:33:58.488 INFO  [ad9418b7] c.t.a.logging.MdcLoggingFilter - [HTTP] 요청 완료 - statusCode: 200, latencyMs: 280, requestUri: /api/matching/requests/guide/list, method: GET
2026-04-23 16:33:58.488 INFO  [1d97643b] c.t.a.logging.MdcLoggingFilter - [HTTP] 요청 완료 - statusCode: 204, latencyMs: 509, requestUri: /api/matching/extensions/862102, method: GET
2026-04-23 16:33:58.601 DEBUG [5ccaea1d] org.hibernate.SQL - 
    /* <criteria> */ select
        m1_0.id,
        m1_0.created_at,
        m1_0.email,
        m1_0.name,
        m1_0.nickname,
        m1_0.password,
        m1_0.profile_image_url,
        m1_0.role,
        m1_0.social_type,
        m1_0.status,
        m1_0.updated_at 
    from
        member m1_0 
    where
        m1_0.email=? 
        and m1_0.role=?
2026-04-23 16:33:58.605 TRACE [5ccaea1d] org.hibernate.orm.jdbc.bind - binding parameter (1:VARCHAR) <- [guide27@localGuest.com]
2026-04-23 16:33:58.607 TRACE [5ccaea1d] org.hibernate.orm.jdbc.bind - binding parameter (2:ENUM) <- [GUIDE]
2026-04-23 16:33:58.621 DEBUG [5ccaea1d] org.hibernate.SQL - 
    /* <criteria> */ select
        gp1_0.id,
        gp1_0.average_rating,
        gp1_0.bio,
        gp1_0.created_at,
        gp1_0.default_course,
        gp1_0.guide_style,
        gp1_0.is_active,
        gp1_0.is_approved,
        gp1_0.keywords,
        gp1_0.language,
        gp1_0.local_story,
        gp1_0.member_id,
        gp1_0.nickname,
        gp1_0.price_per_hour,
        gp1_0.profile_image,
        gp1_0.region,
        gp1_0.residence_years,
        gp1_0.review_count,
        gp1_0.updated_at 
    from
        guide_profiles gp1_0 
    where
        gp1_0.member_id=?
2026-04-23 16:33:58.624 TRACE [5ccaea1d] org.hibernate.orm.jdbc.bind - binding parameter (1:BIGINT) <- [940027]
2026-04-23 16:33:58.632 DEBUG [dc244220] org.hibernate.SQL - 
    /* <criteria> */ select
        m1_0.id,
        m1_0.created_at,
        m1_0.email,
        m1_0.name,
        m1_0.nickname,
        m1_0.password,
        m1_0.profile_image_url,
        m1_0.role,
        m1_0.social_type,
        m1_0.status,
        m1_0.updated_at 
    from
        member m1_0 
    where
        m1_0.email=? 
        and m1_0.role=?
2026-04-23 16:33:58.639 TRACE [dc244220] org.hibernate.orm.jdbc.bind - binding parameter (1:VARCHAR) <- [guide27@localGuest.com]
2026-04-23 16:33:58.639 DEBUG [4e66c3cb] org.hibernate.SQL - 
    /* <criteria> */ select
        m1_0.id,
        m1_0.created_at,
        m1_0.email,
        m1_0.name,
        m1_0.nickname,
        m1_0.password,
        m1_0.profile_image_url,
        m1_0.role,
        m1_0.social_type,
        m1_0.status,
        m1_0.updated_at 
    from
        member m1_0 
    where
        m1_0.email=? 
        and m1_0.role=?
2026-04-23 16:33:58.642 TRACE [dc244220] org.hibernate.orm.jdbc.bind - binding parameter (2:ENUM) <- [GUIDE]
2026-04-23 16:33:58.644 DEBUG [5ccaea1d] org.hibernate.SQL - 
    /* <criteria> */ select
        mr1_0.id,
        mr1_0.budget_max_won,
        mr1_0.budget_min_won,
        mr1_0.cancel_reason,
        mr1_0.cancelled_by,
        mr1_0.concept,
        mr1_0.concept_summary,
        mr1_0.created_at,
        mr1_0.desired_budget,
        mr1_0.desired_date,
        mr1_0.destination,
        mr1_0.guest_id,
        mr1_0.guide_id,
        mr1_0.guide_schedule_id,
        mr1_0.propose_message,
        mr1_0.proposed_schedule,
        mr1_0.status,
        mr1_0.updated_at 
    from
        match_request mr1_0 
    where
        mr1_0.guide_id=?
2026-04-23 16:33:58.709 TRACE [4e66c3cb] org.hibernate.orm.jdbc.bind - binding parameter (1:VARCHAR) <- [guide27@localGuest.com]
2026-04-23 16:33:58.709 TRACE [4e66c3cb] org.hibernate.orm.jdbc.bind - binding parameter (2:ENUM) <- [GUIDE]
2026-04-23 16:33:58.711 TRACE [5ccaea1d] org.hibernate.orm.jdbc.bind - binding parameter (1:BIGINT) <- [841027]
2026-04-23 16:33:58.730 DEBUG [4e66c3cb] org.hibernate.SQL - 
    /* <criteria> */ select
        gp1_0.id,
        gp1_0.average_rating,
        gp1_0.bio,
        gp1_0.created_at,
        gp1_0.default_course,
        gp1_0.guide_style,
        gp1_0.is_active,
        gp1_0.is_approved,
        gp1_0.keywords,
        gp1_0.language,
        gp1_0.local_story,
        gp1_0.member_id,
        gp1_0.nickname,
        gp1_0.price_per_hour,
        gp1_0.profile_image,
        gp1_0.region,
        gp1_0.residence_years,
        gp1_0.review_count,
        gp1_0.updated_at 
    from
        guide_profiles gp1_0 
    where
        gp1_0.member_id=?
2026-04-23 16:33:58.737 TRACE [4e66c3cb] org.hibernate.orm.jdbc.bind - binding parameter (1:BIGINT) <- [940027]
2026-04-23 16:33:58.736 DEBUG [dc244220] org.hibernate.SQL - 
    /* <criteria> */ select
        gp1_0.id,
        gp1_0.average_rating,
        gp1_0.bio,
        gp1_0.created_at,
        gp1_0.default_course,
        gp1_0.guide_style,
        gp1_0.is_active,
        gp1_0.is_approved,
        gp1_0.keywords,
        gp1_0.language,
        gp1_0.local_story,
        gp1_0.member_id,
        gp1_0.nickname,
        gp1_0.price_per_hour,
        gp1_0.profile_image,
        gp1_0.region,
        gp1_0.residence_years,
        gp1_0.review_count,
        gp1_0.updated_at 
    from
        guide_profiles gp1_0 
    where
        gp1_0.member_id=?
2026-04-23 16:33:58.745 INFO  [5ccaea1d] c.t.a.logging.MdcLoggingFilter - [HTTP] 요청 완료 - statusCode: 200, latencyMs: 181, requestUri: /api/matching/requests/guide/list, method: GET
2026-04-23 16:33:58.747 TRACE [dc244220] org.hibernate.orm.jdbc.bind - binding parameter (1:BIGINT) <- [940027]
2026-04-23 16:33:58.752 DEBUG [4e66c3cb] org.hibernate.SQL - 
    select
        mr1_0.id,
        mr1_0.budget_max_won,
        mr1_0.budget_min_won,
        mr1_0.cancel_reason,
        mr1_0.cancelled_by,
        mr1_0.concept,
        mr1_0.concept_summary,
        mr1_0.created_at,
        mr1_0.desired_budget,
        mr1_0.desired_date,
        mr1_0.destination,
        mr1_0.guest_id,
        mr1_0.guide_id,
        mr1_0.guide_schedule_id,
        mr1_0.propose_message,
        mr1_0.proposed_schedule,
        mr1_0.status,
        mr1_0.updated_at 
    from
        match_request mr1_0 
    where
        mr1_0.id=?
2026-04-23 16:33:58.754 TRACE [4e66c3cb] org.hibernate.orm.jdbc.bind - binding parameter (1:BIGINT) <- [862102]
2026-04-23 16:33:58.763 DEBUG [dc244220] org.hibernate.SQL - 
    select
        mr1_0.id,
        mr1_0.budget_max_won,
        mr1_0.budget_min_won,
        mr1_0.cancel_reason,
        mr1_0.cancelled_by,
        mr1_0.concept,
        mr1_0.concept_summary,
        mr1_0.created_at,
        mr1_0.desired_budget,
        mr1_0.desired_date,
        mr1_0.destination,
        mr1_0.guest_id,
        mr1_0.guide_id,
        mr1_0.guide_schedule_id,
        mr1_0.propose_message,
        mr1_0.proposed_schedule,
        mr1_0.status,
        mr1_0.updated_at 
    from
        match_request mr1_0 
    where
        mr1_0.id=?
2026-04-23 16:33:58.766 TRACE [dc244220] org.hibernate.orm.jdbc.bind - binding parameter (1:BIGINT) <- [862027]
2026-04-23 16:33:58.778 DEBUG [4e66c3cb] org.hibernate.SQL - 
    /* <criteria> */ select
        te1_0.id,
        te1_0.created_at,
        te1_0.deadline_at,
        te1_0.extended_date,
        te1_0.extended_price,
        te1_0.guest_id,
        te1_0.guide_approved_at,
        te1_0.match_request_id,
        te1_0.requested_at,
        te1_0.status,
        te1_0.updated_at 
    from
        tour_extension te1_0 
    left join
        match_request mr1_0 
            on mr1_0.id=te1_0.match_request_id 
    where
        mr1_0.id=?
2026-04-23 16:33:58.787 DEBUG [dc244220] org.hibernate.SQL - 
    /* <criteria> */ select
        te1_0.id,
        te1_0.created_at,
        te1_0.deadline_at,
        te1_0.extended_date,
        te1_0.extended_price,
        te1_0.guest_id,
        te1_0.guide_approved_at,
        te1_0.match_request_id,
        te1_0.requested_at,
        te1_0.status,
        te1_0.updated_at 
    from
        tour_extension te1_0 
    left join
        match_request mr1_0 
            on mr1_0.id=te1_0.match_request_id 
    where
        mr1_0.id=?
2026-04-23 16:33:58.806 TRACE [4e66c3cb] org.hibernate.orm.jdbc.bind - binding parameter (1:BIGINT) <- [862102]
2026-04-23 16:33:58.807 TRACE [dc244220] org.hibernate.orm.jdbc.bind - binding parameter (1:BIGINT) <- [862027]
2026-04-23 16:33:58.821 INFO  [dc244220] c.t.a.logging.MdcLoggingFilter - [HTTP] 요청 완료 - statusCode: 204, latencyMs: 227, requestUri: /api/matching/extensions/862027, method: GET
2026-04-23 16:33:58.821 INFO  [4e66c3cb] c.t.a.logging.MdcLoggingFilter - [HTTP] 요청 완료 - statusCode: 204, latencyMs: 225, requestUri: /api/matching/extensions/862102, method: GET
2026-04-23 16:34:00.025 DEBUG [] org.hibernate.SQL - 
    /* <criteria> */ select
        te1_0.id,
        te1_0.created_at,
        te1_0.deadline_at,
        te1_0.extended_date,
        te1_0.extended_price,
        te1_0.guest_id,
        te1_0.guide_approved_at,
        te1_0.match_request_id,
        te1_0.requested_at,
        te1_0.status,
        te1_0.updated_at 
    from
        tour_extension te1_0 
    where
        te1_0.status=? 
        and te1_0.deadline_at<?
2026-04-23 16:34:00.026 TRACE [] org.hibernate.orm.jdbc.bind - binding parameter (1:ENUM) <- [REQUESTED]
2026-04-23 16:34:00.028 TRACE [] org.hibernate.orm.jdbc.bind - binding parameter (2:TIMESTAMP) <- [2026-04-23T16:34:00.011848300]
2026-04-23 16:34:38.516 DEBUG [58db64d3] org.hibernate.SQL - 
    /* <criteria> */ select
        m1_0.id,
        m1_0.created_at,
        m1_0.email,
        m1_0.name,
        m1_0.nickname,
        m1_0.password,
        m1_0.profile_image_url,
        m1_0.role,
        m1_0.social_type,
        m1_0.status,
        m1_0.updated_at 
    from
        member m1_0 
    where
        m1_0.email=? 
        and m1_0.role=?
2026-04-23 16:34:38.527 TRACE [58db64d3] org.hibernate.orm.jdbc.bind - binding parameter (1:VARCHAR) <- [guide27@localGuest.com]
2026-04-23 16:34:38.535 TRACE [58db64d3] org.hibernate.orm.jdbc.bind - binding parameter (2:ENUM) <- [GUIDE]
2026-04-23 16:34:38.549 DEBUG [58db64d3] org.hibernate.SQL - 
    /* <criteria> */ select
        gp1_0.id,
        gp1_0.average_rating,
        gp1_0.bio,
        gp1_0.created_at,
        gp1_0.default_course,
        gp1_0.guide_style,
        gp1_0.is_active,
        gp1_0.is_approved,
        gp1_0.keywords,
        gp1_0.language,
        gp1_0.local_story,
        gp1_0.member_id,
        gp1_0.nickname,
        gp1_0.price_per_hour,
        gp1_0.profile_image,
        gp1_0.region,
        gp1_0.residence_years,
        gp1_0.review_count,
        gp1_0.updated_at 
    from
        guide_profiles gp1_0 
    where
        gp1_0.member_id=?
2026-04-23 16:34:38.550 TRACE [58db64d3] org.hibernate.orm.jdbc.bind - binding parameter (1:BIGINT) <- [940027]
2026-04-23 16:34:38.577 DEBUG [58db64d3] org.hibernate.SQL - 
    /* <criteria> */ select
        mr1_0.id,
        mr1_0.budget_max_won,
        mr1_0.budget_min_won,
        mr1_0.cancel_reason,
        mr1_0.cancelled_by,
        mr1_0.concept,
        mr1_0.concept_summary,
        mr1_0.created_at,
        mr1_0.desired_budget,
        mr1_0.desired_date,
        mr1_0.destination,
        mr1_0.guest_id,
        mr1_0.guide_id,
        mr1_0.guide_schedule_id,
        mr1_0.propose_message,
        mr1_0.proposed_schedule,
        mr1_0.status,
        mr1_0.updated_at 
    from
        match_request mr1_0 
    where
        mr1_0.guide_id=?
2026-04-23 16:34:38.585 TRACE [58db64d3] org.hibernate.orm.jdbc.bind - binding parameter (1:BIGINT) <- [841027]
2026-04-23 16:34:38.649 INFO  [58db64d3] c.t.a.logging.MdcLoggingFilter - [HTTP] 요청 완료 - statusCode: 200, latencyMs: 240, requestUri: /api/matching/requests/guide/list, method: GET
2026-04-23 16:34:57.592 DEBUG [dc305e5c] org.hibernate.SQL - 
    select
        gp1_0.id,
        gp1_0.average_rating,
        gp1_0.bio,
        gp1_0.created_at,
        gp1_0.default_course,
        gp1_0.guide_style,
        gp1_0.is_active,
        gp1_0.is_approved,
        gp1_0.keywords,
        gp1_0.language,
        gp1_0.local_story,
        gp1_0.member_id,
        gp1_0.nickname,
        gp1_0.price_per_hour,
        gp1_0.profile_image,
        gp1_0.region,
        gp1_0.residence_years,
        gp1_0.review_count,
        gp1_0.updated_at 
    from
        guide_profiles gp1_0 
    where
        gp1_0.id=?
2026-04-23 16:34:57.600 TRACE [dc305e5c] org.hibernate.orm.jdbc.bind - binding parameter (1:BIGINT) <- [841024]
2026-04-23 16:34:57.669 DEBUG [dc305e5c] org.hibernate.SQL - 
    /* <criteria> */ select
        gf1_0.id,
        gf1_0.content,
        gf1_0.created_at,
        gf1_0.guide_id,
        gf1_0.image_url,
        gf1_0.is_deleted,
        gf1_0.updated_at 
    from
        guide_feeds gf1_0 
    left join
        guide_profiles gp1_0 
            on gp1_0.id=gf1_0.guide_id 
    where
        gp1_0.id=? 
        and not(gf1_0.is_deleted) 
    order by
        gf1_0.created_at desc
2026-04-23 16:34:57.709 TRACE [dc305e5c] org.hibernate.orm.jdbc.bind - binding parameter (1:BIGINT) <- [841024]
2026-04-23 16:34:57.765 DEBUG [dc305e5c] org.hibernate.SQL - 
    /* <criteria> */ select
        gc1_0.id,
        gc1_0.acquired_at,
        gc1_0.created_at,
        gc1_0.description,
        gc1_0.guide_id,
        gc1_0.title,
        gc1_0.updated_at 
    from
        guide_careers gc1_0 
    left join
        guide_profiles gp1_0 
            on gp1_0.id=gc1_0.guide_id 
    where
        gp1_0.id=?
2026-04-23 16:34:57.779 TRACE [dc305e5c] org.hibernate.orm.jdbc.bind - binding parameter (1:BIGINT) <- [841024]
2026-04-23 16:34:57.816 DEBUG [dc305e5c] org.hibernate.SQL - 
    /* <criteria> */ select
        gi1_0.id,
        gi1_0.created_at,
        gi1_0.guide_id,
        gi1_0.image_url,
        gi1_0.is_main,
        gi1_0.sort_order,
        gi1_0.updated_at 
    from
        guide_images gi1_0 
    left join
        guide_profiles gp1_0 
            on gp1_0.id=gi1_0.guide_id 
    where
        gp1_0.id=? 
    order by
        gi1_0.sort_order
2026-04-23 16:34:57.823 TRACE [dc305e5c] org.hibernate.orm.jdbc.bind - binding parameter (1:BIGINT) <- [841024]
2026-04-23 16:34:57.921 INFO  [dc305e5c] c.t.a.logging.MdcLoggingFilter - [HTTP] 요청 완료 - statusCode: 200, latencyMs: 413, requestUri: /api/guides/841024/detail, method: GET
2026-04-23 16:34:58.077 DEBUG [3739335e] org.hibernate.SQL - 
    select
        gp1_0.id,
        gp1_0.average_rating,
        gp1_0.bio,
        gp1_0.created_at,
        gp1_0.default_course,
        gp1_0.guide_style,
        gp1_0.is_active,
        gp1_0.is_approved,
        gp1_0.keywords,
        gp1_0.language,
        gp1_0.local_story,
        gp1_0.member_id,
        gp1_0.nickname,
        gp1_0.price_per_hour,
        gp1_0.profile_image,
        gp1_0.region,
        gp1_0.residence_years,
        gp1_0.review_count,
        gp1_0.updated_at 
    from
        guide_profiles gp1_0 
    where
        gp1_0.id=?
2026-04-23 16:34:58.087 TRACE [3739335e] org.hibernate.orm.jdbc.bind - binding parameter (1:BIGINT) <- [841024]
2026-04-23 16:34:58.115 DEBUG [3739335e] org.hibernate.SQL - 
    /* <criteria> */ select
        gf1_0.id,
        gf1_0.content,
        gf1_0.created_at,
        gf1_0.guide_id,
        gf1_0.image_url,
        gf1_0.is_deleted,
        gf1_0.updated_at 
    from
        guide_feeds gf1_0 
    left join
        guide_profiles gp1_0 
            on gp1_0.id=gf1_0.guide_id 
    where
        gp1_0.id=? 
        and not(gf1_0.is_deleted) 
    order by
        gf1_0.created_at desc
2026-04-23 16:34:58.120 TRACE [3739335e] org.hibernate.orm.jdbc.bind - binding parameter (1:BIGINT) <- [841024]
2026-04-23 16:34:58.143 DEBUG [3739335e] org.hibernate.SQL - 
    /* <criteria> */ select
        gc1_0.id,
        gc1_0.acquired_at,
        gc1_0.created_at,
        gc1_0.description,
        gc1_0.guide_id,
        gc1_0.title,
        gc1_0.updated_at 
    from
        guide_careers gc1_0 
    left join
        guide_profiles gp1_0 
            on gp1_0.id=gc1_0.guide_id 
    where
        gp1_0.id=?
2026-04-23 16:34:58.145 TRACE [3739335e] org.hibernate.orm.jdbc.bind - binding parameter (1:BIGINT) <- [841024]
2026-04-23 16:34:58.171 DEBUG [3739335e] org.hibernate.SQL - 
    /* <criteria> */ select
        gi1_0.id,
        gi1_0.created_at,
        gi1_0.guide_id,
        gi1_0.image_url,
        gi1_0.is_main,
        gi1_0.sort_order,
        gi1_0.updated_at 
    from
        guide_images gi1_0 
    left join
        guide_profiles gp1_0 
            on gp1_0.id=gi1_0.guide_id 
    where
        gp1_0.id=? 
    order by
        gi1_0.sort_order
2026-04-23 16:34:58.179 TRACE [3739335e] org.hibernate.orm.jdbc.bind - binding parameter (1:BIGINT) <- [841024]
2026-04-23 16:34:58.266 INFO  [3739335e] c.t.a.logging.MdcLoggingFilter - [HTTP] 요청 완료 - statusCode: 200, latencyMs: 274, requestUri: /api/guides/841024/detail, method: GET
2026-04-23 16:34:58.277 DEBUG [9b91dad6] org.hibernate.SQL - 
    /* <criteria> */ select
        m1_0.id,
        m1_0.created_at,
        m1_0.email,
        m1_0.name,
        m1_0.nickname,
        m1_0.password,
        m1_0.profile_image_url,
        m1_0.role,
        m1_0.social_type,
        m1_0.status,
        m1_0.updated_at 
    from
        member m1_0 
    where
        m1_0.email=? 
        and m1_0.role=?
2026-04-23 16:34:58.283 TRACE [9b91dad6] org.hibernate.orm.jdbc.bind - binding parameter (1:VARCHAR) <- [guest04@localGuest.com]
2026-04-23 16:34:58.288 TRACE [9b91dad6] org.hibernate.orm.jdbc.bind - binding parameter (2:ENUM) <- [GUEST]
2026-04-23 16:34:58.363 DEBUG [9b91dad6] org.hibernate.SQL - 
    /* <criteria> */ select
        mr1_0.id,
        mr1_0.budget_max_won,
        mr1_0.budget_min_won,
        mr1_0.cancel_reason,
        mr1_0.cancelled_by,
        mr1_0.concept,
        mr1_0.concept_summary,
        mr1_0.created_at,
        mr1_0.desired_budget,
        mr1_0.desired_date,
        mr1_0.destination,
        mr1_0.guest_id,
        mr1_0.guide_id,
        mr1_0.guide_schedule_id,
        mr1_0.propose_message,
        mr1_0.proposed_schedule,
        mr1_0.status,
        mr1_0.updated_at 
    from
        match_request mr1_0 
    where
        mr1_0.guest_id=?
2026-04-23 16:34:58.371 TRACE [9b91dad6] org.hibernate.orm.jdbc.bind - binding parameter (1:BIGINT) <- [941004]
2026-04-23 16:34:58.407 INFO  [9b91dad6] c.t.a.logging.MdcLoggingFilter - [HTTP] 요청 완료 - statusCode: 200, latencyMs: 246, requestUri: /api/matching/requests/guest/list, method: GET
2026-04-23 16:34:58.558 DEBUG [157f826b] org.hibernate.SQL - 
    select
        gp1_0.id,
        gp1_0.average_rating,
        gp1_0.bio,
        gp1_0.created_at,
        gp1_0.default_course,
        gp1_0.guide_style,
        gp1_0.is_active,
        gp1_0.is_approved,
        gp1_0.keywords,
        gp1_0.language,
        gp1_0.local_story,
        gp1_0.member_id,
        gp1_0.nickname,
        gp1_0.price_per_hour,
        gp1_0.profile_image,
        gp1_0.region,
        gp1_0.residence_years,
        gp1_0.review_count,
        gp1_0.updated_at 
    from
        guide_profiles gp1_0 
    where
        gp1_0.id=?
2026-04-23 16:34:58.566 TRACE [157f826b] org.hibernate.orm.jdbc.bind - binding parameter (1:BIGINT) <- [841024]
2026-04-23 16:34:58.598 DEBUG [157f826b] org.hibernate.SQL - 
    /* <criteria> */ select
        gf1_0.id,
        gf1_0.content,
        gf1_0.created_at,
        gf1_0.guide_id,
        gf1_0.image_url,
        gf1_0.is_deleted,
        gf1_0.updated_at 
    from
        guide_feeds gf1_0 
    left join
        guide_profiles gp1_0 
            on gp1_0.id=gf1_0.guide_id 
    where
        gp1_0.id=? 
        and not(gf1_0.is_deleted) 
    order by
        gf1_0.created_at desc
2026-04-23 16:34:58.607 TRACE [157f826b] org.hibernate.orm.jdbc.bind - binding parameter (1:BIGINT) <- [841024]
2026-04-23 16:34:58.627 DEBUG [157f826b] org.hibernate.SQL - 
    /* <criteria> */ select
        gc1_0.id,
        gc1_0.acquired_at,
        gc1_0.created_at,
        gc1_0.description,
        gc1_0.guide_id,
        gc1_0.title,
        gc1_0.updated_at 
    from
        guide_careers gc1_0 
    left join
        guide_profiles gp1_0 
            on gp1_0.id=gc1_0.guide_id 
    where
        gp1_0.id=?
2026-04-23 16:34:58.633 TRACE [157f826b] org.hibernate.orm.jdbc.bind - binding parameter (1:BIGINT) <- [841024]
2026-04-23 16:34:58.634 DEBUG [5db0b1de] org.hibernate.SQL - 
    /* <criteria> */ select
        m1_0.id,
        m1_0.created_at,
        m1_0.email,
        m1_0.name,
        m1_0.nickname,
        m1_0.password,
        m1_0.profile_image_url,
        m1_0.role,
        m1_0.social_type,
        m1_0.status,
        m1_0.updated_at 
    from
        member m1_0 
    where
        m1_0.email=? 
        and m1_0.role=?
2026-04-23 16:34:58.639 TRACE [5db0b1de] org.hibernate.orm.jdbc.bind - binding parameter (1:VARCHAR) <- [guest04@localGuest.com]
2026-04-23 16:34:58.641 TRACE [5db0b1de] org.hibernate.orm.jdbc.bind - binding parameter (2:ENUM) <- [GUEST]
2026-04-23 16:34:58.654 DEBUG [157f826b] org.hibernate.SQL - 
    /* <criteria> */ select
        gi1_0.id,
        gi1_0.created_at,
        gi1_0.guide_id,
        gi1_0.image_url,
        gi1_0.is_main,
        gi1_0.sort_order,
        gi1_0.updated_at 
    from
        guide_images gi1_0 
    left join
        guide_profiles gp1_0 
            on gp1_0.id=gi1_0.guide_id 
    where
        gp1_0.id=? 
    order by
        gi1_0.sort_order
2026-04-23 16:34:58.656 TRACE [157f826b] org.hibernate.orm.jdbc.bind - binding parameter (1:BIGINT) <- [841024]
2026-04-23 16:34:58.666 DEBUG [5db0b1de] org.hibernate.SQL - 
    /* <criteria> */ select
        mr1_0.id,
        mr1_0.budget_max_won,
        mr1_0.budget_min_won,
        mr1_0.cancel_reason,
        mr1_0.cancelled_by,
        mr1_0.concept,
        mr1_0.concept_summary,
        mr1_0.created_at,
        mr1_0.desired_budget,
        mr1_0.desired_date,
        mr1_0.destination,
        mr1_0.guest_id,
        mr1_0.guide_id,
        mr1_0.guide_schedule_id,
        mr1_0.propose_message,
        mr1_0.proposed_schedule,
        mr1_0.status,
        mr1_0.updated_at 
    from
        match_request mr1_0 
    where
        mr1_0.guest_id=?
2026-04-23 16:34:58.671 TRACE [5db0b1de] org.hibernate.orm.jdbc.bind - binding parameter (1:BIGINT) <- [941004]
2026-04-23 16:34:58.709 INFO  [157f826b] c.t.a.logging.MdcLoggingFilter - [HTTP] 요청 완료 - statusCode: 200, latencyMs: 205, requestUri: /api/guides/841024/detail, method: GET
2026-04-23 16:34:58.731 INFO  [5db0b1de] c.t.a.logging.MdcLoggingFilter - [HTTP] 요청 완료 - statusCode: 200, latencyMs: 166, requestUri: /api/matching/requests/guest/list, method: GET
2026-04-23 16:35:00.063 DEBUG [] org.hibernate.SQL - 
    /* <criteria> */ select
        te1_0.id,
        te1_0.created_at,
        te1_0.deadline_at,
        te1_0.extended_date,
        te1_0.extended_price,
        te1_0.guest_id,
        te1_0.guide_approved_at,
        te1_0.match_request_id,
        te1_0.requested_at,
        te1_0.status,
        te1_0.updated_at 
    from
        tour_extension te1_0 
    where
        te1_0.status=? 
        and te1_0.deadline_at<?
2026-04-23 16:35:00.089 TRACE [] org.hibernate.orm.jdbc.bind - binding parameter (1:ENUM) <- [REQUESTED]
2026-04-23 16:35:00.090 TRACE [] org.hibernate.orm.jdbc.bind - binding parameter (2:TIMESTAMP) <- [2026-04-23T16:35:00.033366600]
2026-04-23 16:35:05.420 DEBUG [d8f2373f] org.hibernate.SQL - 
    /* <criteria> */ select
        m1_0.id,
        m1_0.created_at,
        m1_0.email,
        m1_0.name,
        m1_0.nickname,
        m1_0.password,
        m1_0.profile_image_url,
        m1_0.role,
        m1_0.social_type,
        m1_0.status,
        m1_0.updated_at 
    from
        member m1_0 
    where
        m1_0.email=? 
        and m1_0.role=?
2026-04-23 16:35:05.422 TRACE [d8f2373f] org.hibernate.orm.jdbc.bind - binding parameter (1:VARCHAR) <- [guest04@localGuest.com]
2026-04-23 16:35:05.423 TRACE [d8f2373f] org.hibernate.orm.jdbc.bind - binding parameter (2:ENUM) <- [GUEST]
2026-04-23 16:35:05.434 DEBUG [d8f2373f] org.hibernate.SQL - 
    /* <criteria> */ select
        mr1_0.id,
        mr1_0.budget_max_won,
        mr1_0.budget_min_won,
        mr1_0.cancel_reason,
        mr1_0.cancelled_by,
        mr1_0.concept,
        mr1_0.concept_summary,
        mr1_0.created_at,
        mr1_0.desired_budget,
        mr1_0.desired_date,
        mr1_0.destination,
        mr1_0.guest_id,
        mr1_0.guide_id,
        mr1_0.guide_schedule_id,
        mr1_0.propose_message,
        mr1_0.proposed_schedule,
        mr1_0.status,
        mr1_0.updated_at 
    from
        match_request mr1_0 
    where
        mr1_0.guest_id=?
2026-04-23 16:35:05.434 TRACE [d8f2373f] org.hibernate.orm.jdbc.bind - binding parameter (1:BIGINT) <- [941004]
2026-04-23 16:35:05.455 INFO  [d8f2373f] c.t.a.logging.MdcLoggingFilter - [HTTP] 요청 완료 - statusCode: 200, latencyMs: 48, requestUri: /api/matching/requests/guest/list, method: GET
2026-04-23 16:36:00.071 DEBUG [] org.hibernate.SQL - 
    /* <criteria> */ select
        te1_0.id,
        te1_0.created_at,
        te1_0.deadline_at,
        te1_0.extended_date,
        te1_0.extended_price,
        te1_0.guest_id,
        te1_0.guide_approved_at,
        te1_0.match_request_id,
        te1_0.requested_at,
        te1_0.status,
        te1_0.updated_at 
    from
        tour_extension te1_0 
    where
        te1_0.status=? 
        and te1_0.deadline_at<?
2026-04-23 16:36:00.079 TRACE [] org.hibernate.orm.jdbc.bind - binding parameter (1:ENUM) <- [REQUESTED]
2026-04-23 16:36:00.083 TRACE [] org.hibernate.orm.jdbc.bind - binding parameter (2:TIMESTAMP) <- [2026-04-23T16:36:00.046739600]
2026-04-23 16:37:01.133 DEBUG [] org.hibernate.SQL - 
    /* <criteria> */ select
        te1_0.id,
        te1_0.created_at,
        te1_0.deadline_at,
        te1_0.extended_date,
        te1_0.extended_price,
        te1_0.guest_id,
        te1_0.guide_approved_at,
        te1_0.match_request_id,
        te1_0.requested_at,
        te1_0.status,
        te1_0.updated_at 
    from
        tour_extension te1_0 
    where
        te1_0.status=? 
        and te1_0.deadline_at<?
2026-04-23 16:37:01.230 TRACE [] org.hibernate.orm.jdbc.bind - binding parameter (1:ENUM) <- [REQUESTED]
2026-04-23 16:37:01.240 TRACE [] org.hibernate.orm.jdbc.bind - binding parameter (2:TIMESTAMP) <- [2026-04-23T16:37:00.659041100]
2026-04-23 16:38:00.375 DEBUG [] org.hibernate.SQL - 
    /* <criteria> */ select
        te1_0.id,
        te1_0.created_at,
        te1_0.deadline_at,
        te1_0.extended_date,
        te1_0.extended_price,
        te1_0.guest_id,
        te1_0.guide_approved_at,
        te1_0.match_request_id,
        te1_0.requested_at,
        te1_0.status,
        te1_0.updated_at 
    from
        tour_extension te1_0 
    where
        te1_0.status=? 
        and te1_0.deadline_at<?
2026-04-23 16:38:00.398 TRACE [] org.hibernate.orm.jdbc.bind - binding parameter (1:ENUM) <- [REQUESTED]
2026-04-23 16:38:00.405 TRACE [] org.hibernate.orm.jdbc.bind - binding parameter (2:TIMESTAMP) <- [2026-04-23T16:38:00.208466900]
2026-04-23 16:39:00.015 DEBUG [] org.hibernate.SQL - 
    /* <criteria> */ select
        te1_0.id,
        te1_0.created_at,
        te1_0.deadline_at,
        te1_0.extended_date,
        te1_0.extended_price,
        te1_0.guest_id,
        te1_0.guide_approved_at,
        te1_0.match_request_id,
        te1_0.requested_at,
        te1_0.status,
        te1_0.updated_at 
    from
        tour_extension te1_0 
    where
        te1_0.status=? 
        and te1_0.deadline_at<?
2026-04-23 16:39:00.015 TRACE [] org.hibernate.orm.jdbc.bind - binding parameter (1:ENUM) <- [REQUESTED]
2026-04-23 16:39:00.017 TRACE [] org.hibernate.orm.jdbc.bind - binding parameter (2:TIMESTAMP) <- [2026-04-23T16:39:00.012271700]
2026-04-23 16:40:00.023 DEBUG [] org.hibernate.SQL - 
    /* <criteria> */ select
        te1_0.id,
        te1_0.created_at,
        te1_0.deadline_at,
        te1_0.extended_date,
        te1_0.extended_price,
        te1_0.guest_id,
        te1_0.guide_approved_at,
        te1_0.match_request_id,
        te1_0.requested_at,
        te1_0.status,
        te1_0.updated_at 
    from
        tour_extension te1_0 
    where
        te1_0.status=? 
        and te1_0.deadline_at<?
2026-04-23 16:40:00.037 TRACE [] org.hibernate.orm.jdbc.bind - binding parameter (1:ENUM) <- [REQUESTED]
2026-04-23 16:40:00.039 TRACE [] org.hibernate.orm.jdbc.bind - binding parameter (2:TIMESTAMP) <- [2026-04-23T16:40:00.013885400]
2026-04-23 16:41:00.051 DEBUG [] org.hibernate.SQL - 
    /* <criteria> */ select
        te1_0.id,
        te1_0.created_at,
        te1_0.deadline_at,
        te1_0.extended_date,
        te1_0.extended_price,
        te1_0.guest_id,
        te1_0.guide_approved_at,
        te1_0.match_request_id,
        te1_0.requested_at,
        te1_0.status,
        te1_0.updated_at 
    from
        tour_extension te1_0 
    where
        te1_0.status=? 
        and te1_0.deadline_at<?
2026-04-23 16:41:00.057 TRACE [] org.hibernate.orm.jdbc.bind - binding parameter (1:ENUM) <- [REQUESTED]
2026-04-23 16:41:00.060 TRACE [] org.hibernate.orm.jdbc.bind - binding parameter (2:TIMESTAMP) <- [2026-04-23T16:41:00.034925100]
2026-04-23 16:42:00.082 DEBUG [] org.hibernate.SQL - 
    /* <criteria> */ select
        te1_0.id,
        te1_0.created_at,
        te1_0.deadline_at,
        te1_0.extended_date,
        te1_0.extended_price,
        te1_0.guest_id,
        te1_0.guide_approved_at,
        te1_0.match_request_id,
        te1_0.requested_at,
        te1_0.status,
        te1_0.updated_at 
    from
        tour_extension te1_0 
    where
        te1_0.status=? 
        and te1_0.deadline_at<?
2026-04-23 16:42:00.109 TRACE [] org.hibernate.orm.jdbc.bind - binding parameter (1:ENUM) <- [REQUESTED]
2026-04-23 16:42:00.123 TRACE [] org.hibernate.orm.jdbc.bind - binding parameter (2:TIMESTAMP) <- [2026-04-23T16:42:00.049221]
2026-04-23 16:43:00.116 DEBUG [] org.hibernate.SQL - 
    /* <criteria> */ select
        te1_0.id,
        te1_0.created_at,
        te1_0.deadline_at,
        te1_0.extended_date,
        te1_0.extended_price,
        te1_0.guest_id,
        te1_0.guide_approved_at,
        te1_0.match_request_id,
        te1_0.requested_at,
        te1_0.status,
        te1_0.updated_at 
    from
        tour_extension te1_0 
    where
        te1_0.status=? 
        and te1_0.deadline_at<?
2026-04-23 16:43:00.162 TRACE [] org.hibernate.orm.jdbc.bind - binding parameter (1:ENUM) <- [REQUESTED]
2026-04-23 16:43:00.164 TRACE [] org.hibernate.orm.jdbc.bind - binding parameter (2:TIMESTAMP) <- [2026-04-23T16:43:00.056019200]
2026-04-23 16:44:00.313 DEBUG [] org.hibernate.SQL - 
    /* <criteria> */ select
        te1_0.id,
        te1_0.created_at,
        te1_0.deadline_at,
        te1_0.extended_date,
        te1_0.extended_price,
        te1_0.guest_id,
        te1_0.guide_approved_at,
        te1_0.match_request_id,
        te1_0.requested_at,
        te1_0.status,
        te1_0.updated_at 
    from
        tour_extension te1_0 
    where
        te1_0.status=? 
        and te1_0.deadline_at<?
2026-04-23 16:44:00.355 TRACE [] org.hibernate.orm.jdbc.bind - binding parameter (1:ENUM) <- [REQUESTED]
2026-04-23 16:44:00.360 TRACE [] org.hibernate.orm.jdbc.bind - binding parameter (2:TIMESTAMP) <- [2026-04-23T16:44:00.172247400]
2026-04-23 16:45:00.108 DEBUG [] org.hibernate.SQL - 
    /* <criteria> */ select
        te1_0.id,
        te1_0.created_at,
        te1_0.deadline_at,
        te1_0.extended_date,
        te1_0.extended_price,
        te1_0.guest_id,
        te1_0.guide_approved_at,
        te1_0.match_request_id,
        te1_0.requested_at,
        te1_0.status,
        te1_0.updated_at 
    from
        tour_extension te1_0 
    where
        te1_0.status=? 
        and te1_0.deadline_at<?
2026-04-23 16:45:00.135 TRACE [] org.hibernate.orm.jdbc.bind - binding parameter (1:ENUM) <- [REQUESTED]
2026-04-23 16:45:00.138 TRACE [] org.hibernate.orm.jdbc.bind - binding parameter (2:TIMESTAMP) <- [2026-04-23T16:45:00.053301]
2026-04-23 16:45:54.293 DEBUG [6ce99c63] org.hibernate.SQL - 
    select
        gp1_0.id,
        gp1_0.average_rating,
        gp1_0.bio,
        gp1_0.created_at,
        gp1_0.default_course,
        gp1_0.guide_style,
        gp1_0.is_active,
        gp1_0.is_approved,
        gp1_0.keywords,
        gp1_0.language,
        gp1_0.local_story,
        gp1_0.member_id,
        gp1_0.nickname,
        gp1_0.price_per_hour,
        gp1_0.profile_image,
        gp1_0.region,
        gp1_0.residence_years,
        gp1_0.review_count,
        gp1_0.updated_at 
    from
        guide_profiles gp1_0 
    where
        gp1_0.id=?
2026-04-23 16:45:54.356 TRACE [6ce99c63] org.hibernate.orm.jdbc.bind - binding parameter (1:BIGINT) <- [841024]
2026-04-23 16:45:54.984 DEBUG [6ce99c63] org.hibernate.SQL - 
    /* <criteria> */ select
        gf1_0.id,
        gf1_0.content,
        gf1_0.created_at,
        gf1_0.guide_id,
        gf1_0.image_url,
        gf1_0.is_deleted,
        gf1_0.updated_at 
    from
        guide_feeds gf1_0 
    left join
        guide_profiles gp1_0 
            on gp1_0.id=gf1_0.guide_id 
    where
        gp1_0.id=? 
        and not(gf1_0.is_deleted) 
    order by
        gf1_0.created_at desc
2026-04-23 16:45:54.999 TRACE [6ce99c63] org.hibernate.orm.jdbc.bind - binding parameter (1:BIGINT) <- [841024]
2026-04-23 16:45:55.244 DEBUG [6ce99c63] org.hibernate.SQL - 
    /* <criteria> */ select
        gc1_0.id,
        gc1_0.acquired_at,
        gc1_0.created_at,
        gc1_0.description,
        gc1_0.guide_id,
        gc1_0.title,
        gc1_0.updated_at 
    from
        guide_careers gc1_0 
    left join
        guide_profiles gp1_0 
            on gp1_0.id=gc1_0.guide_id 
    where
        gp1_0.id=?
2026-04-23 16:45:55.274 TRACE [6ce99c63] org.hibernate.orm.jdbc.bind - binding parameter (1:BIGINT) <- [841024]
2026-04-23 16:45:55.465 DEBUG [6ce99c63] org.hibernate.SQL - 
    /* <criteria> */ select
        gi1_0.id,
        gi1_0.created_at,
        gi1_0.guide_id,
        gi1_0.image_url,
        gi1_0.is_main,
        gi1_0.sort_order,
        gi1_0.updated_at 
    from
        guide_images gi1_0 
    left join
        guide_profiles gp1_0 
            on gp1_0.id=gi1_0.guide_id 
    where
        gp1_0.id=? 
    order by
        gi1_0.sort_order
2026-04-23 16:45:55.489 TRACE [6ce99c63] org.hibernate.orm.jdbc.bind - binding parameter (1:BIGINT) <- [841024]
2026-04-23 16:45:57.647 DEBUG [77388f11] org.hibernate.SQL - 
    select
        gp1_0.id,
        gp1_0.average_rating,
        gp1_0.bio,
        gp1_0.created_at,
        gp1_0.default_course,
        gp1_0.guide_style,
        gp1_0.is_active,
        gp1_0.is_approved,
        gp1_0.keywords,
        gp1_0.language,
        gp1_0.local_story,
        gp1_0.member_id,
        gp1_0.nickname,
        gp1_0.price_per_hour,
        gp1_0.profile_image,
        gp1_0.region,
        gp1_0.residence_years,
        gp1_0.review_count,
        gp1_0.updated_at 
    from
        guide_profiles gp1_0 
    where
        gp1_0.id=?
2026-04-23 16:45:57.665 TRACE [77388f11] org.hibernate.orm.jdbc.bind - binding parameter (1:BIGINT) <- [841024]
2026-04-23 16:45:57.868 INFO  [6ce99c63] c.t.a.logging.MdcLoggingFilter - [HTTP] 요청 완료 - statusCode: 200, latencyMs: 7723, requestUri: /api/guides/841024/detail, method: GET
2026-04-23 16:45:57.877 DEBUG [77388f11] org.hibernate.SQL - 
    /* <criteria> */ select
        gf1_0.id,
        gf1_0.content,
        gf1_0.created_at,
        gf1_0.guide_id,
        gf1_0.image_url,
        gf1_0.is_deleted,
        gf1_0.updated_at 
    from
        guide_feeds gf1_0 
    left join
        guide_profiles gp1_0 
            on gp1_0.id=gf1_0.guide_id 
    where
        gp1_0.id=? 
        and not(gf1_0.is_deleted) 
    order by
        gf1_0.created_at desc
2026-04-23 16:45:57.895 TRACE [77388f11] org.hibernate.orm.jdbc.bind - binding parameter (1:BIGINT) <- [841024]
2026-04-23 16:45:58.057 DEBUG [77388f11] org.hibernate.SQL - 
    /* <criteria> */ select
        gc1_0.id,
        gc1_0.acquired_at,
        gc1_0.created_at,
        gc1_0.description,
        gc1_0.guide_id,
        gc1_0.title,
        gc1_0.updated_at 
    from
        guide_careers gc1_0 
    left join
        guide_profiles gp1_0 
            on gp1_0.id=gc1_0.guide_id 
    where
        gp1_0.id=?
2026-04-23 16:45:58.059 TRACE [77388f11] org.hibernate.orm.jdbc.bind - binding parameter (1:BIGINT) <- [841024]
2026-04-23 16:45:58.144 DEBUG [77388f11] org.hibernate.SQL - 
    /* <criteria> */ select
        gi1_0.id,
        gi1_0.created_at,
        gi1_0.guide_id,
        gi1_0.image_url,
        gi1_0.is_main,
        gi1_0.sort_order,
        gi1_0.updated_at 
    from
        guide_images gi1_0 
    left join
        guide_profiles gp1_0 
            on gp1_0.id=gi1_0.guide_id 
    where
        gp1_0.id=? 
    order by
        gi1_0.sort_order
2026-04-23 16:45:58.167 TRACE [77388f11] org.hibernate.orm.jdbc.bind - binding parameter (1:BIGINT) <- [841024]
2026-04-23 16:45:58.335 INFO  [77388f11] c.t.a.logging.MdcLoggingFilter - [HTTP] 요청 완료 - statusCode: 200, latencyMs: 1153, requestUri: /api/guides/841024/detail, method: GET
2026-04-23 16:46:00.498 DEBUG [] org.hibernate.SQL - 
    /* <criteria> */ select
        te1_0.id,
        te1_0.created_at,
        te1_0.deadline_at,
        te1_0.extended_date,
        te1_0.extended_price,
        te1_0.guest_id,
        te1_0.guide_approved_at,
        te1_0.match_request_id,
        te1_0.requested_at,
        te1_0.status,
        te1_0.updated_at 
    from
        tour_extension te1_0 
    where
        te1_0.status=? 
        and te1_0.deadline_at<?
2026-04-23 16:46:00.500 TRACE [] org.hibernate.orm.jdbc.bind - binding parameter (1:ENUM) <- [REQUESTED]
2026-04-23 16:46:00.540 TRACE [] org.hibernate.orm.jdbc.bind - binding parameter (2:TIMESTAMP) <- [2026-04-23T16:46:00.293903]
2026-04-23 16:46:00.927 DEBUG [24327e08] org.hibernate.SQL - 
    select
        gp1_0.id,
        gp1_0.average_rating,
        gp1_0.bio,
        gp1_0.created_at,
        gp1_0.default_course,
        gp1_0.guide_style,
        gp1_0.is_active,
        gp1_0.is_approved,
        gp1_0.keywords,
        gp1_0.language,
        gp1_0.local_story,
        gp1_0.member_id,
        gp1_0.nickname,
        gp1_0.price_per_hour,
        gp1_0.profile_image,
        gp1_0.region,
        gp1_0.residence_years,
        gp1_0.review_count,
        gp1_0.updated_at 
    from
        guide_profiles gp1_0 
    where
        gp1_0.id=?
2026-04-23 16:46:01.110 TRACE [24327e08] org.hibernate.orm.jdbc.bind - binding parameter (1:BIGINT) <- [841024]
2026-04-23 16:46:01.247 DEBUG [24327e08] org.hibernate.SQL - 
    /* <criteria> */ select
        gf1_0.id,
        gf1_0.content,
        gf1_0.created_at,
        gf1_0.guide_id,
        gf1_0.image_url,
        gf1_0.is_deleted,
        gf1_0.updated_at 
    from
        guide_feeds gf1_0 
    left join
        guide_profiles gp1_0 
            on gp1_0.id=gf1_0.guide_id 
    where
        gp1_0.id=? 
        and not(gf1_0.is_deleted) 
    order by
        gf1_0.created_at desc
2026-04-23 16:46:01.250 TRACE [24327e08] org.hibernate.orm.jdbc.bind - binding parameter (1:BIGINT) <- [841024]
2026-04-23 16:46:01.311 DEBUG [16fdf618] org.hibernate.SQL - 
    /* <criteria> */ select
        gp1_0.id,
        gp1_0.average_rating,
        gp1_0.bio,
        gp1_0.created_at,
        gp1_0.default_course,
        gp1_0.guide_style,
        gp1_0.is_active,
        gp1_0.is_approved,
        gp1_0.keywords,
        gp1_0.language,
        gp1_0.local_story,
        gp1_0.member_id,
        gp1_0.nickname,
        gp1_0.price_per_hour,
        gp1_0.profile_image,
        gp1_0.region,
        gp1_0.residence_years,
        gp1_0.review_count,
        gp1_0.updated_at 
    from
        guide_profiles gp1_0 
    where
        gp1_0.is_approved 
        and gp1_0.is_active
2026-04-23 16:46:01.448 DEBUG [24327e08] org.hibernate.SQL - 
    /* <criteria> */ select
        gc1_0.id,
        gc1_0.acquired_at,
        gc1_0.created_at,
        gc1_0.description,
        gc1_0.guide_id,
        gc1_0.title,
        gc1_0.updated_at 
    from
        guide_careers gc1_0 
    left join
        guide_profiles gp1_0 
            on gp1_0.id=gc1_0.guide_id 
    where
        gp1_0.id=?
2026-04-23 16:46:01.470 TRACE [24327e08] org.hibernate.orm.jdbc.bind - binding parameter (1:BIGINT) <- [841024]
2026-04-23 16:46:01.628 DEBUG [24327e08] org.hibernate.SQL - 
    /* <criteria> */ select
        gi1_0.id,
        gi1_0.created_at,
        gi1_0.guide_id,
        gi1_0.image_url,
        gi1_0.is_main,
        gi1_0.sort_order,
        gi1_0.updated_at 
    from
        guide_images gi1_0 
    left join
        guide_profiles gp1_0 
            on gp1_0.id=gi1_0.guide_id 
    where
        gp1_0.id=? 
    order by
        gi1_0.sort_order
2026-04-23 16:46:01.662 TRACE [24327e08] org.hibernate.orm.jdbc.bind - binding parameter (1:BIGINT) <- [841024]
2026-04-23 16:46:01.826 INFO  [24327e08] c.t.a.logging.MdcLoggingFilter - [HTTP] 요청 완료 - statusCode: 200, latencyMs: 2944, requestUri: /api/guides/841024/detail, method: GET
2026-04-23 16:46:02.109 DEBUG [41a1bd4e] org.hibernate.SQL - 
    /* <criteria> */ select
        m1_0.id,
        m1_0.created_at,
        m1_0.email,
        m1_0.name,
        m1_0.nickname,
        m1_0.password,
        m1_0.profile_image_url,
        m1_0.role,
        m1_0.social_type,
        m1_0.status,
        m1_0.updated_at 
    from
        member m1_0 
    where
        m1_0.email=? 
        and m1_0.role=?
2026-04-23 16:46:02.125 TRACE [41a1bd4e] org.hibernate.orm.jdbc.bind - binding parameter (1:VARCHAR) <- [guest04@localGuest.com]
2026-04-23 16:46:02.140 TRACE [41a1bd4e] org.hibernate.orm.jdbc.bind - binding parameter (2:ENUM) <- [GUEST]
2026-04-23 16:46:02.162 INFO  [16fdf618] c.t.a.logging.MdcLoggingFilter - [HTTP] 요청 완료 - statusCode: 200, latencyMs: 2225, requestUri: /api/guides, method: GET
2026-04-23 16:46:02.194 DEBUG [33559342] org.hibernate.SQL - 
    /* <criteria> */ select
        gp1_0.id,
        gp1_0.average_rating,
        gp1_0.bio,
        gp1_0.created_at,
        gp1_0.default_course,
        gp1_0.guide_style,
        gp1_0.is_active,
        gp1_0.is_approved,
        gp1_0.keywords,
        gp1_0.language,
        gp1_0.local_story,
        gp1_0.member_id,
        gp1_0.nickname,
        gp1_0.price_per_hour,
        gp1_0.profile_image,
        gp1_0.region,
        gp1_0.residence_years,
        gp1_0.review_count,
        gp1_0.updated_at 
    from
        guide_profiles gp1_0 
    where
        gp1_0.is_approved 
        and gp1_0.is_active
2026-04-23 16:46:02.384 DEBUG [41a1bd4e] org.hibernate.SQL - 
    /* <criteria> */ select
        mr1_0.id,
        mr1_0.budget_max_won,
        mr1_0.budget_min_won,
        mr1_0.cancel_reason,
        mr1_0.cancelled_by,
        mr1_0.concept,
        mr1_0.concept_summary,
        mr1_0.created_at,
        mr1_0.desired_budget,
        mr1_0.desired_date,
        mr1_0.destination,
        mr1_0.guest_id,
        mr1_0.guide_id,
        mr1_0.guide_schedule_id,
        mr1_0.propose_message,
        mr1_0.proposed_schedule,
        mr1_0.status,
        mr1_0.updated_at 
    from
        match_request mr1_0 
    where
        mr1_0.guest_id=?
2026-04-23 16:46:02.409 TRACE [41a1bd4e] org.hibernate.orm.jdbc.bind - binding parameter (1:BIGINT) <- [941004]
2026-04-23 16:46:02.784 INFO  [41a1bd4e] c.t.a.logging.MdcLoggingFilter - [HTTP] 요청 완료 - statusCode: 200, latencyMs: 3533, requestUri: /api/matching/requests/guest/list, method: GET
2026-04-23 16:46:02.912 INFO  [33559342] c.t.a.logging.MdcLoggingFilter - [HTTP] 요청 완료 - statusCode: 200, latencyMs: 780, requestUri: /api/guides, method: GET
2026-04-23 16:46:04.523 DEBUG [e42a4ab2] org.hibernate.SQL - 
    /* <criteria> */ select
        m1_0.id,
        m1_0.created_at,
        m1_0.email,
        m1_0.name,
        m1_0.nickname,
        m1_0.password,
        m1_0.profile_image_url,
        m1_0.role,
        m1_0.social_type,
        m1_0.status,
        m1_0.updated_at 
    from
        member m1_0 
    where
        m1_0.email=? 
        and m1_0.role=?
2026-04-23 16:46:04.568 TRACE [e42a4ab2] org.hibernate.orm.jdbc.bind - binding parameter (1:VARCHAR) <- [guest04@localGuest.com]
2026-04-23 16:46:04.569 TRACE [e42a4ab2] org.hibernate.orm.jdbc.bind - binding parameter (2:ENUM) <- [GUEST]
2026-04-23 16:46:04.611 DEBUG [e42a4ab2] org.hibernate.SQL - 
    /* <criteria> */ select
        mr1_0.id,
        mr1_0.budget_max_won,
        mr1_0.budget_min_won,
        mr1_0.cancel_reason,
        mr1_0.cancelled_by,
        mr1_0.concept,
        mr1_0.concept_summary,
        mr1_0.created_at,
        mr1_0.desired_budget,
        mr1_0.desired_date,
        mr1_0.destination,
        mr1_0.guest_id,
        mr1_0.guide_id,
        mr1_0.guide_schedule_id,
        mr1_0.propose_message,
        mr1_0.proposed_schedule,
        mr1_0.status,
        mr1_0.updated_at 
    from
        match_request mr1_0 
    where
        mr1_0.guest_id=?
2026-04-23 16:46:04.643 TRACE [e42a4ab2] org.hibernate.orm.jdbc.bind - binding parameter (1:BIGINT) <- [941004]
2026-04-23 16:46:04.825 INFO  [e42a4ab2] c.t.a.logging.MdcLoggingFilter - [HTTP] 요청 완료 - statusCode: 200, latencyMs: 1622, requestUri: /api/matching/requests/guest/list, method: GET
2026-04-23 16:47:00.282 DEBUG [] org.hibernate.SQL - 
    /* <criteria> */ select
        te1_0.id,
        te1_0.created_at,
        te1_0.deadline_at,
        te1_0.extended_date,
        te1_0.extended_price,
        te1_0.guest_id,
        te1_0.guide_approved_at,
        te1_0.match_request_id,
        te1_0.requested_at,
        te1_0.status,
        te1_0.updated_at 
    from
        tour_extension te1_0 
    where
        te1_0.status=? 
        and te1_0.deadline_at<?
2026-04-23 16:47:00.364 TRACE [] org.hibernate.orm.jdbc.bind - binding parameter (1:ENUM) <- [REQUESTED]
2026-04-23 16:47:00.465 TRACE [] org.hibernate.orm.jdbc.bind - binding parameter (2:TIMESTAMP) <- [2026-04-23T16:47:00.098553500]
2026-04-23 16:48:00.062 DEBUG [] org.hibernate.SQL - 
    /* <criteria> */ select
        te1_0.id,
        te1_0.created_at,
        te1_0.deadline_at,
        te1_0.extended_date,
        te1_0.extended_price,
        te1_0.guest_id,
        te1_0.guide_approved_at,
        te1_0.match_request_id,
        te1_0.requested_at,
        te1_0.status,
        te1_0.updated_at 
    from
        tour_extension te1_0 
    where
        te1_0.status=? 
        and te1_0.deadline_at<?
2026-04-23 16:48:00.069 TRACE [] org.hibernate.orm.jdbc.bind - binding parameter (1:ENUM) <- [REQUESTED]
2026-04-23 16:48:00.070 TRACE [] org.hibernate.orm.jdbc.bind - binding parameter (2:TIMESTAMP) <- [2026-04-23T16:48:00.037017600]
2026-04-23 16:49:00.146 DEBUG [] org.hibernate.SQL - 
    /* <criteria> */ select
        te1_0.id,
        te1_0.created_at,
        te1_0.deadline_at,
        te1_0.extended_date,
        te1_0.extended_price,
        te1_0.guest_id,
        te1_0.guide_approved_at,
        te1_0.match_request_id,
        te1_0.requested_at,
        te1_0.status,
        te1_0.updated_at 
    from
        tour_extension te1_0 
    where
        te1_0.status=? 
        and te1_0.deadline_at<?
2026-04-23 16:49:00.162 TRACE [] org.hibernate.orm.jdbc.bind - binding parameter (1:ENUM) <- [REQUESTED]
2026-04-23 16:49:00.163 TRACE [] org.hibernate.orm.jdbc.bind - binding parameter (2:TIMESTAMP) <- [2026-04-23T16:49:00.085419600]
2026-04-23 16:50:00.044 DEBUG [] org.hibernate.SQL - 
    /* <criteria> */ select
        te1_0.id,
        te1_0.created_at,
        te1_0.deadline_at,
        te1_0.extended_date,
        te1_0.extended_price,
        te1_0.guest_id,
        te1_0.guide_approved_at,
        te1_0.match_request_id,
        te1_0.requested_at,
        te1_0.status,
        te1_0.updated_at 
    from
        tour_extension te1_0 
    where
        te1_0.status=? 
        and te1_0.deadline_at<?
2026-04-23 16:50:00.056 TRACE [] org.hibernate.orm.jdbc.bind - binding parameter (1:ENUM) <- [REQUESTED]
2026-04-23 16:50:00.058 TRACE [] org.hibernate.orm.jdbc.bind - binding parameter (2:TIMESTAMP) <- [2026-04-23T16:50:00.027328900]
2026-04-23 16:51:00.031 DEBUG [] org.hibernate.SQL - 
    /* <criteria> */ select
        te1_0.id,
        te1_0.created_at,
        te1_0.deadline_at,
        te1_0.extended_date,
        te1_0.extended_price,
        te1_0.guest_id,
        te1_0.guide_approved_at,
        te1_0.match_request_id,
        te1_0.requested_at,
        te1_0.status,
        te1_0.updated_at 
    from
        tour_extension te1_0 
    where
        te1_0.status=? 
        and te1_0.deadline_at<?
2026-04-23 16:51:00.036 TRACE [] org.hibernate.orm.jdbc.bind - binding parameter (1:ENUM) <- [REQUESTED]
2026-04-23 16:51:00.039 TRACE [] org.hibernate.orm.jdbc.bind - binding parameter (2:TIMESTAMP) <- [2026-04-23T16:51:00.020360700]
2026-04-23 16:52:00.027 DEBUG [] org.hibernate.SQL - 
    /* <criteria> */ select
        te1_0.id,
        te1_0.created_at,
        te1_0.deadline_at,
        te1_0.extended_date,
        te1_0.extended_price,
        te1_0.guest_id,
        te1_0.guide_approved_at,
        te1_0.match_request_id,
        te1_0.requested_at,
        te1_0.status,
        te1_0.updated_at 
    from
        tour_extension te1_0 
    where
        te1_0.status=? 
        and te1_0.deadline_at<?
2026-04-23 16:52:00.028 TRACE [] org.hibernate.orm.jdbc.bind - binding parameter (1:ENUM) <- [REQUESTED]
2026-04-23 16:52:00.030 TRACE [] org.hibernate.orm.jdbc.bind - binding parameter (2:TIMESTAMP) <- [2026-04-23T16:52:00.016269200]
2026-04-23 16:53:00.040 DEBUG [] org.hibernate.SQL - 
    /* <criteria> */ select
        te1_0.id,
        te1_0.created_at,
        te1_0.deadline_at,
        te1_0.extended_date,
        te1_0.extended_price,
        te1_0.guest_id,
        te1_0.guide_approved_at,
        te1_0.match_request_id,
        te1_0.requested_at,
        te1_0.status,
        te1_0.updated_at 
    from
        tour_extension te1_0 
    where
        te1_0.status=? 
        and te1_0.deadline_at<?
2026-04-23 16:53:00.042 TRACE [] org.hibernate.orm.jdbc.bind - binding parameter (1:ENUM) <- [REQUESTED]
2026-04-23 16:53:00.048 TRACE [] org.hibernate.orm.jdbc.bind - binding parameter (2:TIMESTAMP) <- [2026-04-23T16:53:00.023443200]
2026-04-23 16:54:00.048 DEBUG [] org.hibernate.SQL - 
    /* <criteria> */ select
        te1_0.id,
        te1_0.created_at,
        te1_0.deadline_at,
        te1_0.extended_date,
        te1_0.extended_price,
        te1_0.guest_id,
        te1_0.guide_approved_at,
        te1_0.match_request_id,
        te1_0.requested_at,
        te1_0.status,
        te1_0.updated_at 
    from
        tour_extension te1_0 
    where
        te1_0.status=? 
        and te1_0.deadline_at<?
2026-04-23 16:54:00.056 TRACE [] org.hibernate.orm.jdbc.bind - binding parameter (1:ENUM) <- [REQUESTED]
2026-04-23 16:54:00.058 TRACE [] org.hibernate.orm.jdbc.bind - binding parameter (2:TIMESTAMP) <- [2026-04-23T16:54:00.021481]
2026-04-23 16:55:00.034 DEBUG [] org.hibernate.SQL - 
    /* <criteria> */ select
        te1_0.id,
        te1_0.created_at,
        te1_0.deadline_at,
        te1_0.extended_date,
        te1_0.extended_price,
        te1_0.guest_id,
        te1_0.guide_approved_at,
        te1_0.match_request_id,
        te1_0.requested_at,
        te1_0.status,
        te1_0.updated_at 
    from
        tour_extension te1_0 
    where
        te1_0.status=? 
        and te1_0.deadline_at<?
2026-04-23 16:55:00.037 TRACE [] org.hibernate.orm.jdbc.bind - binding parameter (1:ENUM) <- [REQUESTED]
2026-04-23 16:55:00.041 TRACE [] org.hibernate.orm.jdbc.bind - binding parameter (2:TIMESTAMP) <- [2026-04-23T16:55:00.024618400]
2026-04-23 16:56:00.011 DEBUG [] org.hibernate.SQL - 
    /* <criteria> */ select
        te1_0.id,
        te1_0.created_at,
        te1_0.deadline_at,
        te1_0.extended_date,
        te1_0.extended_price,
        te1_0.guest_id,
        te1_0.guide_approved_at,
        te1_0.match_request_id,
        te1_0.requested_at,
        te1_0.status,
        te1_0.updated_at 
    from
        tour_extension te1_0 
    where
        te1_0.status=? 
        and te1_0.deadline_at<?
2026-04-23 16:56:00.013 TRACE [] org.hibernate.orm.jdbc.bind - binding parameter (1:ENUM) <- [REQUESTED]
2026-04-23 16:56:00.014 TRACE [] org.hibernate.orm.jdbc.bind - binding parameter (2:TIMESTAMP) <- [2026-04-23T16:56:00.009572600]
2026-04-23 16:57:00.068 DEBUG [] org.hibernate.SQL - 
    /* <criteria> */ select
        te1_0.id,
        te1_0.created_at,
        te1_0.deadline_at,
        te1_0.extended_date,
        te1_0.extended_price,
        te1_0.guest_id,
        te1_0.guide_approved_at,
        te1_0.match_request_id,
        te1_0.requested_at,
        te1_0.status,
        te1_0.updated_at 
    from
        tour_extension te1_0 
    where
        te1_0.status=? 
        and te1_0.deadline_at<?
2026-04-23 16:57:00.077 TRACE [] org.hibernate.orm.jdbc.bind - binding parameter (1:ENUM) <- [REQUESTED]
2026-04-23 16:57:00.080 TRACE [] org.hibernate.orm.jdbc.bind - binding parameter (2:TIMESTAMP) <- [2026-04-23T16:57:00.037454400]
2026-04-23 16:58:00.032 DEBUG [] org.hibernate.SQL - 
    /* <criteria> */ select
        te1_0.id,
        te1_0.created_at,
        te1_0.deadline_at,
        te1_0.extended_date,
        te1_0.extended_price,
        te1_0.guest_id,
        te1_0.guide_approved_at,
        te1_0.match_request_id,
        te1_0.requested_at,
        te1_0.status,
        te1_0.updated_at 
    from
        tour_extension te1_0 
    where
        te1_0.status=? 
        and te1_0.deadline_at<?
2026-04-23 16:58:00.040 TRACE [] org.hibernate.orm.jdbc.bind - binding parameter (1:ENUM) <- [REQUESTED]
2026-04-23 16:58:00.041 TRACE [] org.hibernate.orm.jdbc.bind - binding parameter (2:TIMESTAMP) <- [2026-04-23T16:58:00.019287800]
2026-04-23 16:59:00.239 DEBUG [] org.hibernate.SQL - 
    /* <criteria> */ select
        te1_0.id,
        te1_0.created_at,
        te1_0.deadline_at,
        te1_0.extended_date,
        te1_0.extended_price,
        te1_0.guest_id,
        te1_0.guide_approved_at,
        te1_0.match_request_id,
        te1_0.requested_at,
        te1_0.status,
        te1_0.updated_at 
    from
        tour_extension te1_0 
    where
        te1_0.status=? 
        and te1_0.deadline_at<?
2026-04-23 16:59:00.254 TRACE [] org.hibernate.orm.jdbc.bind - binding parameter (1:ENUM) <- [REQUESTED]
2026-04-23 16:59:00.266 TRACE [] org.hibernate.orm.jdbc.bind - binding parameter (2:TIMESTAMP) <- [2026-04-23T16:59:00.077741]
2026-04-23 17:00:00.034 DEBUG [] org.hibernate.SQL - 
    /* <criteria> */ select
        te1_0.id,
        te1_0.created_at,
        te1_0.deadline_at,
        te1_0.extended_date,
        te1_0.extended_price,
        te1_0.guest_id,
        te1_0.guide_approved_at,
        te1_0.match_request_id,
        te1_0.requested_at,
        te1_0.status,
        te1_0.updated_at 
    from
        tour_extension te1_0 
    where
        te1_0.status=? 
        and te1_0.deadline_at<?
2026-04-23 17:00:00.038 TRACE [] org.hibernate.orm.jdbc.bind - binding parameter (1:ENUM) <- [REQUESTED]
2026-04-23 17:00:00.042 TRACE [] org.hibernate.orm.jdbc.bind - binding parameter (2:TIMESTAMP) <- [2026-04-23T17:00:00.022439300]
2026-04-23 17:01:00.042 DEBUG [] org.hibernate.SQL - 
    /* <criteria> */ select
        te1_0.id,
        te1_0.created_at,
        te1_0.deadline_at,
        te1_0.extended_date,
        te1_0.extended_price,
        te1_0.guest_id,
        te1_0.guide_approved_at,
        te1_0.match_request_id,
        te1_0.requested_at,
        te1_0.status,
        te1_0.updated_at 
    from
        tour_extension te1_0 
    where
        te1_0.status=? 
        and te1_0.deadline_at<?
2026-04-23 17:01:00.047 TRACE [] org.hibernate.orm.jdbc.bind - binding parameter (1:ENUM) <- [REQUESTED]
2026-04-23 17:01:00.048 TRACE [] org.hibernate.orm.jdbc.bind - binding parameter (2:TIMESTAMP) <- [2026-04-23T17:01:00.027824]
2026-04-23 17:01:37.059 INFO  [] o.s.w.s.c.WebSocketMessageBrokerStats - WebSocketSession[0 current WS(0)-HttpStream(0)-HttpPoll(0), 0 total, 0 closed abnormally (0 connect failure, 0 send limit, 0 transport error)], stompSubProtocol[processed CONNECT(0)-CONNECTED(0)-DISCONNECT(0)], stompBrokerRelay[null], inboundChannel[pool size = 0, active threads = 0, queued tasks = 0, completed tasks = 0], outboundChannel[pool size = 0, active threads = 0, queued tasks = 0, completed tasks = 0], sockJsScheduler[pool size = 16, active threads = 1, queued tasks = 2, completed tasks = 185]
2026-04-23 17:02:00.066 DEBUG [] org.hibernate.SQL - 
    /* <criteria> */ select
        te1_0.id,
        te1_0.created_at,
        te1_0.deadline_at,
        te1_0.extended_date,
        te1_0.extended_price,
        te1_0.guest_id,
        te1_0.guide_approved_at,
        te1_0.match_request_id,
        te1_0.requested_at,
        te1_0.status,
        te1_0.updated_at 
    from
        tour_extension te1_0 
    where
        te1_0.status=? 
        and te1_0.deadline_at<?
2026-04-23 17:02:00.076 TRACE [] org.hibernate.orm.jdbc.bind - binding parameter (1:ENUM) <- [REQUESTED]
2026-04-23 17:02:00.078 TRACE [] org.hibernate.orm.jdbc.bind - binding parameter (2:TIMESTAMP) <- [2026-04-23T17:02:00.042878100]
2026-04-23 17:03:00.026 DEBUG [] org.hibernate.SQL - 
    /* <criteria> */ select
        te1_0.id,
        te1_0.created_at,
        te1_0.deadline_at,
        te1_0.extended_date,
        te1_0.extended_price,
        te1_0.guest_id,
        te1_0.guide_approved_at,
        te1_0.match_request_id,
        te1_0.requested_at,
        te1_0.status,
        te1_0.updated_at 
    from
        tour_extension te1_0 
    where
        te1_0.status=? 
        and te1_0.deadline_at<?
2026-04-23 17:03:00.029 TRACE [] org.hibernate.orm.jdbc.bind - binding parameter (1:ENUM) <- [REQUESTED]
2026-04-23 17:03:00.031 TRACE [] org.hibernate.orm.jdbc.bind - binding parameter (2:TIMESTAMP) <- [2026-04-23T17:03:00.018128500]
2026-04-23 17:04:00.043 DEBUG [] org.hibernate.SQL - 
    /* <criteria> */ select
        te1_0.id,
        te1_0.created_at,
        te1_0.deadline_at,
        te1_0.extended_date,
        te1_0.extended_price,
        te1_0.guest_id,
        te1_0.guide_approved_at,
        te1_0.match_request_id,
        te1_0.requested_at,
        te1_0.status,
        te1_0.updated_at 
    from
        tour_extension te1_0 
    where
        te1_0.status=? 
        and te1_0.deadline_at<?
2026-04-23 17:04:00.050 TRACE [] org.hibernate.orm.jdbc.bind - binding parameter (1:ENUM) <- [REQUESTED]
2026-04-23 17:04:00.056 TRACE [] org.hibernate.orm.jdbc.bind - binding parameter (2:TIMESTAMP) <- [2026-04-23T17:04:00.027021500]
2026-04-23 17:05:00.030 DEBUG [] org.hibernate.SQL - 
    /* <criteria> */ select
        te1_0.id,
        te1_0.created_at,
        te1_0.deadline_at,
        te1_0.extended_date,
        te1_0.extended_price,
        te1_0.guest_id,
        te1_0.guide_approved_at,
        te1_0.match_request_id,
        te1_0.requested_at,
        te1_0.status,
        te1_0.updated_at 
    from
        tour_extension te1_0 
    where
        te1_0.status=? 
        and te1_0.deadline_at<?
2026-04-23 17:05:00.036 TRACE [] org.hibernate.orm.jdbc.bind - binding parameter (1:ENUM) <- [REQUESTED]
2026-04-23 17:05:00.046 TRACE [] org.hibernate.orm.jdbc.bind - binding parameter (2:TIMESTAMP) <- [2026-04-23T17:05:00.016756]
2026-04-23 17:06:00.024 DEBUG [] org.hibernate.SQL - 
    /* <criteria> */ select
        te1_0.id,
        te1_0.created_at,
        te1_0.deadline_at,
        te1_0.extended_date,
        te1_0.extended_price,
        te1_0.guest_id,
        te1_0.guide_approved_at,
        te1_0.match_request_id,
        te1_0.requested_at,
        te1_0.status,
        te1_0.updated_at 
    from
        tour_extension te1_0 
    where
        te1_0.status=? 
        and te1_0.deadline_at<?
2026-04-23 17:06:00.030 TRACE [] org.hibernate.orm.jdbc.bind - binding parameter (1:ENUM) <- [REQUESTED]
2026-04-23 17:06:00.035 TRACE [] org.hibernate.orm.jdbc.bind - binding parameter (2:TIMESTAMP) <- [2026-04-23T17:06:00.016145500]
2026-04-23 17:07:00.047 DEBUG [] org.hibernate.SQL - 
    /* <criteria> */ select
        te1_0.id,
        te1_0.created_at,
        te1_0.deadline_at,
        te1_0.extended_date,
        te1_0.extended_price,
        te1_0.guest_id,
        te1_0.guide_approved_at,
        te1_0.match_request_id,
        te1_0.requested_at,
        te1_0.status,
        te1_0.updated_at 
    from
        tour_extension te1_0 
    where
        te1_0.status=? 
        and te1_0.deadline_at<?
2026-04-23 17:07:00.055 TRACE [] org.hibernate.orm.jdbc.bind - binding parameter (1:ENUM) <- [REQUESTED]
2026-04-23 17:07:00.511 TRACE [] org.hibernate.orm.jdbc.bind - binding parameter (2:TIMESTAMP) <- [2026-04-23T17:07:00.033433700]
2026-04-23 17:08:00.072 DEBUG [] org.hibernate.SQL - 
    /* <criteria> */ select
        te1_0.id,
        te1_0.created_at,
        te1_0.deadline_at,
        te1_0.extended_date,
        te1_0.extended_price,
        te1_0.guest_id,
        te1_0.guide_approved_at,
        te1_0.match_request_id,
        te1_0.requested_at,
        te1_0.status,
        te1_0.updated_at 
    from
        tour_extension te1_0 
    where
        te1_0.status=? 
        and te1_0.deadline_at<?
2026-04-23 17:08:00.084 TRACE [] org.hibernate.orm.jdbc.bind - binding parameter (1:ENUM) <- [REQUESTED]
2026-04-23 17:08:00.086 TRACE [] org.hibernate.orm.jdbc.bind - binding parameter (2:TIMESTAMP) <- [2026-04-23T17:08:00.046704700]
