2026-04-22 16:15:29.999 INFO  [] o.h.validator.internal.util.Version - HV000001: Hibernate Validator 8.0.2.Final
2026-04-22 16:15:30.054 INFO  [] c.t.apiserver.ApiServerApplication - Starting ApiServerApplication using Java 17.0.18 with PID 33148 (C:\Users\jangs\IdeaProjects\LocalGuest\backend\api-server\build\classes\java\main started by jangs in C:\Users\jangs\IdeaProjects\LocalGuest)
2026-04-22 16:15:30.054 INFO  [] c.t.apiserver.ApiServerApplication - The following 1 profile is active: "local"
2026-04-22 16:15:31.661 INFO  [] o.s.d.r.c.RepositoryConfigurationDelegate - Multiple Spring Data modules found, entering strict repository configuration mode
2026-04-22 16:15:31.661 INFO  [] o.s.d.r.c.RepositoryConfigurationDelegate - Bootstrapping Spring Data JPA repositories in DEFAULT mode.
2026-04-22 16:15:31.841 INFO  [] o.s.d.r.c.RepositoryConfigurationDelegate - Finished Spring Data repository scanning in 169 ms. Found 13 JPA repository interfaces.
2026-04-22 16:15:31.842 INFO  [] o.s.d.r.c.RepositoryConfigurationDelegate - Multiple Spring Data modules found, entering strict repository configuration mode
2026-04-22 16:15:31.842 INFO  [] o.s.d.r.c.RepositoryConfigurationDelegate - Bootstrapping Spring Data MongoDB repositories in DEFAULT mode.
2026-04-22 16:15:31.848 INFO  [] o.s.d.r.c.RepositoryConfigurationDelegate - Finished Spring Data repository scanning in 4 ms. Found 1 MongoDB repository interface.
2026-04-22 16:15:32.301 INFO  [] o.s.d.r.c.RepositoryConfigurationDelegate - Multiple Spring Data modules found, entering strict repository configuration mode
2026-04-22 16:15:32.302 INFO  [] o.s.d.r.c.RepositoryConfigurationDelegate - Bootstrapping Spring Data Redis repositories in DEFAULT mode.
2026-04-22 16:15:32.314 INFO  [] o.s.d.r.c.RepositoryConfigurationDelegate - Finished Spring Data repository scanning in 5 ms. Found 0 Redis repository interfaces.
2026-04-22 16:15:32.412 WARN  [] o.m.s.mapper.ClassPathMapperScanner - No MyBatis mapper was found in '[com.team6.apiserver]' package. Please check your configuration.
2026-04-22 16:15:33.022 INFO  [] o.s.b.w.e.tomcat.TomcatWebServer - Tomcat initialized with port 8080 (http)
2026-04-22 16:15:33.037 INFO  [] o.a.coyote.http11.Http11NioProtocol - Initializing ProtocolHandler ["http-nio-8080"]
2026-04-22 16:15:33.039 INFO  [] o.a.catalina.core.StandardService - Starting service [Tomcat]
2026-04-22 16:15:33.040 INFO  [] o.a.catalina.core.StandardEngine - Starting Servlet engine: [Apache Tomcat/10.1.40]
2026-04-22 16:15:33.102 INFO  [] o.a.c.c.C.[.[localhost].[/api] - Initializing Spring embedded WebApplicationContext
2026-04-22 16:15:33.103 INFO  [] o.s.b.w.s.c.ServletWebServerApplicationContext - Root WebApplicationContext: initialization completed in 2998 ms
2026-04-22 16:15:33.379 INFO  [] o.h.jpa.internal.util.LogHelper - HHH000204: Processing PersistenceUnitInfo [name: default]
2026-04-22 16:15:33.444 INFO  [] org.hibernate.Version - HHH000412: Hibernate ORM core version 6.6.13.Final
2026-04-22 16:15:33.483 INFO  [] o.h.c.i.RegionFactoryInitiator - HHH000026: Second-level cache disabled
2026-04-22 16:15:33.843 INFO  [] o.s.o.j.p.SpringPersistenceUnitInfo - No LoadTimeWeaver setup: ignoring JPA class transformer
2026-04-22 16:15:33.879 INFO  [] com.zaxxer.hikari.HikariDataSource - HikariPool-1 - Starting...
2026-04-22 16:15:34.105 INFO  [] com.zaxxer.hikari.pool.HikariPool - HikariPool-1 - Added connection com.mysql.cj.jdbc.ConnectionImpl@67062a93
2026-04-22 16:15:34.107 INFO  [] com.zaxxer.hikari.HikariDataSource - HikariPool-1 - Start completed.
2026-04-22 16:15:34.149 WARN  [] org.hibernate.orm.deprecation - HHH90000025: MySQL8Dialect does not need to be specified explicitly using 'hibernate.dialect' (remove the property setting and it will be selected by default)
2026-04-22 16:15:34.150 WARN  [] org.hibernate.orm.deprecation - HHH90000026: MySQL8Dialect has been deprecated; use org.hibernate.dialect.MySQLDialect instead
2026-04-22 16:15:34.168 INFO  [] o.hibernate.orm.connections.pooling - HHH10001005: Database info:
	Database JDBC URL [Connecting through datasource 'HikariDataSource (HikariPool-1)']
	Database driver: undefined/unknown
	Database version: 8.0
	Autocommit mode: undefined/unknown
	Isolation level: undefined/unknown
	Minimum pool size: undefined/unknown
	Maximum pool size: undefined/unknown
2026-04-22 16:15:35.489 INFO  [] o.h.e.t.j.p.i.JtaPlatformInitiator - HHH000489: No JTA platform available (set 'hibernate.transaction.jta.platform' to enable JTA platform integration)
2026-04-22 16:15:35.562 DEBUG [] org.hibernate.SQL - 
    alter table guide_schedules 
       modify column status enum ('AVAILABLE','BLOCKED','BOOKED','PENDING') not null
2026-04-22 16:15:35.576 DEBUG [] org.hibernate.SQL - 
    alter table match_request 
       modify column status enum ('ACCEPTED','CANCELLED','COMPLETED','IN_PROGRESS','PAID','PENDING','REJECTED') not null
2026-04-22 16:15:35.635 DEBUG [] org.hibernate.SQL - 
    alter table member 
       add column profile_image_url varchar(1000)
2026-04-22 16:15:35.653 DEBUG [] org.hibernate.SQL - 
    alter table member 
       modify column role enum ('ADMIN','GUEST','GUIDE') not null
2026-04-22 16:15:35.664 DEBUG [] org.hibernate.SQL - 
    alter table member 
       modify column social_type enum ('GOOGLE','KAKAO')
2026-04-22 16:15:35.673 DEBUG [] org.hibernate.SQL - 
    alter table member 
       modify column status enum ('ACTIVE','WITHDRAWN') not null
2026-04-22 16:15:35.683 DEBUG [] org.hibernate.SQL - 
    alter table payment 
       modify column status enum ('CANCELLED','COMPLETED','FAILED','PENDING','REFUNDED') not null
2026-04-22 16:15:35.734 DEBUG [] org.hibernate.SQL - 
    alter table refund 
       modify column refund_type enum ('AUTO','CANCEL_GUEST','CANCEL_GUIDE','MANUAL') not null
2026-04-22 16:15:35.777 DEBUG [] org.hibernate.SQL - 
    alter table refund 
       modify column status enum ('APPROVED','PENDING','REJECTED') not null
2026-04-22 16:15:35.820 DEBUG [] org.hibernate.SQL - 
    alter table tour_extension 
       modify column status enum ('AUTO_CANCELLED','GUIDE_APPROVED','PAID','REJECTED','REQUESTED') not null
2026-04-22 16:15:35.910 INFO  [] o.s.o.j.LocalContainerEntityManagerFactoryBean - Initialized JPA EntityManagerFactory for persistence unit 'default'
2026-04-22 16:15:37.166 INFO  [] o.s.d.j.r.query.QueryEnhancerFactory - Hibernate is in classpath; If applicable, HQL parser will be used.
2026-04-22 16:15:38.390 INFO  [] org.mongodb.driver.client - MongoClient with metadata {"driver": {"name": "mongo-java-driver|sync|spring-boot", "version": "5.2.1"}, "os": {"type": "Windows", "name": "Windows 11", "architecture": "amd64", "version": "10.0"}, "platform": "Java/Amazon.com Inc./17.0.18+9-LTS"} created with settings MongoClientSettings{readPreference=primary, writeConcern=WriteConcern{w=null, wTimeout=null ms, journal=null}, retryWrites=true, retryReads=true, readConcern=ReadConcern{level=null}, credential=null, transportSettings=null, commandListeners=[io.micrometer.core.instrument.binder.mongodb.MongoMetricsCommandListener@2b81e13c], codecRegistry=ProvidersCodecRegistry{codecProviders=[ValueCodecProvider{}, BsonValueCodecProvider{}, DBRefCodecProvider{}, DBObjectCodecProvider{}, DocumentCodecProvider{}, CollectionCodecProvider{}, IterableCodecProvider{}, MapCodecProvider{}, GeoJsonCodecProvider{}, GridFSFileCodecProvider{}, Jsr310CodecProvider{}, JsonObjectCodecProvider{}, BsonCodecProvider{}, EnumCodecProvider{}, com.mongodb.client.model.mql.ExpressionCodecProvider@21e5812b, com.mongodb.Jep395RecordCodecProvider@1364560f, com.mongodb.KotlinCodecProvider@36aab341]}, loggerSettings=LoggerSettings{maxDocumentLength=1000}, clusterSettings={hosts=[localhost:27017], srvServiceName=mongodb, mode=SINGLE, requiredClusterType=UNKNOWN, requiredReplicaSetName='null', serverSelector='null', clusterListeners='[]', serverSelectionTimeout='30000 ms', localThreshold='15 ms'}, socketSettings=SocketSettings{connectTimeoutMS=10000, readTimeoutMS=0, receiveBufferSize=0, proxySettings=ProxySettings{host=null, port=null, username=null, password=null}}, heartbeatSocketSettings=SocketSettings{connectTimeoutMS=10000, readTimeoutMS=10000, receiveBufferSize=0, proxySettings=ProxySettings{host=null, port=null, username=null, password=null}}, connectionPoolSettings=ConnectionPoolSettings{maxSize=100, minSize=0, maxWaitTimeMS=120000, maxConnectionLifeTimeMS=0, maxConnectionIdleTimeMS=0, maintenanceInitialDelayMS=0, maintenanceFrequencyMS=60000, connectionPoolListeners=[io.micrometer.core.instrument.binder.mongodb.MongoMetricsConnectionPoolListener@7999114c], maxConnecting=2}, serverSettings=ServerSettings{heartbeatFrequencyMS=10000, minHeartbeatFrequencyMS=500, serverMonitoringMode=AUTO, serverListeners='[]', serverMonitorListeners='[]'}, sslSettings=SslSettings{enabled=false, invalidHostNameAllowed=false, context=null}, applicationName='null', compressorList=[], uuidRepresentation=JAVA_LEGACY, serverApi=null, autoEncryptionSettings=null, dnsClient=null, inetAddressResolver=null, contextProvider=null, timeoutMS=null}
2026-04-22 16:15:38.400 INFO  [] org.mongodb.driver.cluster - Monitor thread successfully connected to server with description ServerDescription{address=localhost:27017, type=STANDALONE, cryptd=false, state=CONNECTED, ok=true, minWireVersion=0, maxWireVersion=27, maxDocumentSize=16777216, logicalSessionTimeoutMinutes=30, roundTripTimeNanos=23150099, minRoundTripTimeNanos=0}
2026-04-22 16:15:38.892 WARN  [] o.s.b.a.o.j.JpaBaseConfiguration$JpaWebConfiguration - spring.jpa.open-in-view is enabled by default. Therefore, database queries may be performed during view rendering. Explicitly configure spring.jpa.open-in-view to disable this warning
2026-04-22 16:15:39.408 INFO  [] o.s.b.a.e.web.EndpointLinksResolver - Exposing 14 endpoints beneath base path '/actuator'
2026-04-22 16:15:39.572 WARN  [] o.s.s.c.a.web.builders.WebSecurity - You are asking Spring Security to ignore Deferred [Mvc [pattern='/actuator/**'], Ant [pattern='/actuator/**']]. This is not recommended -- please use permitAll via HttpSecurity#authorizeHttpRequests instead.
2026-04-22 16:15:39.572 WARN  [] o.s.s.c.a.web.builders.WebSecurity - You are asking Spring Security to ignore Deferred [Mvc [pattern='/api/actuator/**'], Ant [pattern='/api/actuator/**']]. This is not recommended -- please use permitAll via HttpSecurity#authorizeHttpRequests instead.
2026-04-22 16:15:39.572 WARN  [] o.s.s.c.a.web.builders.WebSecurity - You are asking Spring Security to ignore Deferred [Mvc [pattern='/v3/api-docs/**'], Ant [pattern='/v3/api-docs/**']]. This is not recommended -- please use permitAll via HttpSecurity#authorizeHttpRequests instead.
2026-04-22 16:15:39.573 WARN  [] o.s.s.c.a.web.builders.WebSecurity - You are asking Spring Security to ignore Deferred [Mvc [pattern='/swagger-ui/**'], Ant [pattern='/swagger-ui/**']]. This is not recommended -- please use permitAll via HttpSecurity#authorizeHttpRequests instead.
2026-04-22 16:15:39.573 WARN  [] o.s.s.c.a.web.builders.WebSecurity - You are asking Spring Security to ignore Deferred [Mvc [pattern='/api/v3/api-docs/**'], Ant [pattern='/api/v3/api-docs/**']]. This is not recommended -- please use permitAll via HttpSecurity#authorizeHttpRequests instead.
2026-04-22 16:15:39.573 WARN  [] o.s.s.c.a.web.builders.WebSecurity - You are asking Spring Security to ignore Deferred [Mvc [pattern='/api/swagger-ui/**'], Ant [pattern='/api/swagger-ui/**']]. This is not recommended -- please use permitAll via HttpSecurity#authorizeHttpRequests instead.
2026-04-22 16:15:40.240 INFO  [] o.s.m.s.b.SimpleBrokerMessageHandler - Starting...
2026-04-22 16:15:40.240 INFO  [] o.s.m.s.b.SimpleBrokerMessageHandler - BrokerAvailabilityEvent[available=true, SimpleBrokerMessageHandler [org.springframework.messaging.simp.broker.DefaultSubscriptionRegistry@57514114]]
2026-04-22 16:15:40.240 INFO  [] o.s.m.s.b.SimpleBrokerMessageHandler - Started.
2026-04-22 16:15:40.240 INFO  [] o.a.coyote.http11.Http11NioProtocol - Starting ProtocolHandler ["http-nio-8080"]
2026-04-22 16:15:40.259 INFO  [] o.s.b.w.e.tomcat.TomcatWebServer - Tomcat started on port 8080 (http) with context path '/api'
2026-04-22 16:15:40.702 INFO  [] c.t.apiserver.ApiServerApplication - Started ApiServerApplication in 11.243 seconds (process running for 13.669)
2026-04-22 16:15:59.437 INFO  [] o.s.b.w.e.tomcat.GracefulShutdown - Commencing graceful shutdown. Waiting for active requests to complete
2026-04-22 16:15:59.594 INFO  [] o.s.b.w.e.tomcat.GracefulShutdown - Graceful shutdown complete
2026-04-22 16:15:59.721 INFO  [] o.s.m.s.b.SimpleBrokerMessageHandler - Stopping...
2026-04-22 16:15:59.721 INFO  [] o.s.m.s.b.SimpleBrokerMessageHandler - BrokerAvailabilityEvent[available=false, SimpleBrokerMessageHandler [org.springframework.messaging.simp.broker.DefaultSubscriptionRegistry@57514114]]
2026-04-22 16:15:59.721 INFO  [] o.s.m.s.b.SimpleBrokerMessageHandler - Stopped.
2026-04-22 16:15:59.735 INFO  [] o.s.o.j.LocalContainerEntityManagerFactoryBean - Closing JPA EntityManagerFactory for persistence unit 'default'
2026-04-22 16:15:59.736 INFO  [] com.zaxxer.hikari.HikariDataSource - HikariPool-1 - Shutdown initiated...
2026-04-22 16:15:59.741 INFO  [] com.zaxxer.hikari.HikariDataSource - HikariPool-1 - Shutdown completed.
2026-04-22 16:16:04.903 INFO  [] o.h.validator.internal.util.Version - HV000001: Hibernate Validator 8.0.2.Final
2026-04-22 16:16:04.969 INFO  [] c.t.apiserver.ApiServerApplication - Starting ApiServerApplication using Java 17.0.18 with PID 11316 (C:\Users\jangs\IdeaProjects\LocalGuest\backend\api-server\build\classes\java\main started by jangs in C:\Users\jangs\IdeaProjects\LocalGuest)
2026-04-22 16:16:04.969 INFO  [] c.t.apiserver.ApiServerApplication - The following 1 profile is active: "local"
2026-04-22 16:16:05.974 INFO  [] o.s.d.r.c.RepositoryConfigurationDelegate - Multiple Spring Data modules found, entering strict repository configuration mode
2026-04-22 16:16:05.974 INFO  [] o.s.d.r.c.RepositoryConfigurationDelegate - Bootstrapping Spring Data JPA repositories in DEFAULT mode.
2026-04-22 16:16:06.157 INFO  [] o.s.d.r.c.RepositoryConfigurationDelegate - Finished Spring Data repository scanning in 175 ms. Found 13 JPA repository interfaces.
2026-04-22 16:16:06.159 INFO  [] o.s.d.r.c.RepositoryConfigurationDelegate - Multiple Spring Data modules found, entering strict repository configuration mode
2026-04-22 16:16:06.160 INFO  [] o.s.d.r.c.RepositoryConfigurationDelegate - Bootstrapping Spring Data MongoDB repositories in DEFAULT mode.
2026-04-22 16:16:06.166 INFO  [] o.s.d.r.c.RepositoryConfigurationDelegate - Finished Spring Data repository scanning in 5 ms. Found 1 MongoDB repository interface.
2026-04-22 16:16:06.624 INFO  [] o.s.d.r.c.RepositoryConfigurationDelegate - Multiple Spring Data modules found, entering strict repository configuration mode
2026-04-22 16:16:06.625 INFO  [] o.s.d.r.c.RepositoryConfigurationDelegate - Bootstrapping Spring Data Redis repositories in DEFAULT mode.
2026-04-22 16:16:06.638 INFO  [] o.s.d.r.c.RepositoryConfigurationDelegate - Finished Spring Data repository scanning in 6 ms. Found 0 Redis repository interfaces.
2026-04-22 16:16:06.742 WARN  [] o.m.s.mapper.ClassPathMapperScanner - No MyBatis mapper was found in '[com.team6.apiserver]' package. Please check your configuration.
2026-04-22 16:16:07.471 INFO  [] o.s.b.w.e.tomcat.TomcatWebServer - Tomcat initialized with port 8080 (http)
2026-04-22 16:16:07.484 INFO  [] o.a.coyote.http11.Http11NioProtocol - Initializing ProtocolHandler ["http-nio-8080"]
2026-04-22 16:16:07.486 INFO  [] o.a.catalina.core.StandardService - Starting service [Tomcat]
2026-04-22 16:16:07.487 INFO  [] o.a.catalina.core.StandardEngine - Starting Servlet engine: [Apache Tomcat/10.1.40]
2026-04-22 16:16:07.559 INFO  [] o.a.c.c.C.[.[localhost].[/api] - Initializing Spring embedded WebApplicationContext
2026-04-22 16:16:07.559 INFO  [] o.s.b.w.s.c.ServletWebServerApplicationContext - Root WebApplicationContext: initialization completed in 2536 ms
2026-04-22 16:16:07.865 INFO  [] o.h.jpa.internal.util.LogHelper - HHH000204: Processing PersistenceUnitInfo [name: default]
2026-04-22 16:16:07.937 INFO  [] org.hibernate.Version - HHH000412: Hibernate ORM core version 6.6.13.Final
2026-04-22 16:16:07.982 INFO  [] o.h.c.i.RegionFactoryInitiator - HHH000026: Second-level cache disabled
2026-04-22 16:16:08.343 INFO  [] o.s.o.j.p.SpringPersistenceUnitInfo - No LoadTimeWeaver setup: ignoring JPA class transformer
2026-04-22 16:16:08.382 INFO  [] com.zaxxer.hikari.HikariDataSource - HikariPool-1 - Starting...
2026-04-22 16:16:08.625 INFO  [] com.zaxxer.hikari.pool.HikariPool - HikariPool-1 - Added connection com.mysql.cj.jdbc.ConnectionImpl@5466a819
2026-04-22 16:16:08.628 INFO  [] com.zaxxer.hikari.HikariDataSource - HikariPool-1 - Start completed.
2026-04-22 16:16:08.671 WARN  [] org.hibernate.orm.deprecation - HHH90000025: MySQL8Dialect does not need to be specified explicitly using 'hibernate.dialect' (remove the property setting and it will be selected by default)
2026-04-22 16:16:08.672 WARN  [] org.hibernate.orm.deprecation - HHH90000026: MySQL8Dialect has been deprecated; use org.hibernate.dialect.MySQLDialect instead
2026-04-22 16:16:08.691 INFO  [] o.hibernate.orm.connections.pooling - HHH10001005: Database info:
	Database JDBC URL [Connecting through datasource 'HikariDataSource (HikariPool-1)']
	Database driver: undefined/unknown
	Database version: 8.0
	Autocommit mode: undefined/unknown
	Isolation level: undefined/unknown
	Minimum pool size: undefined/unknown
	Maximum pool size: undefined/unknown
2026-04-22 16:16:09.962 INFO  [] o.h.e.t.j.p.i.JtaPlatformInitiator - HHH000489: No JTA platform available (set 'hibernate.transaction.jta.platform' to enable JTA platform integration)
2026-04-22 16:16:10.018 DEBUG [] org.hibernate.SQL - 
    alter table guide_schedules 
       modify column status enum ('AVAILABLE','BLOCKED','BOOKED','PENDING') not null
2026-04-22 16:16:10.027 DEBUG [] org.hibernate.SQL - 
    alter table match_request 
       modify column status enum ('ACCEPTED','CANCELLED','COMPLETED','IN_PROGRESS','PAID','PENDING','REJECTED') not null
2026-04-22 16:16:10.086 DEBUG [] org.hibernate.SQL - 
    alter table member 
       modify column role enum ('ADMIN','GUEST','GUIDE') not null
2026-04-22 16:16:10.096 DEBUG [] org.hibernate.SQL - 
    alter table member 
       modify column social_type enum ('GOOGLE','KAKAO')
2026-04-22 16:16:10.103 DEBUG [] org.hibernate.SQL - 
    alter table member 
       modify column status enum ('ACTIVE','WITHDRAWN') not null
2026-04-22 16:16:10.110 DEBUG [] org.hibernate.SQL - 
    alter table payment 
       modify column status enum ('CANCELLED','COMPLETED','FAILED','PENDING','REFUNDED') not null
2026-04-22 16:16:10.151 DEBUG [] org.hibernate.SQL - 
    alter table refund 
       modify column refund_type enum ('AUTO','CANCEL_GUEST','CANCEL_GUIDE','MANUAL') not null
2026-04-22 16:16:10.183 DEBUG [] org.hibernate.SQL - 
    alter table refund 
       modify column status enum ('APPROVED','PENDING','REJECTED') not null
2026-04-22 16:16:10.219 DEBUG [] org.hibernate.SQL - 
    alter table tour_extension 
       modify column status enum ('AUTO_CANCELLED','GUIDE_APPROVED','PAID','REJECTED','REQUESTED') not null
2026-04-22 16:16:10.304 INFO  [] o.s.o.j.LocalContainerEntityManagerFactoryBean - Initialized JPA EntityManagerFactory for persistence unit 'default'
2026-04-22 16:16:11.581 INFO  [] o.s.d.j.r.query.QueryEnhancerFactory - Hibernate is in classpath; If applicable, HQL parser will be used.
2026-04-22 16:16:12.816 INFO  [] org.mongodb.driver.client - MongoClient with metadata {"driver": {"name": "mongo-java-driver|sync|spring-boot", "version": "5.2.1"}, "os": {"type": "Windows", "name": "Windows 11", "architecture": "amd64", "version": "10.0"}, "platform": "Java/Amazon.com Inc./17.0.18+9-LTS"} created with settings MongoClientSettings{readPreference=primary, writeConcern=WriteConcern{w=null, wTimeout=null ms, journal=null}, retryWrites=true, retryReads=true, readConcern=ReadConcern{level=null}, credential=null, transportSettings=null, commandListeners=[io.micrometer.core.instrument.binder.mongodb.MongoMetricsCommandListener@176950f3], codecRegistry=ProvidersCodecRegistry{codecProviders=[ValueCodecProvider{}, BsonValueCodecProvider{}, DBRefCodecProvider{}, DBObjectCodecProvider{}, DocumentCodecProvider{}, CollectionCodecProvider{}, IterableCodecProvider{}, MapCodecProvider{}, GeoJsonCodecProvider{}, GridFSFileCodecProvider{}, Jsr310CodecProvider{}, JsonObjectCodecProvider{}, BsonCodecProvider{}, EnumCodecProvider{}, com.mongodb.client.model.mql.ExpressionCodecProvider@228605e1, com.mongodb.Jep395RecordCodecProvider@7f93f7fd, com.mongodb.KotlinCodecProvider@250cf6a4]}, loggerSettings=LoggerSettings{maxDocumentLength=1000}, clusterSettings={hosts=[localhost:27017], srvServiceName=mongodb, mode=SINGLE, requiredClusterType=UNKNOWN, requiredReplicaSetName='null', serverSelector='null', clusterListeners='[]', serverSelectionTimeout='30000 ms', localThreshold='15 ms'}, socketSettings=SocketSettings{connectTimeoutMS=10000, readTimeoutMS=0, receiveBufferSize=0, proxySettings=ProxySettings{host=null, port=null, username=null, password=null}}, heartbeatSocketSettings=SocketSettings{connectTimeoutMS=10000, readTimeoutMS=10000, receiveBufferSize=0, proxySettings=ProxySettings{host=null, port=null, username=null, password=null}}, connectionPoolSettings=ConnectionPoolSettings{maxSize=100, minSize=0, maxWaitTimeMS=120000, maxConnectionLifeTimeMS=0, maxConnectionIdleTimeMS=0, maintenanceInitialDelayMS=0, maintenanceFrequencyMS=60000, connectionPoolListeners=[io.micrometer.core.instrument.binder.mongodb.MongoMetricsConnectionPoolListener@28449652], maxConnecting=2}, serverSettings=ServerSettings{heartbeatFrequencyMS=10000, minHeartbeatFrequencyMS=500, serverMonitoringMode=AUTO, serverListeners='[]', serverMonitorListeners='[]'}, sslSettings=SslSettings{enabled=false, invalidHostNameAllowed=false, context=null}, applicationName='null', compressorList=[], uuidRepresentation=JAVA_LEGACY, serverApi=null, autoEncryptionSettings=null, dnsClient=null, inetAddressResolver=null, contextProvider=null, timeoutMS=null}
2026-04-22 16:16:12.826 INFO  [] org.mongodb.driver.cluster - Monitor thread successfully connected to server with description ServerDescription{address=localhost:27017, type=STANDALONE, cryptd=false, state=CONNECTED, ok=true, minWireVersion=0, maxWireVersion=27, maxDocumentSize=16777216, logicalSessionTimeoutMinutes=30, roundTripTimeNanos=28300000, minRoundTripTimeNanos=0}
2026-04-22 16:16:13.352 WARN  [] o.s.b.a.o.j.JpaBaseConfiguration$JpaWebConfiguration - spring.jpa.open-in-view is enabled by default. Therefore, database queries may be performed during view rendering. Explicitly configure spring.jpa.open-in-view to disable this warning
2026-04-22 16:16:13.814 INFO  [] o.s.b.a.e.web.EndpointLinksResolver - Exposing 14 endpoints beneath base path '/actuator'
2026-04-22 16:16:13.962 WARN  [] o.s.s.c.a.web.builders.WebSecurity - You are asking Spring Security to ignore Deferred [Mvc [pattern='/actuator/**'], Ant [pattern='/actuator/**']]. This is not recommended -- please use permitAll via HttpSecurity#authorizeHttpRequests instead.
2026-04-22 16:16:13.963 WARN  [] o.s.s.c.a.web.builders.WebSecurity - You are asking Spring Security to ignore Deferred [Mvc [pattern='/api/actuator/**'], Ant [pattern='/api/actuator/**']]. This is not recommended -- please use permitAll via HttpSecurity#authorizeHttpRequests instead.
2026-04-22 16:16:13.963 WARN  [] o.s.s.c.a.web.builders.WebSecurity - You are asking Spring Security to ignore Deferred [Mvc [pattern='/v3/api-docs/**'], Ant [pattern='/v3/api-docs/**']]. This is not recommended -- please use permitAll via HttpSecurity#authorizeHttpRequests instead.
2026-04-22 16:16:13.963 WARN  [] o.s.s.c.a.web.builders.WebSecurity - You are asking Spring Security to ignore Deferred [Mvc [pattern='/swagger-ui/**'], Ant [pattern='/swagger-ui/**']]. This is not recommended -- please use permitAll via HttpSecurity#authorizeHttpRequests instead.
2026-04-22 16:16:13.963 WARN  [] o.s.s.c.a.web.builders.WebSecurity - You are asking Spring Security to ignore Deferred [Mvc [pattern='/api/v3/api-docs/**'], Ant [pattern='/api/v3/api-docs/**']]. This is not recommended -- please use permitAll via HttpSecurity#authorizeHttpRequests instead.
2026-04-22 16:16:13.964 WARN  [] o.s.s.c.a.web.builders.WebSecurity - You are asking Spring Security to ignore Deferred [Mvc [pattern='/api/swagger-ui/**'], Ant [pattern='/api/swagger-ui/**']]. This is not recommended -- please use permitAll via HttpSecurity#authorizeHttpRequests instead.
2026-04-22 16:16:14.623 INFO  [] o.s.m.s.b.SimpleBrokerMessageHandler - Starting...
2026-04-22 16:16:14.623 INFO  [] o.s.m.s.b.SimpleBrokerMessageHandler - BrokerAvailabilityEvent[available=true, SimpleBrokerMessageHandler [org.springframework.messaging.simp.broker.DefaultSubscriptionRegistry@16a1057e]]
2026-04-22 16:16:14.623 INFO  [] o.s.m.s.b.SimpleBrokerMessageHandler - Started.
2026-04-22 16:16:14.623 INFO  [] o.a.coyote.http11.Http11NioProtocol - Starting ProtocolHandler ["http-nio-8080"]
2026-04-22 16:16:14.644 INFO  [] o.s.b.w.e.tomcat.TomcatWebServer - Tomcat started on port 8080 (http) with context path '/api'
2026-04-22 16:16:15.083 INFO  [] c.t.apiserver.ApiServerApplication - Started ApiServerApplication in 10.747 seconds (process running for 11.268)
2026-04-22 16:16:15.263 INFO  [] o.a.c.c.C.[.[localhost].[/api] - Initializing Spring DispatcherServlet 'dispatcherServlet'
2026-04-22 16:16:15.263 INFO  [] o.s.web.servlet.DispatcherServlet - Initializing Servlet 'dispatcherServlet'
2026-04-22 16:16:15.265 INFO  [] o.s.web.servlet.DispatcherServlet - Completed initialization in 2 ms
2026-04-22 16:17:00.185 DEBUG [] org.hibernate.SQL - 
    /* <criteria> */ select
        te1_0.id,
        te1_0.created_at,
        te1_0.deadline_at,
        te1_0.extended_date,
        te1_0.extended_price,
        te1_0.guest_id,
        te1_0.guide_approved_at,
        te1_0.match_request_id,
        te1_0.requested_at,
        te1_0.status,
        te1_0.updated_at 
    from
        tour_extension te1_0 
    where
        te1_0.status=? 
        and te1_0.deadline_at<?
2026-04-22 16:17:00.187 TRACE [] org.hibernate.orm.jdbc.bind - binding parameter (1:ENUM) <- [REQUESTED]
2026-04-22 16:17:00.187 TRACE [] org.hibernate.orm.jdbc.bind - binding parameter (2:TIMESTAMP) <- [2026-04-22T16:17:00.038964500]
2026-04-22 16:17:00.292 DEBUG [1002544d] org.hibernate.SQL - 
    /* <criteria> */ select
        gp1_0.id,
        gp1_0.average_rating,
        gp1_0.bio,
        gp1_0.created_at,
        gp1_0.default_course,
        gp1_0.guide_style,
        gp1_0.is_active,
        gp1_0.is_approved,
        gp1_0.keywords,
        gp1_0.language,
        gp1_0.local_story,
        gp1_0.member_id,
        gp1_0.nickname,
        gp1_0.price_per_hour,
        gp1_0.profile_image,
        gp1_0.region,
        gp1_0.residence_years,
        gp1_0.review_count,
        gp1_0.updated_at 
    from
        guide_profiles gp1_0 
    where
        gp1_0.is_approved 
        and gp1_0.is_active
2026-04-22 16:17:00.353 INFO  [1002544d] c.t.a.logging.MdcLoggingFilter - [HTTP] 요청 완료 - statusCode: 200, latencyMs: 113, requestUri: /api/guides, method: GET
2026-04-22 16:17:00.361 DEBUG [c2a5dc4a] org.hibernate.SQL - 
    /* <criteria> */ select
        gp1_0.id,
        gp1_0.average_rating,
        gp1_0.bio,
        gp1_0.created_at,
        gp1_0.default_course,
        gp1_0.guide_style,
        gp1_0.is_active,
        gp1_0.is_approved,
        gp1_0.keywords,
        gp1_0.language,
        gp1_0.local_story,
        gp1_0.member_id,
        gp1_0.nickname,
        gp1_0.price_per_hour,
        gp1_0.profile_image,
        gp1_0.region,
        gp1_0.residence_years,
        gp1_0.review_count,
        gp1_0.updated_at 
    from
        guide_profiles gp1_0 
    where
        gp1_0.is_approved 
        and gp1_0.is_active
2026-04-22 16:17:00.369 INFO  [c2a5dc4a] c.t.a.logging.MdcLoggingFilter - [HTTP] 요청 완료 - statusCode: 200, latencyMs: 13, requestUri: /api/guides, method: GET
2026-04-22 16:17:14.599 INFO  [] o.s.w.s.c.WebSocketMessageBrokerStats - WebSocketSession[0 current WS(0)-HttpStream(0)-HttpPoll(0), 0 total, 0 closed abnormally (0 connect failure, 0 send limit, 0 transport error)], stompSubProtocol[processed CONNECT(0)-CONNECTED(0)-DISCONNECT(0)], stompBrokerRelay[null], inboundChannel[pool size = 0, active threads = 0, queued tasks = 0, completed tasks = 0], outboundChannel[pool size = 0, active threads = 0, queued tasks = 0, completed tasks = 0], sockJsScheduler[pool size = 5, active threads = 1, queued tasks = 2, completed tasks = 2]
2026-04-22 16:17:38.753 INFO  [] o.s.b.w.e.tomcat.GracefulShutdown - Commencing graceful shutdown. Waiting for active requests to complete
2026-04-22 16:17:38.915 INFO  [] o.s.b.w.e.tomcat.GracefulShutdown - Graceful shutdown complete
2026-04-22 16:17:39.042 INFO  [] o.s.m.s.b.SimpleBrokerMessageHandler - Stopping...
2026-04-22 16:17:39.043 INFO  [] o.s.m.s.b.SimpleBrokerMessageHandler - BrokerAvailabilityEvent[available=false, SimpleBrokerMessageHandler [org.springframework.messaging.simp.broker.DefaultSubscriptionRegistry@16a1057e]]
2026-04-22 16:17:39.043 INFO  [] o.s.m.s.b.SimpleBrokerMessageHandler - Stopped.
2026-04-22 16:17:39.062 INFO  [] o.s.o.j.LocalContainerEntityManagerFactoryBean - Closing JPA EntityManagerFactory for persistence unit 'default'
2026-04-22 16:17:39.063 INFO  [] com.zaxxer.hikari.HikariDataSource - HikariPool-1 - Shutdown initiated...
2026-04-22 16:17:39.070 INFO  [] com.zaxxer.hikari.HikariDataSource - HikariPool-1 - Shutdown completed.
2026-04-22 17:07:22.025 INFO  [] o.h.validator.internal.util.Version - HV000001: Hibernate Validator 8.0.2.Final
2026-04-22 17:07:22.101 INFO  [] c.t.apiserver.ApiServerApplication - Starting ApiServerApplication using Java 17.0.18 with PID 11244 (C:\Users\jangs\IdeaProjects\LocalGuest\backend\api-server\build\classes\java\main started by jangs in C:\Users\jangs\IdeaProjects\LocalGuest)
2026-04-22 17:07:22.101 INFO  [] c.t.apiserver.ApiServerApplication - The following 1 profile is active: "local"
2026-04-22 17:07:23.387 INFO  [] o.s.d.r.c.RepositoryConfigurationDelegate - Multiple Spring Data modules found, entering strict repository configuration mode
2026-04-22 17:07:23.388 INFO  [] o.s.d.r.c.RepositoryConfigurationDelegate - Bootstrapping Spring Data JPA repositories in DEFAULT mode.
2026-04-22 17:07:23.624 INFO  [] o.s.d.r.c.RepositoryConfigurationDelegate - Finished Spring Data repository scanning in 224 ms. Found 13 JPA repository interfaces.
2026-04-22 17:07:23.625 INFO  [] o.s.d.r.c.RepositoryConfigurationDelegate - Multiple Spring Data modules found, entering strict repository configuration mode
2026-04-22 17:07:23.625 INFO  [] o.s.d.r.c.RepositoryConfigurationDelegate - Bootstrapping Spring Data MongoDB repositories in DEFAULT mode.
2026-04-22 17:07:23.636 INFO  [] o.s.d.r.c.RepositoryConfigurationDelegate - Finished Spring Data repository scanning in 8 ms. Found 1 MongoDB repository interface.
2026-04-22 17:07:24.381 INFO  [] o.s.d.r.c.RepositoryConfigurationDelegate - Multiple Spring Data modules found, entering strict repository configuration mode
2026-04-22 17:07:24.384 INFO  [] o.s.d.r.c.RepositoryConfigurationDelegate - Bootstrapping Spring Data Redis repositories in DEFAULT mode.
2026-04-22 17:07:24.404 INFO  [] o.s.d.r.c.RepositoryConfigurationDelegate - Finished Spring Data repository scanning in 8 ms. Found 0 Redis repository interfaces.
2026-04-22 17:07:24.571 WARN  [] o.m.s.mapper.ClassPathMapperScanner - No MyBatis mapper was found in '[com.team6.apiserver]' package. Please check your configuration.
2026-04-22 17:07:25.455 INFO  [] o.s.b.w.e.tomcat.TomcatWebServer - Tomcat initialized with port 8080 (http)
2026-04-22 17:07:25.472 INFO  [] o.a.coyote.http11.Http11NioProtocol - Initializing ProtocolHandler ["http-nio-8080"]
2026-04-22 17:07:25.475 INFO  [] o.a.catalina.core.StandardService - Starting service [Tomcat]
2026-04-22 17:07:25.475 INFO  [] o.a.catalina.core.StandardEngine - Starting Servlet engine: [Apache Tomcat/10.1.40]
2026-04-22 17:07:25.566 INFO  [] o.a.c.c.C.[.[localhost].[/api] - Initializing Spring embedded WebApplicationContext
2026-04-22 17:07:25.566 INFO  [] o.s.b.w.s.c.ServletWebServerApplicationContext - Root WebApplicationContext: initialization completed in 3405 ms
2026-04-22 17:07:26.056 INFO  [] o.h.jpa.internal.util.LogHelper - HHH000204: Processing PersistenceUnitInfo [name: default]
2026-04-22 17:07:26.159 INFO  [] org.hibernate.Version - HHH000412: Hibernate ORM core version 6.6.13.Final
2026-04-22 17:07:26.211 INFO  [] o.h.c.i.RegionFactoryInitiator - HHH000026: Second-level cache disabled
2026-04-22 17:07:26.705 INFO  [] o.s.o.j.p.SpringPersistenceUnitInfo - No LoadTimeWeaver setup: ignoring JPA class transformer
2026-04-22 17:07:26.755 INFO  [] com.zaxxer.hikari.HikariDataSource - HikariPool-1 - Starting...
2026-04-22 17:07:27.061 INFO  [] com.zaxxer.hikari.pool.HikariPool - HikariPool-1 - Added connection com.mysql.cj.jdbc.ConnectionImpl@8961e55
2026-04-22 17:07:27.065 INFO  [] com.zaxxer.hikari.HikariDataSource - HikariPool-1 - Start completed.
2026-04-22 17:07:27.121 WARN  [] org.hibernate.orm.deprecation - HHH90000025: MySQL8Dialect does not need to be specified explicitly using 'hibernate.dialect' (remove the property setting and it will be selected by default)
2026-04-22 17:07:27.124 WARN  [] org.hibernate.orm.deprecation - HHH90000026: MySQL8Dialect has been deprecated; use org.hibernate.dialect.MySQLDialect instead
2026-04-22 17:07:27.147 INFO  [] o.hibernate.orm.connections.pooling - HHH10001005: Database info:
	Database JDBC URL [Connecting through datasource 'HikariDataSource (HikariPool-1)']
	Database driver: undefined/unknown
	Database version: 8.0
	Autocommit mode: undefined/unknown
	Isolation level: undefined/unknown
	Minimum pool size: undefined/unknown
	Maximum pool size: undefined/unknown
2026-04-22 17:07:28.830 INFO  [] o.h.e.t.j.p.i.JtaPlatformInitiator - HHH000489: No JTA platform available (set 'hibernate.transaction.jta.platform' to enable JTA platform integration)
2026-04-22 17:07:28.913 DEBUG [] org.hibernate.SQL - 
    alter table guide_schedules 
       modify column status enum ('AVAILABLE','BLOCKED','BOOKED','PENDING') not null
2026-04-22 17:07:28.928 DEBUG [] org.hibernate.SQL - 
    alter table match_request 
       modify column status enum ('ACCEPTED','CANCELLED','COMPLETED','IN_PROGRESS','PAID','PENDING','REJECTED') not null
2026-04-22 17:07:28.982 DEBUG [] org.hibernate.SQL - 
    alter table member 
       modify column role enum ('ADMIN','GUEST','GUIDE') not null
2026-04-22 17:07:28.994 DEBUG [] org.hibernate.SQL - 
    alter table member 
       modify column social_type enum ('GOOGLE','KAKAO')
2026-04-22 17:07:29.004 DEBUG [] org.hibernate.SQL - 
    alter table member 
       modify column status enum ('ACTIVE','WITHDRAWN') not null
2026-04-22 17:07:29.014 DEBUG [] org.hibernate.SQL - 
    alter table payment 
       modify column status enum ('CANCELLED','COMPLETED','FAILED','PENDING','REFUNDED') not null
2026-04-22 17:07:29.065 DEBUG [] org.hibernate.SQL - 
    alter table refund 
       modify column refund_type enum ('AUTO','CANCEL_GUEST','CANCEL_GUIDE','MANUAL') not null
2026-04-22 17:07:29.111 DEBUG [] org.hibernate.SQL - 
    alter table refund 
       modify column status enum ('APPROVED','PENDING','REJECTED') not null
2026-04-22 17:07:29.151 DEBUG [] org.hibernate.SQL - 
    alter table tour_extension 
       modify column status enum ('AUTO_CANCELLED','GUIDE_APPROVED','PAID','REJECTED','REQUESTED') not null
2026-04-22 17:07:29.252 INFO  [] o.s.o.j.LocalContainerEntityManagerFactoryBean - Initialized JPA EntityManagerFactory for persistence unit 'default'
2026-04-22 17:07:30.891 INFO  [] o.s.d.j.r.query.QueryEnhancerFactory - Hibernate is in classpath; If applicable, HQL parser will be used.
2026-04-22 17:07:32.554 INFO  [] org.mongodb.driver.client - MongoClient with metadata {"driver": {"name": "mongo-java-driver|sync|spring-boot", "version": "5.2.1"}, "os": {"type": "Windows", "name": "Windows 11", "architecture": "amd64", "version": "10.0"}, "platform": "Java/Amazon.com Inc./17.0.18+9-LTS"} created with settings MongoClientSettings{readPreference=primary, writeConcern=WriteConcern{w=null, wTimeout=null ms, journal=null}, retryWrites=true, retryReads=true, readConcern=ReadConcern{level=null}, credential=null, transportSettings=null, commandListeners=[io.micrometer.core.instrument.binder.mongodb.MongoMetricsCommandListener@315623e6], codecRegistry=ProvidersCodecRegistry{codecProviders=[ValueCodecProvider{}, BsonValueCodecProvider{}, DBRefCodecProvider{}, DBObjectCodecProvider{}, DocumentCodecProvider{}, CollectionCodecProvider{}, IterableCodecProvider{}, MapCodecProvider{}, GeoJsonCodecProvider{}, GridFSFileCodecProvider{}, Jsr310CodecProvider{}, JsonObjectCodecProvider{}, BsonCodecProvider{}, EnumCodecProvider{}, com.mongodb.client.model.mql.ExpressionCodecProvider@1110973, com.mongodb.Jep395RecordCodecProvider@12885677, com.mongodb.KotlinCodecProvider@1002a151]}, loggerSettings=LoggerSettings{maxDocumentLength=1000}, clusterSettings={hosts=[localhost:27017], srvServiceName=mongodb, mode=SINGLE, requiredClusterType=UNKNOWN, requiredReplicaSetName='null', serverSelector='null', clusterListeners='[]', serverSelectionTimeout='30000 ms', localThreshold='15 ms'}, socketSettings=SocketSettings{connectTimeoutMS=10000, readTimeoutMS=0, receiveBufferSize=0, proxySettings=ProxySettings{host=null, port=null, username=null, password=null}}, heartbeatSocketSettings=SocketSettings{connectTimeoutMS=10000, readTimeoutMS=10000, receiveBufferSize=0, proxySettings=ProxySettings{host=null, port=null, username=null, password=null}}, connectionPoolSettings=ConnectionPoolSettings{maxSize=100, minSize=0, maxWaitTimeMS=120000, maxConnectionLifeTimeMS=0, maxConnectionIdleTimeMS=0, maintenanceInitialDelayMS=0, maintenanceFrequencyMS=60000, connectionPoolListeners=[io.micrometer.core.instrument.binder.mongodb.MongoMetricsConnectionPoolListener@4600f352], maxConnecting=2}, serverSettings=ServerSettings{heartbeatFrequencyMS=10000, minHeartbeatFrequencyMS=500, serverMonitoringMode=AUTO, serverListeners='[]', serverMonitorListeners='[]'}, sslSettings=SslSettings{enabled=false, invalidHostNameAllowed=false, context=null}, applicationName='null', compressorList=[], uuidRepresentation=JAVA_LEGACY, serverApi=null, autoEncryptionSettings=null, dnsClient=null, inetAddressResolver=null, contextProvider=null, timeoutMS=null}
2026-04-22 17:07:32.565 INFO  [] org.mongodb.driver.cluster - Monitor thread successfully connected to server with description ServerDescription{address=localhost:27017, type=STANDALONE, cryptd=false, state=CONNECTED, ok=true, minWireVersion=0, maxWireVersion=27, maxDocumentSize=16777216, logicalSessionTimeoutMinutes=30, roundTripTimeNanos=31059300, minRoundTripTimeNanos=0}
2026-04-22 17:07:33.281 WARN  [] o.s.b.a.o.j.JpaBaseConfiguration$JpaWebConfiguration - spring.jpa.open-in-view is enabled by default. Therefore, database queries may be performed during view rendering. Explicitly configure spring.jpa.open-in-view to disable this warning
2026-04-22 17:07:34.077 INFO  [] o.s.b.a.e.web.EndpointLinksResolver - Exposing 14 endpoints beneath base path '/actuator'
2026-04-22 17:07:34.281 WARN  [] o.s.s.c.a.web.builders.WebSecurity - You are asking Spring Security to ignore Deferred [Mvc [pattern='/actuator/**'], Ant [pattern='/actuator/**']]. This is not recommended -- please use permitAll via HttpSecurity#authorizeHttpRequests instead.
2026-04-22 17:07:34.282 WARN  [] o.s.s.c.a.web.builders.WebSecurity - You are asking Spring Security to ignore Deferred [Mvc [pattern='/api/actuator/**'], Ant [pattern='/api/actuator/**']]. This is not recommended -- please use permitAll via HttpSecurity#authorizeHttpRequests instead.
2026-04-22 17:07:34.282 WARN  [] o.s.s.c.a.web.builders.WebSecurity - You are asking Spring Security to ignore Deferred [Mvc [pattern='/v3/api-docs/**'], Ant [pattern='/v3/api-docs/**']]. This is not recommended -- please use permitAll via HttpSecurity#authorizeHttpRequests instead.
2026-04-22 17:07:34.282 WARN  [] o.s.s.c.a.web.builders.WebSecurity - You are asking Spring Security to ignore Deferred [Mvc [pattern='/swagger-ui/**'], Ant [pattern='/swagger-ui/**']]. This is not recommended -- please use permitAll via HttpSecurity#authorizeHttpRequests instead.
2026-04-22 17:07:34.282 WARN  [] o.s.s.c.a.web.builders.WebSecurity - You are asking Spring Security to ignore Deferred [Mvc [pattern='/api/v3/api-docs/**'], Ant [pattern='/api/v3/api-docs/**']]. This is not recommended -- please use permitAll via HttpSecurity#authorizeHttpRequests instead.
2026-04-22 17:07:34.282 WARN  [] o.s.s.c.a.web.builders.WebSecurity - You are asking Spring Security to ignore Deferred [Mvc [pattern='/api/swagger-ui/**'], Ant [pattern='/api/swagger-ui/**']]. This is not recommended -- please use permitAll via HttpSecurity#authorizeHttpRequests instead.
2026-04-22 17:07:35.194 INFO  [] o.s.m.s.b.SimpleBrokerMessageHandler - Starting...
2026-04-22 17:07:35.195 INFO  [] o.s.m.s.b.SimpleBrokerMessageHandler - BrokerAvailabilityEvent[available=true, SimpleBrokerMessageHandler [org.springframework.messaging.simp.broker.DefaultSubscriptionRegistry@3e632c01]]
2026-04-22 17:07:35.195 INFO  [] o.s.m.s.b.SimpleBrokerMessageHandler - Started.
2026-04-22 17:07:35.195 INFO  [] o.a.coyote.http11.Http11NioProtocol - Starting ProtocolHandler ["http-nio-8080"]
2026-04-22 17:07:35.219 INFO  [] o.s.b.w.e.tomcat.TomcatWebServer - Tomcat started on port 8080 (http) with context path '/api'
2026-04-22 17:07:35.786 INFO  [] c.t.apiserver.ApiServerApplication - Started ApiServerApplication in 14.442 seconds (process running for 15.131)
2026-04-22 17:07:36.094 INFO  [] o.a.c.c.C.[.[localhost].[/api] - Initializing Spring DispatcherServlet 'dispatcherServlet'
2026-04-22 17:07:36.095 INFO  [] o.s.web.servlet.DispatcherServlet - Initializing Servlet 'dispatcherServlet'
2026-04-22 17:07:36.096 INFO  [] o.s.web.servlet.DispatcherServlet - Completed initialization in 1 ms
2026-04-22 17:07:56.099 DEBUG [dce4482e] org.hibernate.SQL - 
    /* <criteria> */ select
        gp1_0.id,
        gp1_0.average_rating,
        gp1_0.bio,
        gp1_0.created_at,
        gp1_0.default_course,
        gp1_0.guide_style,
        gp1_0.is_active,
        gp1_0.is_approved,
        gp1_0.keywords,
        gp1_0.language,
        gp1_0.local_story,
        gp1_0.member_id,
        gp1_0.nickname,
        gp1_0.price_per_hour,
        gp1_0.profile_image,
        gp1_0.region,
        gp1_0.residence_years,
        gp1_0.review_count,
        gp1_0.updated_at 
    from
        guide_profiles gp1_0 
    where
        gp1_0.is_approved 
        and gp1_0.is_active
2026-04-22 17:07:56.199 INFO  [dce4482e] c.t.a.logging.MdcLoggingFilter - [HTTP] 요청 완료 - statusCode: 200, latencyMs: 287, requestUri: /api/guides, method: GET
2026-04-22 17:07:56.206 DEBUG [f3d68f17] org.hibernate.SQL - 
    /* <criteria> */ select
        gp1_0.id,
        gp1_0.average_rating,
        gp1_0.bio,
        gp1_0.created_at,
        gp1_0.default_course,
        gp1_0.guide_style,
        gp1_0.is_active,
        gp1_0.is_approved,
        gp1_0.keywords,
        gp1_0.language,
        gp1_0.local_story,
        gp1_0.member_id,
        gp1_0.nickname,
        gp1_0.price_per_hour,
        gp1_0.profile_image,
        gp1_0.region,
        gp1_0.residence_years,
        gp1_0.review_count,
        gp1_0.updated_at 
    from
        guide_profiles gp1_0 
    where
        gp1_0.is_approved 
        and gp1_0.is_active
2026-04-22 17:07:56.216 INFO  [f3d68f17] c.t.a.logging.MdcLoggingFilter - [HTTP] 요청 완료 - statusCode: 200, latencyMs: 14, requestUri: /api/guides, method: GET
2026-04-22 17:08:00.029 DEBUG [] org.hibernate.SQL - 
    /* <criteria> */ select
        te1_0.id,
        te1_0.created_at,
        te1_0.deadline_at,
        te1_0.extended_date,
        te1_0.extended_price,
        te1_0.guest_id,
        te1_0.guide_approved_at,
        te1_0.match_request_id,
        te1_0.requested_at,
        te1_0.status,
        te1_0.updated_at 
    from
        tour_extension te1_0 
    where
        te1_0.status=? 
        and te1_0.deadline_at<?
2026-04-22 17:08:00.031 TRACE [] org.hibernate.orm.jdbc.bind - binding parameter (1:ENUM) <- [REQUESTED]
2026-04-22 17:08:00.031 TRACE [] org.hibernate.orm.jdbc.bind - binding parameter (2:TIMESTAMP) <- [2026-04-22T17:08:00.016857700]
2026-04-22 17:08:25.921 DEBUG [7a7fd7df] org.hibernate.SQL - 
    /* <criteria> */ select
        gp1_0.id,
        gp1_0.average_rating,
        gp1_0.bio,
        gp1_0.created_at,
        gp1_0.default_course,
        gp1_0.guide_style,
        gp1_0.is_active,
        gp1_0.is_approved,
        gp1_0.keywords,
        gp1_0.language,
        gp1_0.local_story,
        gp1_0.member_id,
        gp1_0.nickname,
        gp1_0.price_per_hour,
        gp1_0.profile_image,
        gp1_0.region,
        gp1_0.residence_years,
        gp1_0.review_count,
        gp1_0.updated_at 
    from
        guide_profiles gp1_0 
    where
        gp1_0.is_approved 
        and gp1_0.is_active
2026-04-22 17:08:25.929 INFO  [7a7fd7df] c.t.a.logging.MdcLoggingFilter - [HTTP] 요청 완료 - statusCode: 200, latencyMs: 12, requestUri: /api/guides, method: GET
2026-04-22 17:08:25.938 DEBUG [62db5e58] org.hibernate.SQL - 
    /* <criteria> */ select
        gp1_0.id,
        gp1_0.average_rating,
        gp1_0.bio,
        gp1_0.created_at,
        gp1_0.default_course,
        gp1_0.guide_style,
        gp1_0.is_active,
        gp1_0.is_approved,
        gp1_0.keywords,
        gp1_0.language,
        gp1_0.local_story,
        gp1_0.member_id,
        gp1_0.nickname,
        gp1_0.price_per_hour,
        gp1_0.profile_image,
        gp1_0.region,
        gp1_0.residence_years,
        gp1_0.review_count,
        gp1_0.updated_at 
    from
        guide_profiles gp1_0 
    where
        gp1_0.is_approved 
        and gp1_0.is_active
2026-04-22 17:08:25.946 INFO  [62db5e58] c.t.a.logging.MdcLoggingFilter - [HTTP] 요청 완료 - statusCode: 200, latencyMs: 13, requestUri: /api/guides, method: GET
2026-04-22 17:08:29.561 INFO  [a5b8b0aa] c.t.a.logging.MdcLoggingFilter - [HTTP] 요청 완료 - statusCode: 401, latencyMs: 171, requestUri: /api/matching/requests/guest/list, method: GET
2026-04-22 17:08:29.562 INFO  [d09aa1a1] c.t.a.logging.MdcLoggingFilter - [HTTP] 요청 완료 - statusCode: 401, latencyMs: 171, requestUri: /api/matching/payments/guest/list, method: GET
2026-04-22 17:08:29.571 INFO  [64a8cde2] c.t.a.logging.MdcLoggingFilter - [HTTP] 요청 완료 - statusCode: 401, latencyMs: 4, requestUri: /api/matching/payments/guest/list, method: GET
2026-04-22 17:08:29.571 INFO  [a70c4e7e] c.t.a.logging.MdcLoggingFilter - [HTTP] 요청 완료 - statusCode: 401, latencyMs: 4, requestUri: /api/matching/requests/guest/list, method: GET
2026-04-22 17:08:35.159 INFO  [] o.s.w.s.c.WebSocketMessageBrokerStats - WebSocketSession[0 current WS(0)-HttpStream(0)-HttpPoll(0), 0 total, 0 closed abnormally (0 connect failure, 0 send limit, 0 transport error)], stompSubProtocol[processed CONNECT(0)-CONNECTED(0)-DISCONNECT(0)], stompBrokerRelay[null], inboundChannel[pool size = 0, active threads = 0, queued tasks = 0, completed tasks = 0], outboundChannel[pool size = 0, active threads = 0, queued tasks = 0, completed tasks = 0], sockJsScheduler[pool size = 5, active threads = 1, queued tasks = 2, completed tasks = 2]
2026-04-22 17:08:37.297 DEBUG [1e0a6f86] org.hibernate.SQL - 
    /* <criteria> */ select
        m1_0.id,
        m1_0.created_at,
        m1_0.email,
        m1_0.name,
        m1_0.nickname,
        m1_0.password,
        m1_0.profile_image_url,
        m1_0.role,
        m1_0.social_type,
        m1_0.status,
        m1_0.updated_at 
    from
        member m1_0 
    where
        m1_0.email=? 
        and m1_0.role=?
2026-04-22 17:08:37.297 TRACE [1e0a6f86] org.hibernate.orm.jdbc.bind - binding parameter (1:VARCHAR) <- [guest1@naver.com]
2026-04-22 17:08:37.297 TRACE [1e0a6f86] org.hibernate.orm.jdbc.bind - binding parameter (2:ENUM) <- [GUEST]
2026-04-22 17:08:37.424 INFO  [1e0a6f86] c.t.a.logging.MdcLoggingFilter - [HTTP] 요청 완료 - statusCode: 200, latencyMs: 214, requestUri: /api/auth/login, method: POST
2026-04-22 17:08:37.456 DEBUG [5b331637] org.hibernate.SQL - 
    /* <criteria> */ select
        m1_0.id,
        m1_0.created_at,
        m1_0.email,
        m1_0.name,
        m1_0.nickname,
        m1_0.password,
        m1_0.profile_image_url,
        m1_0.role,
        m1_0.social_type,
        m1_0.status,
        m1_0.updated_at 
    from
        member m1_0 
    where
        m1_0.email=? 
        and m1_0.role=?
2026-04-22 17:08:37.456 DEBUG [034165c7] org.hibernate.SQL - 
    /* <criteria> */ select
        m1_0.id,
        m1_0.created_at,
        m1_0.email,
        m1_0.name,
        m1_0.nickname,
        m1_0.password,
        m1_0.profile_image_url,
        m1_0.role,
        m1_0.social_type,
        m1_0.status,
        m1_0.updated_at 
    from
        member m1_0 
    where
        m1_0.email=? 
        and m1_0.role=?
2026-04-22 17:08:37.457 TRACE [034165c7] org.hibernate.orm.jdbc.bind - binding parameter (1:VARCHAR) <- [guest1@naver.com]
2026-04-22 17:08:37.457 TRACE [034165c7] org.hibernate.orm.jdbc.bind - binding parameter (2:ENUM) <- [GUEST]
2026-04-22 17:08:37.458 TRACE [5b331637] org.hibernate.orm.jdbc.bind - binding parameter (1:VARCHAR) <- [guest1@naver.com]
2026-04-22 17:08:37.458 TRACE [5b331637] org.hibernate.orm.jdbc.bind - binding parameter (2:ENUM) <- [GUEST]
2026-04-22 17:08:37.462 DEBUG [5b331637] org.hibernate.SQL - 
    /* <criteria> */ select
        p1_0.id,
        p1_0.amount,
        p1_0.created_at,
        p1_0.match_request_id,
        p1_0.paid_at,
        p1_0.payer_id,
        p1_0.payment_type,
        p1_0.pg_order_no,
        p1_0.pg_transaction_id,
        p1_0.refund_deadline,
        p1_0.status,
        p1_0.updated_at 
    from
        payment p1_0 
    where
        p1_0.payer_id=?
2026-04-22 17:08:37.462 DEBUG [034165c7] org.hibernate.SQL - 
    /* <criteria> */ select
        mr1_0.id,
        mr1_0.budget_max_won,
        mr1_0.budget_min_won,
        mr1_0.cancel_reason,
        mr1_0.cancelled_by,
        mr1_0.concept,
        mr1_0.concept_summary,
        mr1_0.created_at,
        mr1_0.desired_budget,
        mr1_0.desired_date,
        mr1_0.destination,
        mr1_0.guest_id,
        mr1_0.guide_id,
        mr1_0.guide_schedule_id,
        mr1_0.propose_message,
        mr1_0.proposed_schedule,
        mr1_0.status,
        mr1_0.updated_at 
    from
        match_request mr1_0 
    where
        mr1_0.guest_id=?
2026-04-22 17:08:37.463 TRACE [034165c7] org.hibernate.orm.jdbc.bind - binding parameter (1:BIGINT) <- [6]
2026-04-22 17:08:37.463 TRACE [5b331637] org.hibernate.orm.jdbc.bind - binding parameter (1:BIGINT) <- [6]
2026-04-22 17:08:37.478 INFO  [034165c7] c.t.a.logging.MdcLoggingFilter - [HTTP] 요청 완료 - statusCode: 200, latencyMs: 32, requestUri: /api/matching/requests/guest/list, method: GET
2026-04-22 17:08:37.484 INFO  [5b331637] c.t.a.logging.MdcLoggingFilter - [HTTP] 요청 완료 - statusCode: 200, latencyMs: 37, requestUri: /api/matching/payments/guest/list, method: GET
2026-04-22 17:08:37.486 DEBUG [ecde0d61] org.hibernate.SQL - 
    /* <criteria> */ select
        m1_0.id,
        m1_0.created_at,
        m1_0.email,
        m1_0.name,
        m1_0.nickname,
        m1_0.password,
        m1_0.profile_image_url,
        m1_0.role,
        m1_0.social_type,
        m1_0.status,
        m1_0.updated_at 
    from
        member m1_0 
    where
        m1_0.email=? 
        and m1_0.role=?
2026-04-22 17:08:37.487 TRACE [ecde0d61] org.hibernate.orm.jdbc.bind - binding parameter (1:VARCHAR) <- [guest1@naver.com]
2026-04-22 17:08:37.487 TRACE [ecde0d61] org.hibernate.orm.jdbc.bind - binding parameter (2:ENUM) <- [GUEST]
2026-04-22 17:08:37.491 DEBUG [ecde0d61] org.hibernate.SQL - 
    /* <criteria> */ select
        mr1_0.id,
        mr1_0.budget_max_won,
        mr1_0.budget_min_won,
        mr1_0.cancel_reason,
        mr1_0.cancelled_by,
        mr1_0.concept,
        mr1_0.concept_summary,
        mr1_0.created_at,
        mr1_0.desired_budget,
        mr1_0.desired_date,
        mr1_0.destination,
        mr1_0.guest_id,
        mr1_0.guide_id,
        mr1_0.guide_schedule_id,
        mr1_0.propose_message,
        mr1_0.proposed_schedule,
        mr1_0.status,
        mr1_0.updated_at 
    from
        match_request mr1_0 
    where
        mr1_0.guest_id=?
2026-04-22 17:08:37.491 TRACE [ecde0d61] org.hibernate.orm.jdbc.bind - binding parameter (1:BIGINT) <- [6]
2026-04-22 17:08:37.492 DEBUG [591e493c] org.hibernate.SQL - 
    /* <criteria> */ select
        m1_0.id,
        m1_0.created_at,
        m1_0.email,
        m1_0.name,
        m1_0.nickname,
        m1_0.password,
        m1_0.profile_image_url,
        m1_0.role,
        m1_0.social_type,
        m1_0.status,
        m1_0.updated_at 
    from
        member m1_0 
    where
        m1_0.email=? 
        and m1_0.role=?
2026-04-22 17:08:37.493 TRACE [591e493c] org.hibernate.orm.jdbc.bind - binding parameter (1:VARCHAR) <- [guest1@naver.com]
2026-04-22 17:08:37.493 TRACE [591e493c] org.hibernate.orm.jdbc.bind - binding parameter (2:ENUM) <- [GUEST]
2026-04-22 17:08:37.496 DEBUG [591e493c] org.hibernate.SQL - 
    /* <criteria> */ select
        p1_0.id,
        p1_0.amount,
        p1_0.created_at,
        p1_0.match_request_id,
        p1_0.paid_at,
        p1_0.payer_id,
        p1_0.payment_type,
        p1_0.pg_order_no,
        p1_0.pg_transaction_id,
        p1_0.refund_deadline,
        p1_0.status,
        p1_0.updated_at 
    from
        payment p1_0 
    where
        p1_0.payer_id=?
2026-04-22 17:08:37.497 INFO  [ecde0d61] c.t.a.logging.MdcLoggingFilter - [HTTP] 요청 완료 - statusCode: 200, latencyMs: 14, requestUri: /api/matching/requests/guest/list, method: GET
2026-04-22 17:08:37.497 TRACE [591e493c] org.hibernate.orm.jdbc.bind - binding parameter (1:BIGINT) <- [6]
2026-04-22 17:08:37.503 INFO  [591e493c] c.t.a.logging.MdcLoggingFilter - [HTTP] 요청 완료 - statusCode: 200, latencyMs: 15, requestUri: /api/matching/payments/guest/list, method: GET
2026-04-22 17:08:37.514 DEBUG [4dbbd284] org.hibernate.SQL - 
    select
        gp1_0.id,
        gp1_0.average_rating,
        gp1_0.bio,
        gp1_0.created_at,
        gp1_0.default_course,
        gp1_0.guide_style,
        gp1_0.is_active,
        gp1_0.is_approved,
        gp1_0.keywords,
        gp1_0.language,
        gp1_0.local_story,
        gp1_0.member_id,
        gp1_0.nickname,
        gp1_0.price_per_hour,
        gp1_0.profile_image,
        gp1_0.region,
        gp1_0.residence_years,
        gp1_0.review_count,
        gp1_0.updated_at 
    from
        guide_profiles gp1_0 
    where
        gp1_0.id=?
2026-04-22 17:08:37.514 TRACE [4dbbd284] org.hibernate.orm.jdbc.bind - binding parameter (1:BIGINT) <- [3]
2026-04-22 17:08:37.521 INFO  [4dbbd284] c.t.a.logging.MdcLoggingFilter - [HTTP] 요청 완료 - statusCode: 200, latencyMs: 24, requestUri: /api/guides/3, method: GET
2026-04-22 17:08:37.529 DEBUG [9cfdf3c8] org.hibernate.SQL - 
    select
        gp1_0.id,
        gp1_0.average_rating,
        gp1_0.bio,
        gp1_0.created_at,
        gp1_0.default_course,
        gp1_0.guide_style,
        gp1_0.is_active,
        gp1_0.is_approved,
        gp1_0.keywords,
        gp1_0.language,
        gp1_0.local_story,
        gp1_0.member_id,
        gp1_0.nickname,
        gp1_0.price_per_hour,
        gp1_0.profile_image,
        gp1_0.region,
        gp1_0.residence_years,
        gp1_0.review_count,
        gp1_0.updated_at 
    from
        guide_profiles gp1_0 
    where
        gp1_0.id=?
2026-04-22 17:08:37.529 DEBUG [4becbf31] org.hibernate.SQL - 
    select
        gp1_0.id,
        gp1_0.average_rating,
        gp1_0.bio,
        gp1_0.created_at,
        gp1_0.default_course,
        gp1_0.guide_style,
        gp1_0.is_active,
        gp1_0.is_approved,
        gp1_0.keywords,
        gp1_0.language,
        gp1_0.local_story,
        gp1_0.member_id,
        gp1_0.nickname,
        gp1_0.price_per_hour,
        gp1_0.profile_image,
        gp1_0.region,
        gp1_0.residence_years,
        gp1_0.review_count,
        gp1_0.updated_at 
    from
        guide_profiles gp1_0 
    where
        gp1_0.id=?
2026-04-22 17:08:37.529 TRACE [9cfdf3c8] org.hibernate.orm.jdbc.bind - binding parameter (1:BIGINT) <- [3]
2026-04-22 17:08:37.529 TRACE [4becbf31] org.hibernate.orm.jdbc.bind - binding parameter (1:BIGINT) <- [4]
2026-04-22 17:08:37.532 INFO  [9cfdf3c8] c.t.a.logging.MdcLoggingFilter - [HTTP] 요청 완료 - statusCode: 200, latencyMs: 6, requestUri: /api/guides/3, method: GET
2026-04-22 17:08:37.532 INFO  [4becbf31] c.t.a.logging.MdcLoggingFilter - [HTTP] 요청 완료 - statusCode: 200, latencyMs: 4, requestUri: /api/guides/4, method: GET
2026-04-22 17:08:37.541 DEBUG [bed2e204] org.hibernate.SQL - 
    select
        gp1_0.id,
        gp1_0.average_rating,
        gp1_0.bio,
        gp1_0.created_at,
        gp1_0.default_course,
        gp1_0.guide_style,
        gp1_0.is_active,
        gp1_0.is_approved,
        gp1_0.keywords,
        gp1_0.language,
        gp1_0.local_story,
        gp1_0.member_id,
        gp1_0.nickname,
        gp1_0.price_per_hour,
        gp1_0.profile_image,
        gp1_0.region,
        gp1_0.residence_years,
        gp1_0.review_count,
        gp1_0.updated_at 
    from
        guide_profiles gp1_0 
    where
        gp1_0.id=?
2026-04-22 17:08:37.541 TRACE [bed2e204] org.hibernate.orm.jdbc.bind - binding parameter (1:BIGINT) <- [4]
2026-04-22 17:08:37.544 INFO  [bed2e204] c.t.a.logging.MdcLoggingFilter - [HTTP] 요청 완료 - statusCode: 200, latencyMs: 8, requestUri: /api/guides/4, method: GET
2026-04-22 17:08:39.491 DEBUG [4ccfa01e] org.hibernate.SQL - 
    /* <criteria> */ select
        m1_0.id,
        m1_0.created_at,
        m1_0.email,
        m1_0.name,
        m1_0.nickname,
        m1_0.password,
        m1_0.profile_image_url,
        m1_0.role,
        m1_0.social_type,
        m1_0.status,
        m1_0.updated_at 
    from
        member m1_0 
    where
        m1_0.email=? 
        and m1_0.role=?
2026-04-22 17:08:39.491 DEBUG [34d74bc0] org.hibernate.SQL - 
    /* <criteria> */ select
        m1_0.id,
        m1_0.created_at,
        m1_0.email,
        m1_0.name,
        m1_0.nickname,
        m1_0.password,
        m1_0.profile_image_url,
        m1_0.role,
        m1_0.social_type,
        m1_0.status,
        m1_0.updated_at 
    from
        member m1_0 
    where
        m1_0.email=? 
        and m1_0.role=?
2026-04-22 17:08:39.491 TRACE [4ccfa01e] org.hibernate.orm.jdbc.bind - binding parameter (1:VARCHAR) <- [guest1@naver.com]
2026-04-22 17:08:39.491 TRACE [4ccfa01e] org.hibernate.orm.jdbc.bind - binding parameter (2:ENUM) <- [GUEST]
2026-04-22 17:08:39.492 TRACE [34d74bc0] org.hibernate.orm.jdbc.bind - binding parameter (1:VARCHAR) <- [guest1@naver.com]
2026-04-22 17:08:39.492 TRACE [34d74bc0] org.hibernate.orm.jdbc.bind - binding parameter (2:ENUM) <- [GUEST]
2026-04-22 17:08:39.496 DEBUG [34d74bc0] org.hibernate.SQL - 
    /* <criteria> */ select
        mr1_0.id,
        mr1_0.budget_max_won,
        mr1_0.budget_min_won,
        mr1_0.cancel_reason,
        mr1_0.cancelled_by,
        mr1_0.concept,
        mr1_0.concept_summary,
        mr1_0.created_at,
        mr1_0.desired_budget,
        mr1_0.desired_date,
        mr1_0.destination,
        mr1_0.guest_id,
        mr1_0.guide_id,
        mr1_0.guide_schedule_id,
        mr1_0.propose_message,
        mr1_0.proposed_schedule,
        mr1_0.status,
        mr1_0.updated_at 
    from
        match_request mr1_0 
    where
        mr1_0.guest_id=?
2026-04-22 17:08:39.496 TRACE [34d74bc0] org.hibernate.orm.jdbc.bind - binding parameter (1:BIGINT) <- [6]
2026-04-22 17:08:39.500 INFO  [4ccfa01e] c.t.a.logging.MdcLoggingFilter - [HTTP] 요청 완료 - statusCode: 200, latencyMs: 15, requestUri: /api/members/me/profile, method: GET
2026-04-22 17:08:39.502 INFO  [34d74bc0] c.t.a.logging.MdcLoggingFilter - [HTTP] 요청 완료 - statusCode: 200, latencyMs: 15, requestUri: /api/matching/requests/guest/list, method: GET
2026-04-22 17:08:39.508 DEBUG [ac6ba950] org.hibernate.SQL - 
    /* <criteria> */ select
        m1_0.id,
        m1_0.created_at,
        m1_0.email,
        m1_0.name,
        m1_0.nickname,
        m1_0.password,
        m1_0.profile_image_url,
        m1_0.role,
        m1_0.social_type,
        m1_0.status,
        m1_0.updated_at 
    from
        member m1_0 
    where
        m1_0.email=? 
        and m1_0.role=?
2026-04-22 17:08:39.509 TRACE [ac6ba950] org.hibernate.orm.jdbc.bind - binding parameter (1:VARCHAR) <- [guest1@naver.com]
2026-04-22 17:08:39.509 TRACE [ac6ba950] org.hibernate.orm.jdbc.bind - binding parameter (2:ENUM) <- [GUEST]
2026-04-22 17:08:39.509 DEBUG [6ce47a34] org.hibernate.SQL - 
    /* <criteria> */ select
        m1_0.id,
        m1_0.created_at,
        m1_0.email,
        m1_0.name,
        m1_0.nickname,
        m1_0.password,
        m1_0.profile_image_url,
        m1_0.role,
        m1_0.social_type,
        m1_0.status,
        m1_0.updated_at 
    from
        member m1_0 
    where
        m1_0.email=? 
        and m1_0.role=?
2026-04-22 17:08:39.510 TRACE [6ce47a34] org.hibernate.orm.jdbc.bind - binding parameter (1:VARCHAR) <- [guest1@naver.com]
2026-04-22 17:08:39.510 TRACE [6ce47a34] org.hibernate.orm.jdbc.bind - binding parameter (2:ENUM) <- [GUEST]
2026-04-22 17:08:39.512 DEBUG [6ce47a34] org.hibernate.SQL - 
    /* <criteria> */ select
        mr1_0.id,
        mr1_0.budget_max_won,
        mr1_0.budget_min_won,
        mr1_0.cancel_reason,
        mr1_0.cancelled_by,
        mr1_0.concept,
        mr1_0.concept_summary,
        mr1_0.created_at,
        mr1_0.desired_budget,
        mr1_0.desired_date,
        mr1_0.destination,
        mr1_0.guest_id,
        mr1_0.guide_id,
        mr1_0.guide_schedule_id,
        mr1_0.propose_message,
        mr1_0.proposed_schedule,
        mr1_0.status,
        mr1_0.updated_at 
    from
        match_request mr1_0 
    where
        mr1_0.guest_id=?
2026-04-22 17:08:39.512 INFO  [ac6ba950] c.t.a.logging.MdcLoggingFilter - [HTTP] 요청 완료 - statusCode: 200, latencyMs: 8, requestUri: /api/members/me/profile, method: GET
2026-04-22 17:08:39.512 TRACE [6ce47a34] org.hibernate.orm.jdbc.bind - binding parameter (1:BIGINT) <- [6]
2026-04-22 17:08:39.518 INFO  [6ce47a34] c.t.a.logging.MdcLoggingFilter - [HTTP] 요청 완료 - statusCode: 200, latencyMs: 11, requestUri: /api/matching/requests/guest/list, method: GET
2026-04-22 17:08:39.522 DEBUG [942a824d] org.hibernate.SQL - 
    /* <criteria> */ select
        m1_0.id,
        m1_0.created_at,
        m1_0.email,
        m1_0.name,
        m1_0.nickname,
        m1_0.password,
        m1_0.profile_image_url,
        m1_0.role,
        m1_0.social_type,
        m1_0.status,
        m1_0.updated_at 
    from
        member m1_0 
    where
        m1_0.email=? 
        and m1_0.role=?
2026-04-22 17:08:39.524 TRACE [942a824d] org.hibernate.orm.jdbc.bind - binding parameter (1:VARCHAR) <- [guest1@naver.com]
2026-04-22 17:08:39.524 TRACE [942a824d] org.hibernate.orm.jdbc.bind - binding parameter (2:ENUM) <- [GUEST]
2026-04-22 17:08:39.527 INFO  [942a824d] c.t.a.logging.MdcLoggingFilter - [HTTP] 요청 완료 - statusCode: 200, latencyMs: 11, requestUri: /api/members/me/profile, method: GET
2026-04-22 17:08:39.528 DEBUG [4676a6c3] org.hibernate.SQL - 
    select
        gp1_0.id,
        gp1_0.average_rating,
        gp1_0.bio,
        gp1_0.created_at,
        gp1_0.default_course,
        gp1_0.guide_style,
        gp1_0.is_active,
        gp1_0.is_approved,
        gp1_0.keywords,
        gp1_0.language,
        gp1_0.local_story,
        gp1_0.member_id,
        gp1_0.nickname,
        gp1_0.price_per_hour,
        gp1_0.profile_image,
        gp1_0.region,
        gp1_0.residence_years,
        gp1_0.review_count,
        gp1_0.updated_at 
    from
        guide_profiles gp1_0 
    where
        gp1_0.id=?
2026-04-22 17:08:39.529 TRACE [4676a6c3] org.hibernate.orm.jdbc.bind - binding parameter (1:BIGINT) <- [3]
2026-04-22 17:08:39.532 INFO  [4676a6c3] c.t.a.logging.MdcLoggingFilter - [HTTP] 요청 완료 - statusCode: 200, latencyMs: 8, requestUri: /api/guides/3, method: GET
2026-04-22 17:08:39.538 DEBUG [e23583f3] org.hibernate.SQL - 
    /* <criteria> */ select
        m1_0.id,
        m1_0.created_at,
        m1_0.email,
        m1_0.name,
        m1_0.nickname,
        m1_0.password,
        m1_0.profile_image_url,
        m1_0.role,
        m1_0.social_type,
        m1_0.status,
        m1_0.updated_at 
    from
        member m1_0 
    where
        m1_0.email=? 
        and m1_0.role=?
2026-04-22 17:08:39.539 TRACE [e23583f3] org.hibernate.orm.jdbc.bind - binding parameter (1:VARCHAR) <- [guest1@naver.com]
2026-04-22 17:08:39.539 TRACE [e23583f3] org.hibernate.orm.jdbc.bind - binding parameter (2:ENUM) <- [GUEST]
2026-04-22 17:08:39.539 DEBUG [a6eee6ed] org.hibernate.SQL - 
    select
        gp1_0.id,
        gp1_0.average_rating,
        gp1_0.bio,
        gp1_0.created_at,
        gp1_0.default_course,
        gp1_0.guide_style,
        gp1_0.is_active,
        gp1_0.is_approved,
        gp1_0.keywords,
        gp1_0.language,
        gp1_0.local_story,
        gp1_0.member_id,
        gp1_0.nickname,
        gp1_0.price_per_hour,
        gp1_0.profile_image,
        gp1_0.region,
        gp1_0.residence_years,
        gp1_0.review_count,
        gp1_0.updated_at 
    from
        guide_profiles gp1_0 
    where
        gp1_0.id=?
2026-04-22 17:08:39.539 TRACE [a6eee6ed] org.hibernate.orm.jdbc.bind - binding parameter (1:BIGINT) <- [3]
2026-04-22 17:08:39.541 INFO  [e23583f3] c.t.a.logging.MdcLoggingFilter - [HTTP] 요청 완료 - statusCode: 200, latencyMs: 8, requestUri: /api/members/me/profile, method: GET
2026-04-22 17:08:39.541 INFO  [a6eee6ed] c.t.a.logging.MdcLoggingFilter - [HTTP] 요청 완료 - statusCode: 200, latencyMs: 5, requestUri: /api/guides/3, method: GET
2026-04-22 17:08:41.449 DEBUG [ec5d09fe] org.hibernate.SQL - 
    /* <criteria> */ select
        m1_0.id,
        m1_0.created_at,
        m1_0.email,
        m1_0.name,
        m1_0.nickname,
        m1_0.password,
        m1_0.profile_image_url,
        m1_0.role,
        m1_0.social_type,
        m1_0.status,
        m1_0.updated_at 
    from
        member m1_0 
    where
        m1_0.email=? 
        and m1_0.role=?
2026-04-22 17:08:41.449 DEBUG [bb906001] org.hibernate.SQL - 
    /* <criteria> */ select
        m1_0.id,
        m1_0.created_at,
        m1_0.email,
        m1_0.name,
        m1_0.nickname,
        m1_0.password,
        m1_0.profile_image_url,
        m1_0.role,
        m1_0.social_type,
        m1_0.status,
        m1_0.updated_at 
    from
        member m1_0 
    where
        m1_0.email=? 
        and m1_0.role=?
2026-04-22 17:08:41.449 TRACE [bb906001] org.hibernate.orm.jdbc.bind - binding parameter (1:VARCHAR) <- [guest1@naver.com]
2026-04-22 17:08:41.449 TRACE [ec5d09fe] org.hibernate.orm.jdbc.bind - binding parameter (1:VARCHAR) <- [guest1@naver.com]
2026-04-22 17:08:41.449 TRACE [bb906001] org.hibernate.orm.jdbc.bind - binding parameter (2:ENUM) <- [GUEST]
2026-04-22 17:08:41.449 TRACE [ec5d09fe] org.hibernate.orm.jdbc.bind - binding parameter (2:ENUM) <- [GUEST]
2026-04-22 17:08:41.451 DEBUG [ec5d09fe] org.hibernate.SQL - 
    /* <criteria> */ select
        mr1_0.id,
        mr1_0.budget_max_won,
        mr1_0.budget_min_won,
        mr1_0.cancel_reason,
        mr1_0.cancelled_by,
        mr1_0.concept,
        mr1_0.concept_summary,
        mr1_0.created_at,
        mr1_0.desired_budget,
        mr1_0.desired_date,
        mr1_0.destination,
        mr1_0.guest_id,
        mr1_0.guide_id,
        mr1_0.guide_schedule_id,
        mr1_0.propose_message,
        mr1_0.proposed_schedule,
        mr1_0.status,
        mr1_0.updated_at 
    from
        match_request mr1_0 
    where
        mr1_0.guest_id=?
2026-04-22 17:08:41.451 DEBUG [bb906001] org.hibernate.SQL - 
    /* <criteria> */ select
        p1_0.id,
        p1_0.amount,
        p1_0.created_at,
        p1_0.match_request_id,
        p1_0.paid_at,
        p1_0.payer_id,
        p1_0.payment_type,
        p1_0.pg_order_no,
        p1_0.pg_transaction_id,
        p1_0.refund_deadline,
        p1_0.status,
        p1_0.updated_at 
    from
        payment p1_0 
    where
        p1_0.payer_id=?
2026-04-22 17:08:41.452 TRACE [ec5d09fe] org.hibernate.orm.jdbc.bind - binding parameter (1:BIGINT) <- [6]
2026-04-22 17:08:41.452 TRACE [bb906001] org.hibernate.orm.jdbc.bind - binding parameter (1:BIGINT) <- [6]
2026-04-22 17:08:41.456 INFO  [ec5d09fe] c.t.a.logging.MdcLoggingFilter - [HTTP] 요청 완료 - statusCode: 200, latencyMs: 10, requestUri: /api/matching/requests/guest/list, method: GET
2026-04-22 17:08:41.456 INFO  [bb906001] c.t.a.logging.MdcLoggingFilter - [HTTP] 요청 완료 - statusCode: 200, latencyMs: 10, requestUri: /api/matching/payments/guest/list, method: GET
2026-04-22 17:08:41.464 DEBUG [314a342b] org.hibernate.SQL - 
    /* <criteria> */ select
        m1_0.id,
        m1_0.created_at,
        m1_0.email,
        m1_0.name,
        m1_0.nickname,
        m1_0.password,
        m1_0.profile_image_url,
        m1_0.role,
        m1_0.social_type,
        m1_0.status,
        m1_0.updated_at 
    from
        member m1_0 
    where
        m1_0.email=? 
        and m1_0.role=?
2026-04-22 17:08:41.464 DEBUG [db5f6ed0] org.hibernate.SQL - 
    /* <criteria> */ select
        m1_0.id,
        m1_0.created_at,
        m1_0.email,
        m1_0.name,
        m1_0.nickname,
        m1_0.password,
        m1_0.profile_image_url,
        m1_0.role,
        m1_0.social_type,
        m1_0.status,
        m1_0.updated_at 
    from
        member m1_0 
    where
        m1_0.email=? 
        and m1_0.role=?
2026-04-22 17:08:41.464 TRACE [314a342b] org.hibernate.orm.jdbc.bind - binding parameter (1:VARCHAR) <- [guest1@naver.com]
2026-04-22 17:08:41.464 TRACE [314a342b] org.hibernate.orm.jdbc.bind - binding parameter (2:ENUM) <- [GUEST]
2026-04-22 17:08:41.465 TRACE [db5f6ed0] org.hibernate.orm.jdbc.bind - binding parameter (1:VARCHAR) <- [guest1@naver.com]
2026-04-22 17:08:41.465 TRACE [db5f6ed0] org.hibernate.orm.jdbc.bind - binding parameter (2:ENUM) <- [GUEST]
2026-04-22 17:08:41.465 DEBUG [89b5aecf] org.hibernate.SQL - 
    select
        gp1_0.id,
        gp1_0.average_rating,
        gp1_0.bio,
        gp1_0.created_at,
        gp1_0.default_course,
        gp1_0.guide_style,
        gp1_0.is_active,
        gp1_0.is_approved,
        gp1_0.keywords,
        gp1_0.language,
        gp1_0.local_story,
        gp1_0.member_id,
        gp1_0.nickname,
        gp1_0.price_per_hour,
        gp1_0.profile_image,
        gp1_0.region,
        gp1_0.residence_years,
        gp1_0.review_count,
        gp1_0.updated_at 
    from
        guide_profiles gp1_0 
    where
        gp1_0.id=?
2026-04-22 17:08:41.465 TRACE [89b5aecf] org.hibernate.orm.jdbc.bind - binding parameter (1:BIGINT) <- [3]
2026-04-22 17:08:41.467 DEBUG [314a342b] org.hibernate.SQL - 
    /* <criteria> */ select
        mr1_0.id,
        mr1_0.budget_max_won,
        mr1_0.budget_min_won,
        mr1_0.cancel_reason,
        mr1_0.cancelled_by,
        mr1_0.concept,
        mr1_0.concept_summary,
        mr1_0.created_at,
        mr1_0.desired_budget,
        mr1_0.desired_date,
        mr1_0.destination,
        mr1_0.guest_id,
        mr1_0.guide_id,
        mr1_0.guide_schedule_id,
        mr1_0.propose_message,
        mr1_0.proposed_schedule,
        mr1_0.status,
        mr1_0.updated_at 
    from
        match_request mr1_0 
    where
        mr1_0.guest_id=?
2026-04-22 17:08:41.467 DEBUG [db5f6ed0] org.hibernate.SQL - 
    /* <criteria> */ select
        p1_0.id,
        p1_0.amount,
        p1_0.created_at,
        p1_0.match_request_id,
        p1_0.paid_at,
        p1_0.payer_id,
        p1_0.payment_type,
        p1_0.pg_order_no,
        p1_0.pg_transaction_id,
        p1_0.refund_deadline,
        p1_0.status,
        p1_0.updated_at 
    from
        payment p1_0 
    where
        p1_0.payer_id=?
2026-04-22 17:08:41.467 TRACE [db5f6ed0] org.hibernate.orm.jdbc.bind - binding parameter (1:BIGINT) <- [6]
2026-04-22 17:08:41.467 TRACE [314a342b] org.hibernate.orm.jdbc.bind - binding parameter (1:BIGINT) <- [6]
2026-04-22 17:08:41.467 INFO  [89b5aecf] c.t.a.logging.MdcLoggingFilter - [HTTP] 요청 완료 - statusCode: 200, latencyMs: 5, requestUri: /api/guides/3, method: GET
2026-04-22 17:08:41.472 INFO  [db5f6ed0] c.t.a.logging.MdcLoggingFilter - [HTTP] 요청 완료 - statusCode: 200, latencyMs: 11, requestUri: /api/matching/payments/guest/list, method: GET
2026-04-22 17:08:41.472 INFO  [314a342b] c.t.a.logging.MdcLoggingFilter - [HTTP] 요청 완료 - statusCode: 200, latencyMs: 11, requestUri: /api/matching/requests/guest/list, method: GET
2026-04-22 17:08:41.478 DEBUG [714888ea] org.hibernate.SQL - 
    select
        gp1_0.id,
        gp1_0.average_rating,
        gp1_0.bio,
        gp1_0.created_at,
        gp1_0.default_course,
        gp1_0.guide_style,
        gp1_0.is_active,
        gp1_0.is_approved,
        gp1_0.keywords,
        gp1_0.language,
        gp1_0.local_story,
        gp1_0.member_id,
        gp1_0.nickname,
        gp1_0.price_per_hour,
        gp1_0.profile_image,
        gp1_0.region,
        gp1_0.residence_years,
        gp1_0.review_count,
        gp1_0.updated_at 
    from
        guide_profiles gp1_0 
    where
        gp1_0.id=?
2026-04-22 17:08:41.479 TRACE [714888ea] org.hibernate.orm.jdbc.bind - binding parameter (1:BIGINT) <- [4]
2026-04-22 17:08:41.484 INFO  [714888ea] c.t.a.logging.MdcLoggingFilter - [HTTP] 요청 완료 - statusCode: 200, latencyMs: 9, requestUri: /api/guides/4, method: GET
2026-04-22 17:08:41.487 DEBUG [8b911338] org.hibernate.SQL - 
    select
        gp1_0.id,
        gp1_0.average_rating,
        gp1_0.bio,
        gp1_0.created_at,
        gp1_0.default_course,
        gp1_0.guide_style,
        gp1_0.is_active,
        gp1_0.is_approved,
        gp1_0.keywords,
        gp1_0.language,
        gp1_0.local_story,
        gp1_0.member_id,
        gp1_0.nickname,
        gp1_0.price_per_hour,
        gp1_0.profile_image,
        gp1_0.region,
        gp1_0.residence_years,
        gp1_0.review_count,
        gp1_0.updated_at 
    from
        guide_profiles gp1_0 
    where
        gp1_0.id=?
2026-04-22 17:08:41.487 TRACE [8b911338] org.hibernate.orm.jdbc.bind - binding parameter (1:BIGINT) <- [3]
2026-04-22 17:08:41.491 INFO  [8b911338] c.t.a.logging.MdcLoggingFilter - [HTTP] 요청 완료 - statusCode: 200, latencyMs: 6, requestUri: /api/guides/3, method: GET
2026-04-22 17:08:41.500 DEBUG [79520adc] org.hibernate.SQL - 
    select
        gp1_0.id,
        gp1_0.average_rating,
        gp1_0.bio,
        gp1_0.created_at,
        gp1_0.default_course,
        gp1_0.guide_style,
        gp1_0.is_active,
        gp1_0.is_approved,
        gp1_0.keywords,
        gp1_0.language,
        gp1_0.local_story,
        gp1_0.member_id,
        gp1_0.nickname,
        gp1_0.price_per_hour,
        gp1_0.profile_image,
        gp1_0.region,
        gp1_0.residence_years,
        gp1_0.review_count,
        gp1_0.updated_at 
    from
        guide_profiles gp1_0 
    where
        gp1_0.id=?
2026-04-22 17:08:41.500 TRACE [79520adc] org.hibernate.orm.jdbc.bind - binding parameter (1:BIGINT) <- [4]
2026-04-22 17:08:41.503 INFO  [79520adc] c.t.a.logging.MdcLoggingFilter - [HTTP] 요청 완료 - statusCode: 200, latencyMs: 7, requestUri: /api/guides/4, method: GET
2026-04-22 17:08:43.011 DEBUG [f9110723] org.hibernate.SQL - 
    /* <criteria> */ select
        m1_0.id,
        m1_0.created_at,
        m1_0.email,
        m1_0.name,
        m1_0.nickname,
        m1_0.password,
        m1_0.profile_image_url,
        m1_0.role,
        m1_0.social_type,
        m1_0.status,
        m1_0.updated_at 
    from
        member m1_0 
    where
        m1_0.email=? 
        and m1_0.role=?
2026-04-22 17:08:43.011 DEBUG [a26e2615] org.hibernate.SQL - 
    /* <criteria> */ select
        m1_0.id,
        m1_0.created_at,
        m1_0.email,
        m1_0.name,
        m1_0.nickname,
        m1_0.password,
        m1_0.profile_image_url,
        m1_0.role,
        m1_0.social_type,
        m1_0.status,
        m1_0.updated_at 
    from
        member m1_0 
    where
        m1_0.email=? 
        and m1_0.role=?
2026-04-22 17:08:43.011 TRACE [f9110723] org.hibernate.orm.jdbc.bind - binding parameter (1:VARCHAR) <- [guest1@naver.com]
2026-04-22 17:08:43.011 TRACE [f9110723] org.hibernate.orm.jdbc.bind - binding parameter (2:ENUM) <- [GUEST]
2026-04-22 17:08:43.011 TRACE [a26e2615] org.hibernate.orm.jdbc.bind - binding parameter (1:VARCHAR) <- [guest1@naver.com]
2026-04-22 17:08:43.011 TRACE [a26e2615] org.hibernate.orm.jdbc.bind - binding parameter (2:ENUM) <- [GUEST]
2026-04-22 17:08:43.012 DEBUG [a26e2615] org.hibernate.SQL - 
    /* <criteria> */ select
        mr1_0.id,
        mr1_0.budget_max_won,
        mr1_0.budget_min_won,
        mr1_0.cancel_reason,
        mr1_0.cancelled_by,
        mr1_0.concept,
        mr1_0.concept_summary,
        mr1_0.created_at,
        mr1_0.desired_budget,
        mr1_0.desired_date,
        mr1_0.destination,
        mr1_0.guest_id,
        mr1_0.guide_id,
        mr1_0.guide_schedule_id,
        mr1_0.propose_message,
        mr1_0.proposed_schedule,
        mr1_0.status,
        mr1_0.updated_at 
    from
        match_request mr1_0 
    where
        mr1_0.guest_id=?
2026-04-22 17:08:43.014 TRACE [a26e2615] org.hibernate.orm.jdbc.bind - binding parameter (1:BIGINT) <- [6]
2026-04-22 17:08:43.014 INFO  [f9110723] c.t.a.logging.MdcLoggingFilter - [HTTP] 요청 완료 - statusCode: 200, latencyMs: 7, requestUri: /api/members/me/profile, method: GET
2026-04-22 17:08:43.018 INFO  [a26e2615] c.t.a.logging.MdcLoggingFilter - [HTTP] 요청 완료 - statusCode: 200, latencyMs: 11, requestUri: /api/matching/requests/guest/list, method: GET
2026-04-22 17:08:43.025 DEBUG [2bc43693] org.hibernate.SQL - 
    /* <criteria> */ select
        m1_0.id,
        m1_0.created_at,
        m1_0.email,
        m1_0.name,
        m1_0.nickname,
        m1_0.password,
        m1_0.profile_image_url,
        m1_0.role,
        m1_0.social_type,
        m1_0.status,
        m1_0.updated_at 
    from
        member m1_0 
    where
        m1_0.email=? 
        and m1_0.role=?
2026-04-22 17:08:43.025 TRACE [2bc43693] org.hibernate.orm.jdbc.bind - binding parameter (1:VARCHAR) <- [guest1@naver.com]
2026-04-22 17:08:43.025 TRACE [2bc43693] org.hibernate.orm.jdbc.bind - binding parameter (2:ENUM) <- [GUEST]
2026-04-22 17:08:43.026 DEBUG [014cb96d] org.hibernate.SQL - 
    /* <criteria> */ select
        m1_0.id,
        m1_0.created_at,
        m1_0.email,
        m1_0.name,
        m1_0.nickname,
        m1_0.password,
        m1_0.profile_image_url,
        m1_0.role,
        m1_0.social_type,
        m1_0.status,
        m1_0.updated_at 
    from
        member m1_0 
    where
        m1_0.email=? 
        and m1_0.role=?
2026-04-22 17:08:43.027 TRACE [014cb96d] org.hibernate.orm.jdbc.bind - binding parameter (1:VARCHAR) <- [guest1@naver.com]
2026-04-22 17:08:43.027 TRACE [014cb96d] org.hibernate.orm.jdbc.bind - binding parameter (2:ENUM) <- [GUEST]
2026-04-22 17:08:43.028 INFO  [2bc43693] c.t.a.logging.MdcLoggingFilter - [HTTP] 요청 완료 - statusCode: 200, latencyMs: 10, requestUri: /api/members/me/profile, method: GET
2026-04-22 17:08:43.030 DEBUG [014cb96d] org.hibernate.SQL - 
    /* <criteria> */ select
        mr1_0.id,
        mr1_0.budget_max_won,
        mr1_0.budget_min_won,
        mr1_0.cancel_reason,
        mr1_0.cancelled_by,
        mr1_0.concept,
        mr1_0.concept_summary,
        mr1_0.created_at,
        mr1_0.desired_budget,
        mr1_0.desired_date,
        mr1_0.destination,
        mr1_0.guest_id,
        mr1_0.guide_id,
        mr1_0.guide_schedule_id,
        mr1_0.propose_message,
        mr1_0.proposed_schedule,
        mr1_0.status,
        mr1_0.updated_at 
    from
        match_request mr1_0 
    where
        mr1_0.guest_id=?
2026-04-22 17:08:43.030 TRACE [014cb96d] org.hibernate.orm.jdbc.bind - binding parameter (1:BIGINT) <- [6]
2026-04-22 17:08:43.031 DEBUG [e27c8f99] org.hibernate.SQL - 
    select
        gp1_0.id,
        gp1_0.average_rating,
        gp1_0.bio,
        gp1_0.created_at,
        gp1_0.default_course,
        gp1_0.guide_style,
        gp1_0.is_active,
        gp1_0.is_approved,
        gp1_0.keywords,
        gp1_0.language,
        gp1_0.local_story,
        gp1_0.member_id,
        gp1_0.nickname,
        gp1_0.price_per_hour,
        gp1_0.profile_image,
        gp1_0.region,
        gp1_0.residence_years,
        gp1_0.review_count,
        gp1_0.updated_at 
    from
        guide_profiles gp1_0 
    where
        gp1_0.id=?
2026-04-22 17:08:43.031 TRACE [e27c8f99] org.hibernate.orm.jdbc.bind - binding parameter (1:BIGINT) <- [3]
2026-04-22 17:08:43.035 INFO  [014cb96d] c.t.a.logging.MdcLoggingFilter - [HTTP] 요청 완료 - statusCode: 200, latencyMs: 11, requestUri: /api/matching/requests/guest/list, method: GET
2026-04-22 17:08:43.035 INFO  [e27c8f99] c.t.a.logging.MdcLoggingFilter - [HTTP] 요청 완료 - statusCode: 200, latencyMs: 5, requestUri: /api/guides/3, method: GET
2026-04-22 17:08:43.042 DEBUG [2c0f404e] org.hibernate.SQL - 
    select
        gp1_0.id,
        gp1_0.average_rating,
        gp1_0.bio,
        gp1_0.created_at,
        gp1_0.default_course,
        gp1_0.guide_style,
        gp1_0.is_active,
        gp1_0.is_approved,
        gp1_0.keywords,
        gp1_0.language,
        gp1_0.local_story,
        gp1_0.member_id,
        gp1_0.nickname,
        gp1_0.price_per_hour,
        gp1_0.profile_image,
        gp1_0.region,
        gp1_0.residence_years,
        gp1_0.review_count,
        gp1_0.updated_at 
    from
        guide_profiles gp1_0 
    where
        gp1_0.id=?
2026-04-22 17:08:43.042 TRACE [2c0f404e] org.hibernate.orm.jdbc.bind - binding parameter (1:BIGINT) <- [3]
2026-04-22 17:08:43.045 INFO  [2c0f404e] c.t.a.logging.MdcLoggingFilter - [HTTP] 요청 완료 - statusCode: 200, latencyMs: 6, requestUri: /api/guides/3, method: GET
2026-04-22 17:08:46.134 DEBUG [ca849981] org.hibernate.SQL - 
    /* <criteria> */ select
        m1_0.id,
        m1_0.created_at,
        m1_0.email,
        m1_0.name,
        m1_0.nickname,
        m1_0.password,
        m1_0.profile_image_url,
        m1_0.role,
        m1_0.social_type,
        m1_0.status,
        m1_0.updated_at 
    from
        member m1_0 
    where
        m1_0.email=? 
        and m1_0.role=?
2026-04-22 17:08:46.134 TRACE [ca849981] org.hibernate.orm.jdbc.bind - binding parameter (1:VARCHAR) <- [guest1@naver.com]
2026-04-22 17:08:46.135 TRACE [ca849981] org.hibernate.orm.jdbc.bind - binding parameter (2:ENUM) <- [GUEST]
2026-04-22 17:08:46.137 INFO  [ca849981] c.t.a.logging.MdcLoggingFilter - [HTTP] 요청 완료 - statusCode: 200, latencyMs: 8, requestUri: /api/members/me/profile, method: GET
2026-04-22 17:08:46.146 DEBUG [1059d232] org.hibernate.SQL - 
    /* <criteria> */ select
        m1_0.id,
        m1_0.created_at,
        m1_0.email,
        m1_0.name,
        m1_0.nickname,
        m1_0.password,
        m1_0.profile_image_url,
        m1_0.role,
        m1_0.social_type,
        m1_0.status,
        m1_0.updated_at 
    from
        member m1_0 
    where
        m1_0.email=? 
        and m1_0.role=?
2026-04-22 17:08:46.146 TRACE [1059d232] org.hibernate.orm.jdbc.bind - binding parameter (1:VARCHAR) <- [guest1@naver.com]
2026-04-22 17:08:46.147 TRACE [1059d232] org.hibernate.orm.jdbc.bind - binding parameter (2:ENUM) <- [GUEST]
2026-04-22 17:08:46.150 INFO  [1059d232] c.t.a.logging.MdcLoggingFilter - [HTTP] 요청 완료 - statusCode: 200, latencyMs: 8, requestUri: /api/members/me/profile, method: GET
2026-04-22 17:08:46.160 DEBUG [40b069a0] org.hibernate.SQL - 
    /* <criteria> */ select
        m1_0.id,
        m1_0.created_at,
        m1_0.email,
        m1_0.name,
        m1_0.nickname,
        m1_0.password,
        m1_0.profile_image_url,
        m1_0.role,
        m1_0.social_type,
        m1_0.status,
        m1_0.updated_at 
    from
        member m1_0 
    where
        m1_0.email=? 
        and m1_0.role=?
2026-04-22 17:08:46.160 TRACE [40b069a0] org.hibernate.orm.jdbc.bind - binding parameter (1:VARCHAR) <- [guest1@naver.com]
2026-04-22 17:08:46.160 TRACE [40b069a0] org.hibernate.orm.jdbc.bind - binding parameter (2:ENUM) <- [GUEST]
2026-04-22 17:08:46.163 INFO  [40b069a0] c.t.a.logging.MdcLoggingFilter - [HTTP] 요청 완료 - statusCode: 200, latencyMs: 8, requestUri: /api/members/me/profile, method: GET
2026-04-22 17:08:46.171 DEBUG [3e5af33d] org.hibernate.SQL - 
    /* <criteria> */ select
        m1_0.id,
        m1_0.created_at,
        m1_0.email,
        m1_0.name,
        m1_0.nickname,
        m1_0.password,
        m1_0.profile_image_url,
        m1_0.role,
        m1_0.social_type,
        m1_0.status,
        m1_0.updated_at 
    from
        member m1_0 
    where
        m1_0.email=? 
        and m1_0.role=?
2026-04-22 17:08:46.171 TRACE [3e5af33d] org.hibernate.orm.jdbc.bind - binding parameter (1:VARCHAR) <- [guest1@naver.com]
2026-04-22 17:08:46.171 TRACE [3e5af33d] org.hibernate.orm.jdbc.bind - binding parameter (2:ENUM) <- [GUEST]
2026-04-22 17:08:46.175 INFO  [3e5af33d] c.t.a.logging.MdcLoggingFilter - [HTTP] 요청 완료 - statusCode: 200, latencyMs: 7, requestUri: /api/members/me/profile, method: GET
2026-04-22 17:08:49.786 INFO  [513d2982] c.t.a.logging.MdcLoggingFilter - [HTTP] 요청 완료 - statusCode: 200, latencyMs: 527, requestUri: /api/files/upload, method: POST
2026-04-22 17:08:49.798 DEBUG [d9896114] org.hibernate.SQL - 
    /* <criteria> */ select
        m1_0.id,
        m1_0.created_at,
        m1_0.email,
        m1_0.name,
        m1_0.nickname,
        m1_0.password,
        m1_0.profile_image_url,
        m1_0.role,
        m1_0.social_type,
        m1_0.status,
        m1_0.updated_at 
    from
        member m1_0 
    where
        m1_0.email=? 
        and m1_0.role=?
2026-04-22 17:08:49.798 TRACE [d9896114] org.hibernate.orm.jdbc.bind - binding parameter (1:VARCHAR) <- [guest1@naver.com]
2026-04-22 17:08:49.800 TRACE [d9896114] org.hibernate.orm.jdbc.bind - binding parameter (2:ENUM) <- [GUEST]
2026-04-22 17:08:49.819 DEBUG [d9896114] org.hibernate.SQL - 
    /* update
        for com.team6.domain.member.entity.Member */update member 
    set
        email=?,
        name=?,
        nickname=?,
        password=?,
        profile_image_url=?,
        role=?,
        social_type=?,
        status=?,
        updated_at=? 
    where
        id=?
2026-04-22 17:08:49.821 TRACE [d9896114] org.hibernate.orm.jdbc.bind - binding parameter (1:VARCHAR) <- [guest1@naver.com]
2026-04-22 17:08:49.821 TRACE [d9896114] org.hibernate.orm.jdbc.bind - binding parameter (2:VARCHAR) <- [guest1]
2026-04-22 17:08:49.821 TRACE [d9896114] org.hibernate.orm.jdbc.bind - binding parameter (3:VARCHAR) <- [guest1]
2026-04-22 17:08:49.821 TRACE [d9896114] org.hibernate.orm.jdbc.bind - binding parameter (4:VARCHAR) <- [$2a$10$gjvI5EstZKorK6J91lfTPuFmXbHGkX5vGd.AB9K9LtEC2cWJDV2h.]
2026-04-22 17:08:49.821 TRACE [d9896114] org.hibernate.orm.jdbc.bind - binding parameter (5:VARCHAR) <- [https://local-guest-s3.s3.ap-northeast-2.amazonaws.com//guest-profile/4eecd458-184f-42c5-9e8a-5929bb2f6615.jpeg]
2026-04-22 17:08:49.821 TRACE [d9896114] org.hibernate.orm.jdbc.bind - binding parameter (6:ENUM) <- [GUEST]
2026-04-22 17:08:49.821 TRACE [d9896114] org.hibernate.orm.jdbc.bind - binding parameter (7:ENUM) <- [null]
2026-04-22 17:08:49.821 TRACE [d9896114] org.hibernate.orm.jdbc.bind - binding parameter (8:ENUM) <- [ACTIVE]
2026-04-22 17:08:49.821 TRACE [d9896114] org.hibernate.orm.jdbc.bind - binding parameter (9:TIMESTAMP) <- [2026-04-20T10:22:23.114223]
2026-04-22 17:08:49.821 TRACE [d9896114] org.hibernate.orm.jdbc.bind - binding parameter (10:BIGINT) <- [6]
2026-04-22 17:08:49.831 DEBUG [d9896114] org.hibernate.SQL - 
    /* <criteria> */ select
        m1_0.id,
        m1_0.created_at,
        m1_0.email,
        m1_0.name,
        m1_0.nickname,
        m1_0.password,
        m1_0.profile_image_url,
        m1_0.role,
        m1_0.social_type,
        m1_0.status,
        m1_0.updated_at 
    from
        member m1_0 
    where
        m1_0.email=? 
        and m1_0.role=?
2026-04-22 17:08:49.831 TRACE [d9896114] org.hibernate.orm.jdbc.bind - binding parameter (1:VARCHAR) <- [guest1@naver.com]
2026-04-22 17:08:49.831 TRACE [d9896114] org.hibernate.orm.jdbc.bind - binding parameter (2:ENUM) <- [GUEST]
2026-04-22 17:08:49.833 INFO  [d9896114] c.t.a.logging.MdcLoggingFilter - [HTTP] 요청 완료 - statusCode: 200, latencyMs: 41, requestUri: /api/members/me/profile, method: PUT
2026-04-22 17:08:55.741 INFO  [e13f9206] c.t.a.logging.MdcLoggingFilter - [HTTP] 요청 완료 - statusCode: 200, latencyMs: 164, requestUri: /api/files/upload, method: POST
2026-04-22 17:08:55.753 DEBUG [e89307d6] org.hibernate.SQL - 
    /* <criteria> */ select
        m1_0.id,
        m1_0.created_at,
        m1_0.email,
        m1_0.name,
        m1_0.nickname,
        m1_0.password,
        m1_0.profile_image_url,
        m1_0.role,
        m1_0.social_type,
        m1_0.status,
        m1_0.updated_at 
    from
        member m1_0 
    where
        m1_0.email=? 
        and m1_0.role=?
2026-04-22 17:08:55.753 TRACE [e89307d6] org.hibernate.orm.jdbc.bind - binding parameter (1:VARCHAR) <- [guest1@naver.com]
2026-04-22 17:08:55.753 TRACE [e89307d6] org.hibernate.orm.jdbc.bind - binding parameter (2:ENUM) <- [GUEST]
2026-04-22 17:08:55.755 DEBUG [e89307d6] org.hibernate.SQL - 
    /* update
        for com.team6.domain.member.entity.Member */update member 
    set
        email=?,
        name=?,
        nickname=?,
        password=?,
        profile_image_url=?,
        role=?,
        social_type=?,
        status=?,
        updated_at=? 
    where
        id=?
2026-04-22 17:08:55.756 TRACE [e89307d6] org.hibernate.orm.jdbc.bind - binding parameter (1:VARCHAR) <- [guest1@naver.com]
2026-04-22 17:08:55.756 TRACE [e89307d6] org.hibernate.orm.jdbc.bind - binding parameter (2:VARCHAR) <- [guest1]
2026-04-22 17:08:55.756 TRACE [e89307d6] org.hibernate.orm.jdbc.bind - binding parameter (3:VARCHAR) <- [guest1]
2026-04-22 17:08:55.756 TRACE [e89307d6] org.hibernate.orm.jdbc.bind - binding parameter (4:VARCHAR) <- [$2a$10$gjvI5EstZKorK6J91lfTPuFmXbHGkX5vGd.AB9K9LtEC2cWJDV2h.]
2026-04-22 17:08:55.756 TRACE [e89307d6] org.hibernate.orm.jdbc.bind - binding parameter (5:VARCHAR) <- [https://local-guest-s3.s3.ap-northeast-2.amazonaws.com//guest-profile/7a9d894f-720b-41df-9fae-9a48f190ad47.png]
2026-04-22 17:08:55.756 TRACE [e89307d6] org.hibernate.orm.jdbc.bind - binding parameter (6:ENUM) <- [GUEST]
2026-04-22 17:08:55.756 TRACE [e89307d6] org.hibernate.orm.jdbc.bind - binding parameter (7:ENUM) <- [null]
2026-04-22 17:08:55.756 TRACE [e89307d6] org.hibernate.orm.jdbc.bind - binding parameter (8:ENUM) <- [ACTIVE]
2026-04-22 17:08:55.756 TRACE [e89307d6] org.hibernate.orm.jdbc.bind - binding parameter (9:TIMESTAMP) <- [2026-04-20T10:22:23.114223]
2026-04-22 17:08:55.756 TRACE [e89307d6] org.hibernate.orm.jdbc.bind - binding parameter (10:BIGINT) <- [6]
2026-04-22 17:08:55.760 DEBUG [e89307d6] org.hibernate.SQL - 
    /* <criteria> */ select
        m1_0.id,
        m1_0.created_at,
        m1_0.email,
        m1_0.name,
        m1_0.nickname,
        m1_0.password,
        m1_0.profile_image_url,
        m1_0.role,
        m1_0.social_type,
        m1_0.status,
        m1_0.updated_at 
    from
        member m1_0 
    where
        m1_0.email=? 
        and m1_0.role=?
2026-04-22 17:08:55.760 TRACE [e89307d6] org.hibernate.orm.jdbc.bind - binding parameter (1:VARCHAR) <- [guest1@naver.com]
2026-04-22 17:08:55.760 TRACE [e89307d6] org.hibernate.orm.jdbc.bind - binding parameter (2:ENUM) <- [GUEST]
2026-04-22 17:08:55.763 INFO  [e89307d6] c.t.a.logging.MdcLoggingFilter - [HTTP] 요청 완료 - statusCode: 200, latencyMs: 15, requestUri: /api/members/me/profile, method: PUT
2026-04-22 17:08:59.057 DEBUG [70caf5d1] org.hibernate.SQL - 
    /* <criteria> */ select
        m1_0.id,
        m1_0.created_at,
        m1_0.email,
        m1_0.name,
        m1_0.nickname,
        m1_0.password,
        m1_0.profile_image_url,
        m1_0.role,
        m1_0.social_type,
        m1_0.status,
        m1_0.updated_at 
    from
        member m1_0 
    where
        m1_0.email=? 
        and m1_0.role=?
2026-04-22 17:08:59.057 TRACE [70caf5d1] org.hibernate.orm.jdbc.bind - binding parameter (1:VARCHAR) <- [guest1@naver.com]
2026-04-22 17:08:59.057 TRACE [70caf5d1] org.hibernate.orm.jdbc.bind - binding parameter (2:ENUM) <- [GUEST]
2026-04-22 17:08:59.061 INFO  [70caf5d1] c.t.a.logging.MdcLoggingFilter - [HTTP] 요청 완료 - statusCode: 200, latencyMs: 8, requestUri: /api/members/me/profile, method: GET
2026-04-22 17:08:59.074 DEBUG [f42bb30c] org.hibernate.SQL - 
    /* <criteria> */ select
        m1_0.id,
        m1_0.created_at,
        m1_0.email,
        m1_0.name,
        m1_0.nickname,
        m1_0.password,
        m1_0.profile_image_url,
        m1_0.role,
        m1_0.social_type,
        m1_0.status,
        m1_0.updated_at 
    from
        member m1_0 
    where
        m1_0.email=? 
        and m1_0.role=?
2026-04-22 17:08:59.074 TRACE [f42bb30c] org.hibernate.orm.jdbc.bind - binding parameter (1:VARCHAR) <- [guest1@naver.com]
2026-04-22 17:08:59.074 TRACE [f42bb30c] org.hibernate.orm.jdbc.bind - binding parameter (2:ENUM) <- [GUEST]
2026-04-22 17:08:59.077 INFO  [f42bb30c] c.t.a.logging.MdcLoggingFilter - [HTTP] 요청 완료 - statusCode: 200, latencyMs: 12, requestUri: /api/members/me/profile, method: GET
2026-04-22 17:08:59.085 DEBUG [15db9806] org.hibernate.SQL - 
    /* <criteria> */ select
        m1_0.id,
        m1_0.created_at,
        m1_0.email,
        m1_0.name,
        m1_0.nickname,
        m1_0.password,
        m1_0.profile_image_url,
        m1_0.role,
        m1_0.social_type,
        m1_0.status,
        m1_0.updated_at 
    from
        member m1_0 
    where
        m1_0.email=? 
        and m1_0.role=?
2026-04-22 17:08:59.085 TRACE [15db9806] org.hibernate.orm.jdbc.bind - binding parameter (1:VARCHAR) <- [guest1@naver.com]
2026-04-22 17:08:59.085 TRACE [15db9806] org.hibernate.orm.jdbc.bind - binding parameter (2:ENUM) <- [GUEST]
2026-04-22 17:08:59.088 INFO  [15db9806] c.t.a.logging.MdcLoggingFilter - [HTTP] 요청 완료 - statusCode: 200, latencyMs: 7, requestUri: /api/members/me/profile, method: GET
2026-04-22 17:08:59.099 DEBUG [bdc25d3b] org.hibernate.SQL - 
    /* <criteria> */ select
        m1_0.id,
        m1_0.created_at,
        m1_0.email,
        m1_0.name,
        m1_0.nickname,
        m1_0.password,
        m1_0.profile_image_url,
        m1_0.role,
        m1_0.social_type,
        m1_0.status,
        m1_0.updated_at 
    from
        member m1_0 
    where
        m1_0.email=? 
        and m1_0.role=?
2026-04-22 17:08:59.099 TRACE [bdc25d3b] org.hibernate.orm.jdbc.bind - binding parameter (1:VARCHAR) <- [guest1@naver.com]
2026-04-22 17:08:59.099 TRACE [bdc25d3b] org.hibernate.orm.jdbc.bind - binding parameter (2:ENUM) <- [GUEST]
2026-04-22 17:08:59.115 INFO  [bdc25d3b] c.t.a.logging.MdcLoggingFilter - [HTTP] 요청 완료 - statusCode: 200, latencyMs: 21, requestUri: /api/members/me/profile, method: GET
2026-04-22 17:09:00.005 DEBUG [] org.hibernate.SQL - 
    /* <criteria> */ select
        te1_0.id,
        te1_0.created_at,
        te1_0.deadline_at,
        te1_0.extended_date,
        te1_0.extended_price,
        te1_0.guest_id,
        te1_0.guide_approved_at,
        te1_0.match_request_id,
        te1_0.requested_at,
        te1_0.status,
        te1_0.updated_at 
    from
        tour_extension te1_0 
    where
        te1_0.status=? 
        and te1_0.deadline_at<?
2026-04-22 17:09:00.005 TRACE [] org.hibernate.orm.jdbc.bind - binding parameter (1:ENUM) <- [REQUESTED]
2026-04-22 17:09:00.005 TRACE [] org.hibernate.orm.jdbc.bind - binding parameter (2:TIMESTAMP) <- [2026-04-22T17:09:00.002852300]
2026-04-22 17:09:07.417 INFO  [17183956] c.t.a.logging.MdcLoggingFilter - [HTTP] 요청 완료 - statusCode: 200, latencyMs: 13, requestUri: /api/auth/logout, method: POST
2026-04-22 17:09:17.832 DEBUG [633fc44a] org.hibernate.SQL - 
    /* <criteria> */ select
        m1_0.id 
    from
        member m1_0 
    where
        m1_0.nickname=? 
        and m1_0.status=? 
    limit
        ?
2026-04-22 17:09:17.832 TRACE [633fc44a] org.hibernate.orm.jdbc.bind - binding parameter (1:VARCHAR) <- [guest5]
2026-04-22 17:09:17.832 TRACE [633fc44a] org.hibernate.orm.jdbc.bind - binding parameter (2:ENUM) <- [ACTIVE]
2026-04-22 17:09:17.833 TRACE [633fc44a] org.hibernate.orm.jdbc.bind - binding parameter (3:INTEGER) <- [1]
2026-04-22 17:09:17.837 INFO  [633fc44a] c.t.a.logging.MdcLoggingFilter - [HTTP] 요청 완료 - statusCode: 200, latencyMs: 18, requestUri: /api/members/nickname-availability, method: GET
2026-04-22 17:09:25.634 INFO  [930d265b] c.t.a.logging.MdcLoggingFilter - [HTTP] 요청 완료 - statusCode: 200, latencyMs: 67, requestUri: /api/members/email-verification/send, method: POST
2026-04-22 17:09:27.402 INFO  [7f6faab3] c.t.a.logging.MdcLoggingFilter - [HTTP] 요청 완료 - statusCode: 200, latencyMs: 8, requestUri: /api/members/email-verification/confirm, method: POST
2026-04-22 17:09:28.162 DEBUG [c7a7f431] org.hibernate.SQL - 
    /* <criteria> */ select
        m1_0.id,
        m1_0.created_at,
        m1_0.email,
        m1_0.name,
        m1_0.nickname,
        m1_0.password,
        m1_0.profile_image_url,
        m1_0.role,
        m1_0.social_type,
        m1_0.status,
        m1_0.updated_at 
    from
        member m1_0 
    where
        m1_0.email=? 
        and m1_0.role=?
2026-04-22 17:09:28.162 TRACE [c7a7f431] org.hibernate.orm.jdbc.bind - binding parameter (1:VARCHAR) <- [guest5@naver.com]
2026-04-22 17:09:28.163 TRACE [c7a7f431] org.hibernate.orm.jdbc.bind - binding parameter (2:ENUM) <- [GUEST]
2026-04-22 17:09:28.165 DEBUG [c7a7f431] org.hibernate.SQL - 
    /* <criteria> */ select
        m1_0.id 
    from
        member m1_0 
    where
        m1_0.nickname=? 
        and m1_0.status=? 
    limit
        ?
2026-04-22 17:09:28.165 TRACE [c7a7f431] org.hibernate.orm.jdbc.bind - binding parameter (1:VARCHAR) <- [guest5]
2026-04-22 17:09:28.165 TRACE [c7a7f431] org.hibernate.orm.jdbc.bind - binding parameter (2:ENUM) <- [ACTIVE]
2026-04-22 17:09:28.165 TRACE [c7a7f431] org.hibernate.orm.jdbc.bind - binding parameter (3:INTEGER) <- [1]
2026-04-22 17:09:28.178 DEBUG [c7a7f431] org.hibernate.SQL - 
    /* insert for
        com.team6.domain.member.entity.Member */insert 
    into
        member (created_at, email, name, nickname, password, profile_image_url, role, social_type, status, updated_at) 
    values
        (?, ?, ?, ?, ?, ?, ?, ?, ?, ?)
2026-04-22 17:09:28.179 TRACE [c7a7f431] org.hibernate.orm.jdbc.bind - binding parameter (1:TIMESTAMP) <- [2026-04-22T17:09:28.176711]
2026-04-22 17:09:28.179 TRACE [c7a7f431] org.hibernate.orm.jdbc.bind - binding parameter (2:VARCHAR) <- [guest5@naver.com]
2026-04-22 17:09:28.179 TRACE [c7a7f431] org.hibernate.orm.jdbc.bind - binding parameter (3:VARCHAR) <- [guest5]
2026-04-22 17:09:28.179 TRACE [c7a7f431] org.hibernate.orm.jdbc.bind - binding parameter (4:VARCHAR) <- [guest5]
2026-04-22 17:09:28.179 TRACE [c7a7f431] org.hibernate.orm.jdbc.bind - binding parameter (5:VARCHAR) <- [$2a$10$tgDFy8Q/OnmFIZKR4HmtPuUbAO.SLqnelIra7rus/053/8FKWy.bm]
2026-04-22 17:09:28.179 TRACE [c7a7f431] org.hibernate.orm.jdbc.bind - binding parameter (6:VARCHAR) <- [null]
2026-04-22 17:09:28.179 TRACE [c7a7f431] org.hibernate.orm.jdbc.bind - binding parameter (7:ENUM) <- [GUEST]
2026-04-22 17:09:28.179 TRACE [c7a7f431] org.hibernate.orm.jdbc.bind - binding parameter (8:ENUM) <- [null]
2026-04-22 17:09:28.179 TRACE [c7a7f431] org.hibernate.orm.jdbc.bind - binding parameter (9:ENUM) <- [ACTIVE]
2026-04-22 17:09:28.180 TRACE [c7a7f431] org.hibernate.orm.jdbc.bind - binding parameter (10:TIMESTAMP) <- [2026-04-22T17:09:28.176711]
2026-04-22 17:09:28.205 INFO  [c7a7f431] c.t.a.logging.MdcLoggingFilter - [HTTP] 요청 완료 - statusCode: 200, latencyMs: 114, requestUri: /api/members/join, method: POST
2026-04-22 17:09:31.928 DEBUG [bf533260] org.hibernate.SQL - 
    /* <criteria> */ select
        m1_0.id,
        m1_0.created_at,
        m1_0.email,
        m1_0.name,
        m1_0.nickname,
        m1_0.password,
        m1_0.profile_image_url,
        m1_0.role,
        m1_0.social_type,
        m1_0.status,
        m1_0.updated_at 
    from
        member m1_0 
    where
        m1_0.email=? 
        and m1_0.role=?
2026-04-22 17:09:31.928 TRACE [bf533260] org.hibernate.orm.jdbc.bind - binding parameter (1:VARCHAR) <- [guest5@naver.com]
2026-04-22 17:09:31.928 TRACE [bf533260] org.hibernate.orm.jdbc.bind - binding parameter (2:ENUM) <- [GUEST]
2026-04-22 17:09:31.989 INFO  [bf533260] c.t.a.logging.MdcLoggingFilter - [HTTP] 요청 완료 - statusCode: 200, latencyMs: 64, requestUri: /api/auth/login, method: POST
2026-04-22 17:09:32.020 DEBUG [a07b0a39] org.hibernate.SQL - 
    /* <criteria> */ select
        gp1_0.id,
        gp1_0.average_rating,
        gp1_0.bio,
        gp1_0.created_at,
        gp1_0.default_course,
        gp1_0.guide_style,
        gp1_0.is_active,
        gp1_0.is_approved,
        gp1_0.keywords,
        gp1_0.language,
        gp1_0.local_story,
        gp1_0.member_id,
        gp1_0.nickname,
        gp1_0.price_per_hour,
        gp1_0.profile_image,
        gp1_0.region,
        gp1_0.residence_years,
        gp1_0.review_count,
        gp1_0.updated_at 
    from
        guide_profiles gp1_0 
    where
        gp1_0.is_approved 
        and gp1_0.is_active
2026-04-22 17:09:32.026 INFO  [a07b0a39] c.t.a.logging.MdcLoggingFilter - [HTTP] 요청 완료 - statusCode: 200, latencyMs: 11, requestUri: /api/guides, method: GET
2026-04-22 17:09:32.034 DEBUG [5139464b] org.hibernate.SQL - 
    /* <criteria> */ select
        gp1_0.id,
        gp1_0.average_rating,
        gp1_0.bio,
        gp1_0.created_at,
        gp1_0.default_course,
        gp1_0.guide_style,
        gp1_0.is_active,
        gp1_0.is_approved,
        gp1_0.keywords,
        gp1_0.language,
        gp1_0.local_story,
        gp1_0.member_id,
        gp1_0.nickname,
        gp1_0.price_per_hour,
        gp1_0.profile_image,
        gp1_0.region,
        gp1_0.residence_years,
        gp1_0.review_count,
        gp1_0.updated_at 
    from
        guide_profiles gp1_0 
    where
        gp1_0.is_approved 
        and gp1_0.is_active
2026-04-22 17:09:32.037 INFO  [5139464b] c.t.a.logging.MdcLoggingFilter - [HTTP] 요청 완료 - statusCode: 200, latencyMs: 7, requestUri: /api/guides, method: GET
2026-04-22 17:09:33.250 DEBUG [717d3440] org.hibernate.SQL - 
    /* <criteria> */ select
        m1_0.id,
        m1_0.created_at,
        m1_0.email,
        m1_0.name,
        m1_0.nickname,
        m1_0.password,
        m1_0.profile_image_url,
        m1_0.role,
        m1_0.social_type,
        m1_0.status,
        m1_0.updated_at 
    from
        member m1_0 
    where
        m1_0.email=? 
        and m1_0.role=?
2026-04-22 17:09:33.250 TRACE [717d3440] org.hibernate.orm.jdbc.bind - binding parameter (1:VARCHAR) <- [guest5@naver.com]
2026-04-22 17:09:33.250 TRACE [717d3440] org.hibernate.orm.jdbc.bind - binding parameter (2:ENUM) <- [GUEST]
2026-04-22 17:09:33.253 INFO  [717d3440] c.t.a.logging.MdcLoggingFilter - [HTTP] 요청 완료 - statusCode: 200, latencyMs: 7, requestUri: /api/members/me/profile, method: GET
2026-04-22 17:09:33.254 DEBUG [bddedd22] org.hibernate.SQL - 
    /* <criteria> */ select
        m1_0.id,
        m1_0.created_at,
        m1_0.email,
        m1_0.name,
        m1_0.nickname,
        m1_0.password,
        m1_0.profile_image_url,
        m1_0.role,
        m1_0.social_type,
        m1_0.status,
        m1_0.updated_at 
    from
        member m1_0 
    where
        m1_0.email=? 
        and m1_0.role=?
2026-04-22 17:09:33.254 TRACE [bddedd22] org.hibernate.orm.jdbc.bind - binding parameter (1:VARCHAR) <- [guest5@naver.com]
2026-04-22 17:09:33.254 TRACE [bddedd22] org.hibernate.orm.jdbc.bind - binding parameter (2:ENUM) <- [GUEST]
2026-04-22 17:09:33.256 DEBUG [bddedd22] org.hibernate.SQL - 
    /* <criteria> */ select
        mr1_0.id,
        mr1_0.budget_max_won,
        mr1_0.budget_min_won,
        mr1_0.cancel_reason,
        mr1_0.cancelled_by,
        mr1_0.concept,
        mr1_0.concept_summary,
        mr1_0.created_at,
        mr1_0.desired_budget,
        mr1_0.desired_date,
        mr1_0.destination,
        mr1_0.guest_id,
        mr1_0.guide_id,
        mr1_0.guide_schedule_id,
        mr1_0.propose_message,
        mr1_0.proposed_schedule,
        mr1_0.status,
        mr1_0.updated_at 
    from
        match_request mr1_0 
    where
        mr1_0.guest_id=?
2026-04-22 17:09:33.257 TRACE [bddedd22] org.hibernate.orm.jdbc.bind - binding parameter (1:BIGINT) <- [1051]
2026-04-22 17:09:33.258 INFO  [bddedd22] c.t.a.logging.MdcLoggingFilter - [HTTP] 요청 완료 - statusCode: 200, latencyMs: 8, requestUri: /api/matching/requests/guest/list, method: GET
2026-04-22 17:09:33.260 DEBUG [2b5ae59b] org.hibernate.SQL - 
    /* <criteria> */ select
        m1_0.id,
        m1_0.created_at,
        m1_0.email,
        m1_0.name,
        m1_0.nickname,
        m1_0.password,
        m1_0.profile_image_url,
        m1_0.role,
        m1_0.social_type,
        m1_0.status,
        m1_0.updated_at 
    from
        member m1_0 
    where
        m1_0.email=? 
        and m1_0.role=?
2026-04-22 17:09:33.260 TRACE [2b5ae59b] org.hibernate.orm.jdbc.bind - binding parameter (1:VARCHAR) <- [guest5@naver.com]
2026-04-22 17:09:33.260 TRACE [2b5ae59b] org.hibernate.orm.jdbc.bind - binding parameter (2:ENUM) <- [GUEST]
2026-04-22 17:09:33.262 INFO  [2b5ae59b] c.t.a.logging.MdcLoggingFilter - [HTTP] 요청 완료 - statusCode: 200, latencyMs: 6, requestUri: /api/members/me/profile, method: GET
2026-04-22 17:09:33.266 DEBUG [cba89db1] org.hibernate.SQL - 
    /* <criteria> */ select
        m1_0.id,
        m1_0.created_at,
        m1_0.email,
        m1_0.name,
        m1_0.nickname,
        m1_0.password,
        m1_0.profile_image_url,
        m1_0.role,
        m1_0.social_type,
        m1_0.status,
        m1_0.updated_at 
    from
        member m1_0 
    where
        m1_0.email=? 
        and m1_0.role=?
2026-04-22 17:09:33.266 TRACE [cba89db1] org.hibernate.orm.jdbc.bind - binding parameter (1:VARCHAR) <- [guest5@naver.com]
2026-04-22 17:09:33.266 TRACE [cba89db1] org.hibernate.orm.jdbc.bind - binding parameter (2:ENUM) <- [GUEST]
2026-04-22 17:09:33.269 DEBUG [371e4518] org.hibernate.SQL - 
    /* <criteria> */ select
        m1_0.id,
        m1_0.created_at,
        m1_0.email,
        m1_0.name,
        m1_0.nickname,
        m1_0.password,
        m1_0.profile_image_url,
        m1_0.role,
        m1_0.social_type,
        m1_0.status,
        m1_0.updated_at 
    from
        member m1_0 
    where
        m1_0.email=? 
        and m1_0.role=?
2026-04-22 17:09:33.269 TRACE [371e4518] org.hibernate.orm.jdbc.bind - binding parameter (1:VARCHAR) <- [guest5@naver.com]
2026-04-22 17:09:33.269 TRACE [371e4518] org.hibernate.orm.jdbc.bind - binding parameter (2:ENUM) <- [GUEST]
2026-04-22 17:09:33.269 DEBUG [cba89db1] org.hibernate.SQL - 
    /* <criteria> */ select
        mr1_0.id,
        mr1_0.budget_max_won,
        mr1_0.budget_min_won,
        mr1_0.cancel_reason,
        mr1_0.cancelled_by,
        mr1_0.concept,
        mr1_0.concept_summary,
        mr1_0.created_at,
        mr1_0.desired_budget,
        mr1_0.desired_date,
        mr1_0.destination,
        mr1_0.guest_id,
        mr1_0.guide_id,
        mr1_0.guide_schedule_id,
        mr1_0.propose_message,
        mr1_0.proposed_schedule,
        mr1_0.status,
        mr1_0.updated_at 
    from
        match_request mr1_0 
    where
        mr1_0.guest_id=?
2026-04-22 17:09:33.269 TRACE [cba89db1] org.hibernate.orm.jdbc.bind - binding parameter (1:BIGINT) <- [1051]
2026-04-22 17:09:33.271 INFO  [cba89db1] c.t.a.logging.MdcLoggingFilter - [HTTP] 요청 완료 - statusCode: 200, latencyMs: 8, requestUri: /api/matching/requests/guest/list, method: GET
2026-04-22 17:09:33.271 INFO  [371e4518] c.t.a.logging.MdcLoggingFilter - [HTTP] 요청 완료 - statusCode: 200, latencyMs: 6, requestUri: /api/members/me/profile, method: GET
2026-04-22 17:09:33.281 DEBUG [19cb1e24] org.hibernate.SQL - 
    /* <criteria> */ select
        m1_0.id,
        m1_0.created_at,
        m1_0.email,
        m1_0.name,
        m1_0.nickname,
        m1_0.password,
        m1_0.profile_image_url,
        m1_0.role,
        m1_0.social_type,
        m1_0.status,
        m1_0.updated_at 
    from
        member m1_0 
    where
        m1_0.email=? 
        and m1_0.role=?
2026-04-22 17:09:33.281 TRACE [19cb1e24] org.hibernate.orm.jdbc.bind - binding parameter (1:VARCHAR) <- [guest5@naver.com]
2026-04-22 17:09:33.281 TRACE [19cb1e24] org.hibernate.orm.jdbc.bind - binding parameter (2:ENUM) <- [GUEST]
2026-04-22 17:09:33.284 INFO  [19cb1e24] c.t.a.logging.MdcLoggingFilter - [HTTP] 요청 완료 - statusCode: 200, latencyMs: 7, requestUri: /api/members/me/profile, method: GET
2026-04-22 17:09:34.686 DEBUG [a8ee5843] org.hibernate.SQL - 
    /* <criteria> */ select
        m1_0.id,
        m1_0.created_at,
        m1_0.email,
        m1_0.name,
        m1_0.nickname,
        m1_0.password,
        m1_0.profile_image_url,
        m1_0.role,
        m1_0.social_type,
        m1_0.status,
        m1_0.updated_at 
    from
        member m1_0 
    where
        m1_0.email=? 
        and m1_0.role=?
2026-04-22 17:09:34.686 DEBUG [79ee90ec] org.hibernate.SQL - 
    /* <criteria> */ select
        m1_0.id,
        m1_0.created_at,
        m1_0.email,
        m1_0.name,
        m1_0.nickname,
        m1_0.password,
        m1_0.profile_image_url,
        m1_0.role,
        m1_0.social_type,
        m1_0.status,
        m1_0.updated_at 
    from
        member m1_0 
    where
        m1_0.email=? 
        and m1_0.role=?
2026-04-22 17:09:34.686 TRACE [a8ee5843] org.hibernate.orm.jdbc.bind - binding parameter (1:VARCHAR) <- [guest5@naver.com]
2026-04-22 17:09:34.686 TRACE [79ee90ec] org.hibernate.orm.jdbc.bind - binding parameter (1:VARCHAR) <- [guest5@naver.com]
2026-04-22 17:09:34.686 TRACE [a8ee5843] org.hibernate.orm.jdbc.bind - binding parameter (2:ENUM) <- [GUEST]
2026-04-22 17:09:34.686 TRACE [79ee90ec] org.hibernate.orm.jdbc.bind - binding parameter (2:ENUM) <- [GUEST]
2026-04-22 17:09:34.688 DEBUG [79ee90ec] org.hibernate.SQL - 
    /* <criteria> */ select
        p1_0.id,
        p1_0.amount,
        p1_0.created_at,
        p1_0.match_request_id,
        p1_0.paid_at,
        p1_0.payer_id,
        p1_0.payment_type,
        p1_0.pg_order_no,
        p1_0.pg_transaction_id,
        p1_0.refund_deadline,
        p1_0.status,
        p1_0.updated_at 
    from
        payment p1_0 
    where
        p1_0.payer_id=?
2026-04-22 17:09:34.688 DEBUG [a8ee5843] org.hibernate.SQL - 
    /* <criteria> */ select
        mr1_0.id,
        mr1_0.budget_max_won,
        mr1_0.budget_min_won,
        mr1_0.cancel_reason,
        mr1_0.cancelled_by,
        mr1_0.concept,
        mr1_0.concept_summary,
        mr1_0.created_at,
        mr1_0.desired_budget,
        mr1_0.desired_date,
        mr1_0.destination,
        mr1_0.guest_id,
        mr1_0.guide_id,
        mr1_0.guide_schedule_id,
        mr1_0.propose_message,
        mr1_0.proposed_schedule,
        mr1_0.status,
        mr1_0.updated_at 
    from
        match_request mr1_0 
    where
        mr1_0.guest_id=?
2026-04-22 17:09:34.688 TRACE [79ee90ec] org.hibernate.orm.jdbc.bind - binding parameter (1:BIGINT) <- [1051]
2026-04-22 17:09:34.688 TRACE [a8ee5843] org.hibernate.orm.jdbc.bind - binding parameter (1:BIGINT) <- [1051]
2026-04-22 17:09:34.690 INFO  [79ee90ec] c.t.a.logging.MdcLoggingFilter - [HTTP] 요청 완료 - statusCode: 200, latencyMs: 7, requestUri: /api/matching/payments/guest/list, method: GET
2026-04-22 17:09:34.690 INFO  [a8ee5843] c.t.a.logging.MdcLoggingFilter - [HTTP] 요청 완료 - statusCode: 200, latencyMs: 7, requestUri: /api/matching/requests/guest/list, method: GET
2026-04-22 17:09:34.699 DEBUG [08669e6a] org.hibernate.SQL - 
    /* <criteria> */ select
        m1_0.id,
        m1_0.created_at,
        m1_0.email,
        m1_0.name,
        m1_0.nickname,
        m1_0.password,
        m1_0.profile_image_url,
        m1_0.role,
        m1_0.social_type,
        m1_0.status,
        m1_0.updated_at 
    from
        member m1_0 
    where
        m1_0.email=? 
        and m1_0.role=?
2026-04-22 17:09:34.699 DEBUG [cf0ff6e8] org.hibernate.SQL - 
    /* <criteria> */ select
        m1_0.id,
        m1_0.created_at,
        m1_0.email,
        m1_0.name,
        m1_0.nickname,
        m1_0.password,
        m1_0.profile_image_url,
        m1_0.role,
        m1_0.social_type,
        m1_0.status,
        m1_0.updated_at 
    from
        member m1_0 
    where
        m1_0.email=? 
        and m1_0.role=?
2026-04-22 17:09:34.699 TRACE [08669e6a] org.hibernate.orm.jdbc.bind - binding parameter (1:VARCHAR) <- [guest5@naver.com]
2026-04-22 17:09:34.699 TRACE [08669e6a] org.hibernate.orm.jdbc.bind - binding parameter (2:ENUM) <- [GUEST]
2026-04-22 17:09:34.700 TRACE [cf0ff6e8] org.hibernate.orm.jdbc.bind - binding parameter (1:VARCHAR) <- [guest5@naver.com]
2026-04-22 17:09:34.700 TRACE [cf0ff6e8] org.hibernate.orm.jdbc.bind - binding parameter (2:ENUM) <- [GUEST]
2026-04-22 17:09:34.702 DEBUG [cf0ff6e8] org.hibernate.SQL - 
    /* <criteria> */ select
        p1_0.id,
        p1_0.amount,
        p1_0.created_at,
        p1_0.match_request_id,
        p1_0.paid_at,
        p1_0.payer_id,
        p1_0.payment_type,
        p1_0.pg_order_no,
        p1_0.pg_transaction_id,
        p1_0.refund_deadline,
        p1_0.status,
        p1_0.updated_at 
    from
        payment p1_0 
    where
        p1_0.payer_id=?
2026-04-22 17:09:34.702 DEBUG [08669e6a] org.hibernate.SQL - 
    /* <criteria> */ select
        mr1_0.id,
        mr1_0.budget_max_won,
        mr1_0.budget_min_won,
        mr1_0.cancel_reason,
        mr1_0.cancelled_by,
        mr1_0.concept,
        mr1_0.concept_summary,
        mr1_0.created_at,
        mr1_0.desired_budget,
        mr1_0.desired_date,
        mr1_0.destination,
        mr1_0.guest_id,
        mr1_0.guide_id,
        mr1_0.guide_schedule_id,
        mr1_0.propose_message,
        mr1_0.proposed_schedule,
        mr1_0.status,
        mr1_0.updated_at 
    from
        match_request mr1_0 
    where
        mr1_0.guest_id=?
2026-04-22 17:09:34.702 TRACE [cf0ff6e8] org.hibernate.orm.jdbc.bind - binding parameter (1:BIGINT) <- [1051]
2026-04-22 17:09:34.702 TRACE [08669e6a] org.hibernate.orm.jdbc.bind - binding parameter (1:BIGINT) <- [1051]
2026-04-22 17:09:34.704 INFO  [08669e6a] c.t.a.logging.MdcLoggingFilter - [HTTP] 요청 완료 - statusCode: 200, latencyMs: 8, requestUri: /api/matching/requests/guest/list, method: GET
2026-04-22 17:09:34.704 INFO  [cf0ff6e8] c.t.a.logging.MdcLoggingFilter - [HTTP] 요청 완료 - statusCode: 200, latencyMs: 8, requestUri: /api/matching/payments/guest/list, method: GET
2026-04-22 17:09:35.988 DEBUG [f4c3f5b0] org.hibernate.SQL - 
    /* <criteria> */ select
        m1_0.id,
        m1_0.created_at,
        m1_0.email,
        m1_0.name,
        m1_0.nickname,
        m1_0.password,
        m1_0.profile_image_url,
        m1_0.role,
        m1_0.social_type,
        m1_0.status,
        m1_0.updated_at 
    from
        member m1_0 
    where
        m1_0.email=? 
        and m1_0.role=?
2026-04-22 17:09:35.989 TRACE [f4c3f5b0] org.hibernate.orm.jdbc.bind - binding parameter (1:VARCHAR) <- [guest5@naver.com]
2026-04-22 17:09:35.989 TRACE [f4c3f5b0] org.hibernate.orm.jdbc.bind - binding parameter (2:ENUM) <- [GUEST]
2026-04-22 17:09:35.989 DEBUG [34c7478b] org.hibernate.SQL - 
    /* <criteria> */ select
        m1_0.id,
        m1_0.created_at,
        m1_0.email,
        m1_0.name,
        m1_0.nickname,
        m1_0.password,
        m1_0.profile_image_url,
        m1_0.role,
        m1_0.social_type,
        m1_0.status,
        m1_0.updated_at 
    from
        member m1_0 
    where
        m1_0.email=? 
        and m1_0.role=?
2026-04-22 17:09:35.989 TRACE [34c7478b] org.hibernate.orm.jdbc.bind - binding parameter (1:VARCHAR) <- [guest5@naver.com]
2026-04-22 17:09:35.989 TRACE [34c7478b] org.hibernate.orm.jdbc.bind - binding parameter (2:ENUM) <- [GUEST]
2026-04-22 17:09:35.991 DEBUG [f4c3f5b0] org.hibernate.SQL - 
    /* <criteria> */ select
        mr1_0.id,
        mr1_0.budget_max_won,
        mr1_0.budget_min_won,
        mr1_0.cancel_reason,
        mr1_0.cancelled_by,
        mr1_0.concept,
        mr1_0.concept_summary,
        mr1_0.created_at,
        mr1_0.desired_budget,
        mr1_0.desired_date,
        mr1_0.destination,
        mr1_0.guest_id,
        mr1_0.guide_id,
        mr1_0.guide_schedule_id,
        mr1_0.propose_message,
        mr1_0.proposed_schedule,
        mr1_0.status,
        mr1_0.updated_at 
    from
        match_request mr1_0 
    where
        mr1_0.guest_id=?
2026-04-22 17:09:35.992 TRACE [f4c3f5b0] org.hibernate.orm.jdbc.bind - binding parameter (1:BIGINT) <- [1051]
2026-04-22 17:09:35.992 INFO  [34c7478b] c.t.a.logging.MdcLoggingFilter - [HTTP] 요청 완료 - statusCode: 200, latencyMs: 7, requestUri: /api/members/me/profile, method: GET
2026-04-22 17:09:35.994 INFO  [f4c3f5b0] c.t.a.logging.MdcLoggingFilter - [HTTP] 요청 완료 - statusCode: 200, latencyMs: 9, requestUri: /api/matching/requests/guest/list, method: GET
2026-04-22 17:09:35.999 DEBUG [bbc43f50] org.hibernate.SQL - 
    /* <criteria> */ select
        m1_0.id,
        m1_0.created_at,
        m1_0.email,
        m1_0.name,
        m1_0.nickname,
        m1_0.password,
        m1_0.profile_image_url,
        m1_0.role,
        m1_0.social_type,
        m1_0.status,
        m1_0.updated_at 
    from
        member m1_0 
    where
        m1_0.email=? 
        and m1_0.role=?
2026-04-22 17:09:35.999 TRACE [bbc43f50] org.hibernate.orm.jdbc.bind - binding parameter (1:VARCHAR) <- [guest5@naver.com]
2026-04-22 17:09:35.999 TRACE [bbc43f50] org.hibernate.orm.jdbc.bind - binding parameter (2:ENUM) <- [GUEST]
2026-04-22 17:09:35.999 DEBUG [86ffcac5] org.hibernate.SQL - 
    /* <criteria> */ select
        m1_0.id,
        m1_0.created_at,
        m1_0.email,
        m1_0.name,
        m1_0.nickname,
        m1_0.password,
        m1_0.profile_image_url,
        m1_0.role,
        m1_0.social_type,
        m1_0.status,
        m1_0.updated_at 
    from
        member m1_0 
    where
        m1_0.email=? 
        and m1_0.role=?
2026-04-22 17:09:36.000 TRACE [86ffcac5] org.hibernate.orm.jdbc.bind - binding parameter (1:VARCHAR) <- [guest5@naver.com]
2026-04-22 17:09:36.000 TRACE [86ffcac5] org.hibernate.orm.jdbc.bind - binding parameter (2:ENUM) <- [GUEST]
2026-04-22 17:09:36.001 DEBUG [86ffcac5] org.hibernate.SQL - 
    /* <criteria> */ select
        mr1_0.id,
        mr1_0.budget_max_won,
        mr1_0.budget_min_won,
        mr1_0.cancel_reason,
        mr1_0.cancelled_by,
        mr1_0.concept,
        mr1_0.concept_summary,
        mr1_0.created_at,
        mr1_0.desired_budget,
        mr1_0.desired_date,
        mr1_0.destination,
        mr1_0.guest_id,
        mr1_0.guide_id,
        mr1_0.guide_schedule_id,
        mr1_0.propose_message,
        mr1_0.proposed_schedule,
        mr1_0.status,
        mr1_0.updated_at 
    from
        match_request mr1_0 
    where
        mr1_0.guest_id=?
2026-04-22 17:09:36.002 TRACE [86ffcac5] org.hibernate.orm.jdbc.bind - binding parameter (1:BIGINT) <- [1051]
2026-04-22 17:09:36.002 INFO  [bbc43f50] c.t.a.logging.MdcLoggingFilter - [HTTP] 요청 완료 - statusCode: 200, latencyMs: 7, requestUri: /api/members/me/profile, method: GET
2026-04-22 17:09:36.004 INFO  [86ffcac5] c.t.a.logging.MdcLoggingFilter - [HTTP] 요청 완료 - statusCode: 200, latencyMs: 7, requestUri: /api/matching/requests/guest/list, method: GET
2026-04-22 17:09:36.686 DEBUG [c72ba7ae] org.hibernate.SQL - 
    /* <criteria> */ select
        m1_0.id,
        m1_0.created_at,
        m1_0.email,
        m1_0.name,
        m1_0.nickname,
        m1_0.password,
        m1_0.profile_image_url,
        m1_0.role,
        m1_0.social_type,
        m1_0.status,
        m1_0.updated_at 
    from
        member m1_0 
    where
        m1_0.email=? 
        and m1_0.role=?
2026-04-22 17:09:36.686 DEBUG [90b1c973] org.hibernate.SQL - 
    /* <criteria> */ select
        m1_0.id,
        m1_0.created_at,
        m1_0.email,
        m1_0.name,
        m1_0.nickname,
        m1_0.password,
        m1_0.profile_image_url,
        m1_0.role,
        m1_0.social_type,
        m1_0.status,
        m1_0.updated_at 
    from
        member m1_0 
    where
        m1_0.email=? 
        and m1_0.role=?
2026-04-22 17:09:36.687 TRACE [c72ba7ae] org.hibernate.orm.jdbc.bind - binding parameter (1:VARCHAR) <- [guest5@naver.com]
2026-04-22 17:09:36.687 TRACE [90b1c973] org.hibernate.orm.jdbc.bind - binding parameter (1:VARCHAR) <- [guest5@naver.com]
2026-04-22 17:09:36.687 TRACE [c72ba7ae] org.hibernate.orm.jdbc.bind - binding parameter (2:ENUM) <- [GUEST]
2026-04-22 17:09:36.687 TRACE [90b1c973] org.hibernate.orm.jdbc.bind - binding parameter (2:ENUM) <- [GUEST]
2026-04-22 17:09:36.687 DEBUG [83701b46] org.hibernate.SQL - 
    /* <criteria> */ select
        m1_0.id,
        m1_0.created_at,
        m1_0.email,
        m1_0.name,
        m1_0.nickname,
        m1_0.password,
        m1_0.profile_image_url,
        m1_0.role,
        m1_0.social_type,
        m1_0.status,
        m1_0.updated_at 
    from
        member m1_0 
    where
        m1_0.email=? 
        and m1_0.role=?
2026-04-22 17:09:36.688 TRACE [83701b46] org.hibernate.orm.jdbc.bind - binding parameter (1:VARCHAR) <- [guest5@naver.com]
2026-04-22 17:09:36.688 TRACE [83701b46] org.hibernate.orm.jdbc.bind - binding parameter (2:ENUM) <- [GUEST]
2026-04-22 17:09:36.689 DEBUG [c72ba7ae] org.hibernate.SQL - 
    /* <criteria> */ select
        p1_0.id,
        p1_0.amount,
        p1_0.created_at,
        p1_0.match_request_id,
        p1_0.paid_at,
        p1_0.payer_id,
        p1_0.payment_type,
        p1_0.pg_order_no,
        p1_0.pg_transaction_id,
        p1_0.refund_deadline,
        p1_0.status,
        p1_0.updated_at 
    from
        payment p1_0 
    where
        p1_0.payer_id=?
2026-04-22 17:09:36.689 DEBUG [90b1c973] org.hibernate.SQL - 
    /* <criteria> */ select
        mr1_0.id,
        mr1_0.budget_max_won,
        mr1_0.budget_min_won,
        mr1_0.cancel_reason,
        mr1_0.cancelled_by,
        mr1_0.concept,
        mr1_0.concept_summary,
        mr1_0.created_at,
        mr1_0.desired_budget,
        mr1_0.desired_date,
        mr1_0.destination,
        mr1_0.guest_id,
        mr1_0.guide_id,
        mr1_0.guide_schedule_id,
        mr1_0.propose_message,
        mr1_0.proposed_schedule,
        mr1_0.status,
        mr1_0.updated_at 
    from
        match_request mr1_0 
    where
        mr1_0.guest_id=?
2026-04-22 17:09:36.689 TRACE [c72ba7ae] org.hibernate.orm.jdbc.bind - binding parameter (1:BIGINT) <- [1051]
2026-04-22 17:09:36.689 TRACE [90b1c973] org.hibernate.orm.jdbc.bind - binding parameter (1:BIGINT) <- [1051]
2026-04-22 17:09:36.690 INFO  [83701b46] c.t.a.logging.MdcLoggingFilter - [HTTP] 요청 완료 - statusCode: 200, latencyMs: 5, requestUri: /api/members/me/profile, method: GET
2026-04-22 17:09:36.690 INFO  [90b1c973] c.t.a.logging.MdcLoggingFilter - [HTTP] 요청 완료 - statusCode: 200, latencyMs: 6, requestUri: /api/matching/requests/guest/list, method: GET
2026-04-22 17:09:36.690 INFO  [c72ba7ae] c.t.a.logging.MdcLoggingFilter - [HTTP] 요청 완료 - statusCode: 200, latencyMs: 8, requestUri: /api/matching/payments/guest/list, method: GET
2026-04-22 17:09:36.701 DEBUG [34f5d3c9] org.hibernate.SQL - 
    /* <criteria> */ select
        m1_0.id,
        m1_0.created_at,
        m1_0.email,
        m1_0.name,
        m1_0.nickname,
        m1_0.password,
        m1_0.profile_image_url,
        m1_0.role,
        m1_0.social_type,
        m1_0.status,
        m1_0.updated_at 
    from
        member m1_0 
    where
        m1_0.email=? 
        and m1_0.role=?
2026-04-22 17:09:36.701 DEBUG [8b5d45ff] org.hibernate.SQL - 
    /* <criteria> */ select
        m1_0.id,
        m1_0.created_at,
        m1_0.email,
        m1_0.name,
        m1_0.nickname,
        m1_0.password,
        m1_0.profile_image_url,
        m1_0.role,
        m1_0.social_type,
        m1_0.status,
        m1_0.updated_at 
    from
        member m1_0 
    where
        m1_0.email=? 
        and m1_0.role=?
2026-04-22 17:09:36.701 DEBUG [4e77137b] org.hibernate.SQL - 
    /* <criteria> */ select
        m1_0.id,
        m1_0.created_at,
        m1_0.email,
        m1_0.name,
        m1_0.nickname,
        m1_0.password,
        m1_0.profile_image_url,
        m1_0.role,
        m1_0.social_type,
        m1_0.status,
        m1_0.updated_at 
    from
        member m1_0 
    where
        m1_0.email=? 
        and m1_0.role=?
2026-04-22 17:09:36.701 TRACE [8b5d45ff] org.hibernate.orm.jdbc.bind - binding parameter (1:VARCHAR) <- [guest5@naver.com]
2026-04-22 17:09:36.701 TRACE [8b5d45ff] org.hibernate.orm.jdbc.bind - binding parameter (2:ENUM) <- [GUEST]
2026-04-22 17:09:36.701 TRACE [34f5d3c9] org.hibernate.orm.jdbc.bind - binding parameter (1:VARCHAR) <- [guest5@naver.com]
2026-04-22 17:09:36.701 TRACE [4e77137b] org.hibernate.orm.jdbc.bind - binding parameter (1:VARCHAR) <- [guest5@naver.com]
2026-04-22 17:09:36.701 TRACE [34f5d3c9] org.hibernate.orm.jdbc.bind - binding parameter (2:ENUM) <- [GUEST]
2026-04-22 17:09:36.701 TRACE [4e77137b] org.hibernate.orm.jdbc.bind - binding parameter (2:ENUM) <- [GUEST]
2026-04-22 17:09:36.703 DEBUG [34f5d3c9] org.hibernate.SQL - 
    /* <criteria> */ select
        p1_0.id,
        p1_0.amount,
        p1_0.created_at,
        p1_0.match_request_id,
        p1_0.paid_at,
        p1_0.payer_id,
        p1_0.payment_type,
        p1_0.pg_order_no,
        p1_0.pg_transaction_id,
        p1_0.refund_deadline,
        p1_0.status,
        p1_0.updated_at 
    from
        payment p1_0 
    where
        p1_0.payer_id=?
2026-04-22 17:09:36.703 DEBUG [4e77137b] org.hibernate.SQL - 
    /* <criteria> */ select
        mr1_0.id,
        mr1_0.budget_max_won,
        mr1_0.budget_min_won,
        mr1_0.cancel_reason,
        mr1_0.cancelled_by,
        mr1_0.concept,
        mr1_0.concept_summary,
        mr1_0.created_at,
        mr1_0.desired_budget,
        mr1_0.desired_date,
        mr1_0.destination,
        mr1_0.guest_id,
        mr1_0.guide_id,
        mr1_0.guide_schedule_id,
        mr1_0.propose_message,
        mr1_0.proposed_schedule,
        mr1_0.status,
        mr1_0.updated_at 
    from
        match_request mr1_0 
    where
        mr1_0.guest_id=?
2026-04-22 17:09:36.704 TRACE [34f5d3c9] org.hibernate.orm.jdbc.bind - binding parameter (1:BIGINT) <- [1051]
2026-04-22 17:09:36.704 TRACE [4e77137b] org.hibernate.orm.jdbc.bind - binding parameter (1:BIGINT) <- [1051]
2026-04-22 17:09:36.704 INFO  [8b5d45ff] c.t.a.logging.MdcLoggingFilter - [HTTP] 요청 완료 - statusCode: 200, latencyMs: 7, requestUri: /api/members/me/profile, method: GET
2026-04-22 17:09:36.705 INFO  [4e77137b] c.t.a.logging.MdcLoggingFilter - [HTTP] 요청 완료 - statusCode: 200, latencyMs: 8, requestUri: /api/matching/requests/guest/list, method: GET
2026-04-22 17:09:36.705 INFO  [34f5d3c9] c.t.a.logging.MdcLoggingFilter - [HTTP] 요청 완료 - statusCode: 200, latencyMs: 9, requestUri: /api/matching/payments/guest/list, method: GET
2026-04-22 17:09:37.550 DEBUG [eb7c4a7d] org.hibernate.SQL - 
    /* <criteria> */ select
        m1_0.id,
        m1_0.created_at,
        m1_0.email,
        m1_0.name,
        m1_0.nickname,
        m1_0.password,
        m1_0.profile_image_url,
        m1_0.role,
        m1_0.social_type,
        m1_0.status,
        m1_0.updated_at 
    from
        member m1_0 
    where
        m1_0.email=? 
        and m1_0.role=?
2026-04-22 17:09:37.550 TRACE [eb7c4a7d] org.hibernate.orm.jdbc.bind - binding parameter (1:VARCHAR) <- [guest5@naver.com]
2026-04-22 17:09:37.550 TRACE [eb7c4a7d] org.hibernate.orm.jdbc.bind - binding parameter (2:ENUM) <- [GUEST]
2026-04-22 17:09:37.553 INFO  [eb7c4a7d] c.t.a.logging.MdcLoggingFilter - [HTTP] 요청 완료 - statusCode: 200, latencyMs: 7, requestUri: /api/members/me/profile, method: GET
2026-04-22 17:09:37.562 DEBUG [bd8c3ba4] org.hibernate.SQL - 
    /* <criteria> */ select
        m1_0.id,
        m1_0.created_at,
        m1_0.email,
        m1_0.name,
        m1_0.nickname,
        m1_0.password,
        m1_0.profile_image_url,
        m1_0.role,
        m1_0.social_type,
        m1_0.status,
        m1_0.updated_at 
    from
        member m1_0 
    where
        m1_0.email=? 
        and m1_0.role=?
2026-04-22 17:09:37.562 TRACE [bd8c3ba4] org.hibernate.orm.jdbc.bind - binding parameter (1:VARCHAR) <- [guest5@naver.com]
2026-04-22 17:09:37.563 TRACE [bd8c3ba4] org.hibernate.orm.jdbc.bind - binding parameter (2:ENUM) <- [GUEST]
2026-04-22 17:09:37.566 INFO  [bd8c3ba4] c.t.a.logging.MdcLoggingFilter - [HTTP] 요청 완료 - statusCode: 200, latencyMs: 7, requestUri: /api/members/me/profile, method: GET
2026-04-22 17:09:37.572 DEBUG [c6b5e8f5] org.hibernate.SQL - 
    /* <criteria> */ select
        m1_0.id,
        m1_0.created_at,
        m1_0.email,
        m1_0.name,
        m1_0.nickname,
        m1_0.password,
        m1_0.profile_image_url,
        m1_0.role,
        m1_0.social_type,
        m1_0.status,
        m1_0.updated_at 
    from
        member m1_0 
    where
        m1_0.email=? 
        and m1_0.role=?
2026-04-22 17:09:37.572 TRACE [c6b5e8f5] org.hibernate.orm.jdbc.bind - binding parameter (1:VARCHAR) <- [guest5@naver.com]
2026-04-22 17:09:37.572 TRACE [c6b5e8f5] org.hibernate.orm.jdbc.bind - binding parameter (2:ENUM) <- [GUEST]
2026-04-22 17:09:37.574 INFO  [c6b5e8f5] c.t.a.logging.MdcLoggingFilter - [HTTP] 요청 완료 - statusCode: 200, latencyMs: 5, requestUri: /api/members/me/profile, method: GET
2026-04-22 17:09:37.583 DEBUG [04822c4a] org.hibernate.SQL - 
    /* <criteria> */ select
        m1_0.id,
        m1_0.created_at,
        m1_0.email,
        m1_0.name,
        m1_0.nickname,
        m1_0.password,
        m1_0.profile_image_url,
        m1_0.role,
        m1_0.social_type,
        m1_0.status,
        m1_0.updated_at 
    from
        member m1_0 
    where
        m1_0.email=? 
        and m1_0.role=?
2026-04-22 17:09:37.583 TRACE [04822c4a] org.hibernate.orm.jdbc.bind - binding parameter (1:VARCHAR) <- [guest5@naver.com]
2026-04-22 17:09:37.583 TRACE [04822c4a] org.hibernate.orm.jdbc.bind - binding parameter (2:ENUM) <- [GUEST]
2026-04-22 17:09:37.586 INFO  [04822c4a] c.t.a.logging.MdcLoggingFilter - [HTTP] 요청 완료 - statusCode: 200, latencyMs: 7, requestUri: /api/members/me/profile, method: GET
2026-04-22 17:09:40.209 INFO  [e9014444] c.t.a.logging.MdcLoggingFilter - [HTTP] 요청 완료 - statusCode: 200, latencyMs: 155, requestUri: /api/files/upload, method: POST
2026-04-22 17:09:40.219 DEBUG [1d5b287b] org.hibernate.SQL - 
    /* <criteria> */ select
        m1_0.id,
        m1_0.created_at,
        m1_0.email,
        m1_0.name,
        m1_0.nickname,
        m1_0.password,
        m1_0.profile_image_url,
        m1_0.role,
        m1_0.social_type,
        m1_0.status,
        m1_0.updated_at 
    from
        member m1_0 
    where
        m1_0.email=? 
        and m1_0.role=?
2026-04-22 17:09:40.219 TRACE [1d5b287b] org.hibernate.orm.jdbc.bind - binding parameter (1:VARCHAR) <- [guest5@naver.com]
2026-04-22 17:09:40.219 TRACE [1d5b287b] org.hibernate.orm.jdbc.bind - binding parameter (2:ENUM) <- [GUEST]
2026-04-22 17:09:40.222 DEBUG [1d5b287b] org.hibernate.SQL - 
    /* update
        for com.team6.domain.member.entity.Member */update member 
    set
        email=?,
        name=?,
        nickname=?,
        password=?,
        profile_image_url=?,
        role=?,
        social_type=?,
        status=?,
        updated_at=? 
    where
        id=?
2026-04-22 17:09:40.222 TRACE [1d5b287b] org.hibernate.orm.jdbc.bind - binding parameter (1:VARCHAR) <- [guest5@naver.com]
2026-04-22 17:09:40.222 TRACE [1d5b287b] org.hibernate.orm.jdbc.bind - binding parameter (2:VARCHAR) <- [guest5]
2026-04-22 17:09:40.222 TRACE [1d5b287b] org.hibernate.orm.jdbc.bind - binding parameter (3:VARCHAR) <- [guest5]
2026-04-22 17:09:40.222 TRACE [1d5b287b] org.hibernate.orm.jdbc.bind - binding parameter (4:VARCHAR) <- [$2a$10$tgDFy8Q/OnmFIZKR4HmtPuUbAO.SLqnelIra7rus/053/8FKWy.bm]
2026-04-22 17:09:40.222 TRACE [1d5b287b] org.hibernate.orm.jdbc.bind - binding parameter (5:VARCHAR) <- [https://local-guest-s3.s3.ap-northeast-2.amazonaws.com//guest-profile/6db7276c-efc7-4ebb-978c-f2c8eead7a91.jpeg]
2026-04-22 17:09:40.222 TRACE [1d5b287b] org.hibernate.orm.jdbc.bind - binding parameter (6:ENUM) <- [GUEST]
2026-04-22 17:09:40.222 TRACE [1d5b287b] org.hibernate.orm.jdbc.bind - binding parameter (7:ENUM) <- [null]
2026-04-22 17:09:40.222 TRACE [1d5b287b] org.hibernate.orm.jdbc.bind - binding parameter (8:ENUM) <- [ACTIVE]
2026-04-22 17:09:40.222 TRACE [1d5b287b] org.hibernate.orm.jdbc.bind - binding parameter (9:TIMESTAMP) <- [2026-04-22T17:09:28.176711]
2026-04-22 17:09:40.222 TRACE [1d5b287b] org.hibernate.orm.jdbc.bind - binding parameter (10:BIGINT) <- [1051]
2026-04-22 17:09:40.228 DEBUG [1d5b287b] org.hibernate.SQL - 
    /* <criteria> */ select
        m1_0.id,
        m1_0.created_at,
        m1_0.email,
        m1_0.name,
        m1_0.nickname,
        m1_0.password,
        m1_0.profile_image_url,
        m1_0.role,
        m1_0.social_type,
        m1_0.status,
        m1_0.updated_at 
    from
        member m1_0 
    where
        m1_0.email=? 
        and m1_0.role=?
2026-04-22 17:09:40.228 TRACE [1d5b287b] org.hibernate.orm.jdbc.bind - binding parameter (1:VARCHAR) <- [guest5@naver.com]
2026-04-22 17:09:40.228 TRACE [1d5b287b] org.hibernate.orm.jdbc.bind - binding parameter (2:ENUM) <- [GUEST]
2026-04-22 17:09:40.230 INFO  [1d5b287b] c.t.a.logging.MdcLoggingFilter - [HTTP] 요청 완료 - statusCode: 200, latencyMs: 16, requestUri: /api/members/me/profile, method: PUT
2026-04-22 17:10:00.008 DEBUG [] org.hibernate.SQL - 
    /* <criteria> */ select
        te1_0.id,
        te1_0.created_at,
        te1_0.deadline_at,
        te1_0.extended_date,
        te1_0.extended_price,
        te1_0.guest_id,
        te1_0.guide_approved_at,
        te1_0.match_request_id,
        te1_0.requested_at,
        te1_0.status,
        te1_0.updated_at 
    from
        tour_extension te1_0 
    where
        te1_0.status=? 
        and te1_0.deadline_at<?
2026-04-22 17:10:00.008 TRACE [] org.hibernate.orm.jdbc.bind - binding parameter (1:ENUM) <- [REQUESTED]
2026-04-22 17:10:00.008 TRACE [] org.hibernate.orm.jdbc.bind - binding parameter (2:TIMESTAMP) <- [2026-04-22T17:10:00.007035]
2026-04-22 17:10:11.361 INFO  [f9b8a9b1] c.t.a.logging.MdcLoggingFilter - [HTTP] 요청 완료 - statusCode: 200, latencyMs: 154, requestUri: /api/files/upload, method: POST
2026-04-22 17:10:11.374 DEBUG [8b889a61] org.hibernate.SQL - 
    /* <criteria> */ select
        m1_0.id,
        m1_0.created_at,
        m1_0.email,
        m1_0.name,
        m1_0.nickname,
        m1_0.password,
        m1_0.profile_image_url,
        m1_0.role,
        m1_0.social_type,
        m1_0.status,
        m1_0.updated_at 
    from
        member m1_0 
    where
        m1_0.email=? 
        and m1_0.role=?
2026-04-22 17:10:11.374 TRACE [8b889a61] org.hibernate.orm.jdbc.bind - binding parameter (1:VARCHAR) <- [guest5@naver.com]
2026-04-22 17:10:11.374 TRACE [8b889a61] org.hibernate.orm.jdbc.bind - binding parameter (2:ENUM) <- [GUEST]
2026-04-22 17:10:11.376 DEBUG [8b889a61] org.hibernate.SQL - 
    /* update
        for com.team6.domain.member.entity.Member */update member 
    set
        email=?,
        name=?,
        nickname=?,
        password=?,
        profile_image_url=?,
        role=?,
        social_type=?,
        status=?,
        updated_at=? 
    where
        id=?
2026-04-22 17:10:11.376 TRACE [8b889a61] org.hibernate.orm.jdbc.bind - binding parameter (1:VARCHAR) <- [guest5@naver.com]
2026-04-22 17:10:11.376 TRACE [8b889a61] org.hibernate.orm.jdbc.bind - binding parameter (2:VARCHAR) <- [guest5]
2026-04-22 17:10:11.376 TRACE [8b889a61] org.hibernate.orm.jdbc.bind - binding parameter (3:VARCHAR) <- [guest5]
2026-04-22 17:10:11.376 TRACE [8b889a61] org.hibernate.orm.jdbc.bind - binding parameter (4:VARCHAR) <- [$2a$10$tgDFy8Q/OnmFIZKR4HmtPuUbAO.SLqnelIra7rus/053/8FKWy.bm]
2026-04-22 17:10:11.376 TRACE [8b889a61] org.hibernate.orm.jdbc.bind - binding parameter (5:VARCHAR) <- [https://local-guest-s3.s3.ap-northeast-2.amazonaws.com//guest-profile/5f31fcc9-4eea-4825-806a-5cfa6c560408.png]
2026-04-22 17:10:11.376 TRACE [8b889a61] org.hibernate.orm.jdbc.bind - binding parameter (6:ENUM) <- [GUEST]
2026-04-22 17:10:11.376 TRACE [8b889a61] org.hibernate.orm.jdbc.bind - binding parameter (7:ENUM) <- [null]
2026-04-22 17:10:11.376 TRACE [8b889a61] org.hibernate.orm.jdbc.bind - binding parameter (8:ENUM) <- [ACTIVE]
2026-04-22 17:10:11.376 TRACE [8b889a61] org.hibernate.orm.jdbc.bind - binding parameter (9:TIMESTAMP) <- [2026-04-22T17:09:28.176711]
2026-04-22 17:10:11.376 TRACE [8b889a61] org.hibernate.orm.jdbc.bind - binding parameter (10:BIGINT) <- [1051]
2026-04-22 17:10:11.382 DEBUG [8b889a61] org.hibernate.SQL - 
    /* <criteria> */ select
        m1_0.id,
        m1_0.created_at,
        m1_0.email,
        m1_0.name,
        m1_0.nickname,
        m1_0.password,
        m1_0.profile_image_url,
        m1_0.role,
        m1_0.social_type,
        m1_0.status,
        m1_0.updated_at 
    from
        member m1_0 
    where
        m1_0.email=? 
        and m1_0.role=?
2026-04-22 17:10:11.382 TRACE [8b889a61] org.hibernate.orm.jdbc.bind - binding parameter (1:VARCHAR) <- [guest5@naver.com]
2026-04-22 17:10:11.382 TRACE [8b889a61] org.hibernate.orm.jdbc.bind - binding parameter (2:ENUM) <- [GUEST]
2026-04-22 17:10:11.384 INFO  [8b889a61] c.t.a.logging.MdcLoggingFilter - [HTTP] 요청 완료 - statusCode: 200, latencyMs: 15, requestUri: /api/members/me/profile, method: PUT
2026-04-22 17:11:00.008 DEBUG [] org.hibernate.SQL - 
    /* <criteria> */ select
        te1_0.id,
        te1_0.created_at,
        te1_0.deadline_at,
        te1_0.extended_date,
        te1_0.extended_price,
        te1_0.guest_id,
        te1_0.guide_approved_at,
        te1_0.match_request_id,
        te1_0.requested_at,
        te1_0.status,
        te1_0.updated_at 
    from
        tour_extension te1_0 
    where
        te1_0.status=? 
        and te1_0.deadline_at<?
2026-04-22 17:11:00.008 TRACE [] org.hibernate.orm.jdbc.bind - binding parameter (1:ENUM) <- [REQUESTED]
2026-04-22 17:11:00.008 TRACE [] org.hibernate.orm.jdbc.bind - binding parameter (2:TIMESTAMP) <- [2026-04-22T17:11:00.006567300]
2026-04-22 17:11:20.120 INFO  [80010847] c.t.a.logging.MdcLoggingFilter - [HTTP] 요청 완료 - statusCode: 200, latencyMs: 145, requestUri: /api/files/upload, method: POST
2026-04-22 17:11:20.131 DEBUG [56ff9f34] org.hibernate.SQL - 
    /* <criteria> */ select
        m1_0.id,
        m1_0.created_at,
        m1_0.email,
        m1_0.name,
        m1_0.nickname,
        m1_0.password,
        m1_0.profile_image_url,
        m1_0.role,
        m1_0.social_type,
        m1_0.status,
        m1_0.updated_at 
    from
        member m1_0 
    where
        m1_0.email=? 
        and m1_0.role=?
2026-04-22 17:11:20.132 TRACE [56ff9f34] org.hibernate.orm.jdbc.bind - binding parameter (1:VARCHAR) <- [guest5@naver.com]
2026-04-22 17:11:20.132 TRACE [56ff9f34] org.hibernate.orm.jdbc.bind - binding parameter (2:ENUM) <- [GUEST]
2026-04-22 17:11:20.133 DEBUG [56ff9f34] org.hibernate.SQL - 
    /* update
        for com.team6.domain.member.entity.Member */update member 
    set
        email=?,
        name=?,
        nickname=?,
        password=?,
        profile_image_url=?,
        role=?,
        social_type=?,
        status=?,
        updated_at=? 
    where
        id=?
2026-04-22 17:11:20.133 TRACE [56ff9f34] org.hibernate.orm.jdbc.bind - binding parameter (1:VARCHAR) <- [guest5@naver.com]
2026-04-22 17:11:20.133 TRACE [56ff9f34] org.hibernate.orm.jdbc.bind - binding parameter (2:VARCHAR) <- [guest5]
2026-04-22 17:11:20.133 TRACE [56ff9f34] org.hibernate.orm.jdbc.bind - binding parameter (3:VARCHAR) <- [guest5]
2026-04-22 17:11:20.133 TRACE [56ff9f34] org.hibernate.orm.jdbc.bind - binding parameter (4:VARCHAR) <- [$2a$10$tgDFy8Q/OnmFIZKR4HmtPuUbAO.SLqnelIra7rus/053/8FKWy.bm]
2026-04-22 17:11:20.133 TRACE [56ff9f34] org.hibernate.orm.jdbc.bind - binding parameter (5:VARCHAR) <- [https://local-guest-s3.s3.ap-northeast-2.amazonaws.com//guest-profile/0a310237-332e-4e24-b84f-35fb0dabbcdc.png]
2026-04-22 17:11:20.133 TRACE [56ff9f34] org.hibernate.orm.jdbc.bind - binding parameter (6:ENUM) <- [GUEST]
2026-04-22 17:11:20.133 TRACE [56ff9f34] org.hibernate.orm.jdbc.bind - binding parameter (7:ENUM) <- [null]
2026-04-22 17:11:20.133 TRACE [56ff9f34] org.hibernate.orm.jdbc.bind - binding parameter (8:ENUM) <- [ACTIVE]
2026-04-22 17:11:20.133 TRACE [56ff9f34] org.hibernate.orm.jdbc.bind - binding parameter (9:TIMESTAMP) <- [2026-04-22T17:09:28.176711]
2026-04-22 17:11:20.133 TRACE [56ff9f34] org.hibernate.orm.jdbc.bind - binding parameter (10:BIGINT) <- [1051]
2026-04-22 17:11:20.138 DEBUG [56ff9f34] org.hibernate.SQL - 
    /* <criteria> */ select
        m1_0.id,
        m1_0.created_at,
        m1_0.email,
        m1_0.name,
        m1_0.nickname,
        m1_0.password,
        m1_0.profile_image_url,
        m1_0.role,
        m1_0.social_type,
        m1_0.status,
        m1_0.updated_at 
    from
        member m1_0 
    where
        m1_0.email=? 
        and m1_0.role=?
2026-04-22 17:11:20.138 TRACE [56ff9f34] org.hibernate.orm.jdbc.bind - binding parameter (1:VARCHAR) <- [guest5@naver.com]
2026-04-22 17:11:20.138 TRACE [56ff9f34] org.hibernate.orm.jdbc.bind - binding parameter (2:ENUM) <- [GUEST]
2026-04-22 17:11:20.140 INFO  [56ff9f34] c.t.a.logging.MdcLoggingFilter - [HTTP] 요청 완료 - statusCode: 200, latencyMs: 13, requestUri: /api/members/me/profile, method: PUT
2026-04-22 17:11:21.744 DEBUG [430cb19f] org.hibernate.SQL - 
    /* <criteria> */ select
        m1_0.id,
        m1_0.created_at,
        m1_0.email,
        m1_0.name,
        m1_0.nickname,
        m1_0.password,
        m1_0.profile_image_url,
        m1_0.role,
        m1_0.social_type,
        m1_0.status,
        m1_0.updated_at 
    from
        member m1_0 
    where
        m1_0.email=? 
        and m1_0.role=?
2026-04-22 17:11:21.744 TRACE [430cb19f] org.hibernate.orm.jdbc.bind - binding parameter (1:VARCHAR) <- [guest5@naver.com]
2026-04-22 17:11:21.744 TRACE [430cb19f] org.hibernate.orm.jdbc.bind - binding parameter (2:ENUM) <- [GUEST]
2026-04-22 17:11:21.746 INFO  [430cb19f] c.t.a.logging.MdcLoggingFilter - [HTTP] 요청 완료 - statusCode: 200, latencyMs: 8, requestUri: /api/members/me/profile, method: GET
2026-04-22 17:11:21.755 DEBUG [a4ad0c62] org.hibernate.SQL - 
    /* <criteria> */ select
        m1_0.id,
        m1_0.created_at,
        m1_0.email,
        m1_0.name,
        m1_0.nickname,
        m1_0.password,
        m1_0.profile_image_url,
        m1_0.role,
        m1_0.social_type,
        m1_0.status,
        m1_0.updated_at 
    from
        member m1_0 
    where
        m1_0.email=? 
        and m1_0.role=?
2026-04-22 17:11:21.755 TRACE [a4ad0c62] org.hibernate.orm.jdbc.bind - binding parameter (1:VARCHAR) <- [guest5@naver.com]
2026-04-22 17:11:21.755 TRACE [a4ad0c62] org.hibernate.orm.jdbc.bind - binding parameter (2:ENUM) <- [GUEST]
2026-04-22 17:11:21.758 INFO  [a4ad0c62] c.t.a.logging.MdcLoggingFilter - [HTTP] 요청 완료 - statusCode: 200, latencyMs: 8, requestUri: /api/members/me/profile, method: GET
2026-04-22 17:11:21.767 DEBUG [d020dd66] org.hibernate.SQL - 
    /* <criteria> */ select
        m1_0.id,
        m1_0.created_at,
        m1_0.email,
        m1_0.name,
        m1_0.nickname,
        m1_0.password,
        m1_0.profile_image_url,
        m1_0.role,
        m1_0.social_type,
        m1_0.status,
        m1_0.updated_at 
    from
        member m1_0 
    where
        m1_0.email=? 
        and m1_0.role=?
2026-04-22 17:11:21.767 TRACE [d020dd66] org.hibernate.orm.jdbc.bind - binding parameter (1:VARCHAR) <- [guest5@naver.com]
2026-04-22 17:11:21.767 TRACE [d020dd66] org.hibernate.orm.jdbc.bind - binding parameter (2:ENUM) <- [GUEST]
2026-04-22 17:11:21.769 INFO  [d020dd66] c.t.a.logging.MdcLoggingFilter - [HTTP] 요청 완료 - statusCode: 200, latencyMs: 7, requestUri: /api/members/me/profile, method: GET
2026-04-22 17:11:21.776 DEBUG [d148fe7b] org.hibernate.SQL - 
    /* <criteria> */ select
        m1_0.id,
        m1_0.created_at,
        m1_0.email,
        m1_0.name,
        m1_0.nickname,
        m1_0.password,
        m1_0.profile_image_url,
        m1_0.role,
        m1_0.social_type,
        m1_0.status,
        m1_0.updated_at 
    from
        member m1_0 
    where
        m1_0.email=? 
        and m1_0.role=?
2026-04-22 17:11:21.776 TRACE [d148fe7b] org.hibernate.orm.jdbc.bind - binding parameter (1:VARCHAR) <- [guest5@naver.com]
2026-04-22 17:11:21.776 TRACE [d148fe7b] org.hibernate.orm.jdbc.bind - binding parameter (2:ENUM) <- [GUEST]
2026-04-22 17:11:21.779 INFO  [d148fe7b] c.t.a.logging.MdcLoggingFilter - [HTTP] 요청 완료 - statusCode: 200, latencyMs: 6, requestUri: /api/members/me/profile, method: GET
2026-04-22 17:11:24.343 INFO  [4f84ac16] c.t.a.logging.MdcLoggingFilter - [HTTP] 요청 완료 - statusCode: 200, latencyMs: 66, requestUri: /api/files/upload, method: POST
2026-04-22 17:11:24.351 DEBUG [56c13f65] org.hibernate.SQL - 
    /* <criteria> */ select
        m1_0.id,
        m1_0.created_at,
        m1_0.email,
        m1_0.name,
        m1_0.nickname,
        m1_0.password,
        m1_0.profile_image_url,
        m1_0.role,
        m1_0.social_type,
        m1_0.status,
        m1_0.updated_at 
    from
        member m1_0 
    where
        m1_0.email=? 
        and m1_0.role=?
2026-04-22 17:11:24.352 TRACE [56c13f65] org.hibernate.orm.jdbc.bind - binding parameter (1:VARCHAR) <- [guest5@naver.com]
2026-04-22 17:11:24.352 TRACE [56c13f65] org.hibernate.orm.jdbc.bind - binding parameter (2:ENUM) <- [GUEST]
2026-04-22 17:11:24.353 DEBUG [56c13f65] org.hibernate.SQL - 
    /* update
        for com.team6.domain.member.entity.Member */update member 
    set
        email=?,
        name=?,
        nickname=?,
        password=?,
        profile_image_url=?,
        role=?,
        social_type=?,
        status=?,
        updated_at=? 
    where
        id=?
2026-04-22 17:11:24.353 TRACE [56c13f65] org.hibernate.orm.jdbc.bind - binding parameter (1:VARCHAR) <- [guest5@naver.com]
2026-04-22 17:11:24.353 TRACE [56c13f65] org.hibernate.orm.jdbc.bind - binding parameter (2:VARCHAR) <- [guest5]
2026-04-22 17:11:24.353 TRACE [56c13f65] org.hibernate.orm.jdbc.bind - binding parameter (3:VARCHAR) <- [guest5]
2026-04-22 17:11:24.353 TRACE [56c13f65] org.hibernate.orm.jdbc.bind - binding parameter (4:VARCHAR) <- [$2a$10$tgDFy8Q/OnmFIZKR4HmtPuUbAO.SLqnelIra7rus/053/8FKWy.bm]
2026-04-22 17:11:24.353 TRACE [56c13f65] org.hibernate.orm.jdbc.bind - binding parameter (5:VARCHAR) <- [https://local-guest-s3.s3.ap-northeast-2.amazonaws.com//guest-profile/defbd041-a369-4913-8acb-ccdb93f81538.png]
2026-04-22 17:11:24.353 TRACE [56c13f65] org.hibernate.orm.jdbc.bind - binding parameter (6:ENUM) <- [GUEST]
2026-04-22 17:11:24.353 TRACE [56c13f65] org.hibernate.orm.jdbc.bind - binding parameter (7:ENUM) <- [null]
2026-04-22 17:11:24.353 TRACE [56c13f65] org.hibernate.orm.jdbc.bind - binding parameter (8:ENUM) <- [ACTIVE]
2026-04-22 17:11:24.353 TRACE [56c13f65] org.hibernate.orm.jdbc.bind - binding parameter (9:TIMESTAMP) <- [2026-04-22T17:09:28.176711]
2026-04-22 17:11:24.354 TRACE [56c13f65] org.hibernate.orm.jdbc.bind - binding parameter (10:BIGINT) <- [1051]
2026-04-22 17:11:24.358 DEBUG [56c13f65] org.hibernate.SQL - 
    /* <criteria> */ select
        m1_0.id,
        m1_0.created_at,
        m1_0.email,
        m1_0.name,
        m1_0.nickname,
        m1_0.password,
        m1_0.profile_image_url,
        m1_0.role,
        m1_0.social_type,
        m1_0.status,
        m1_0.updated_at 
    from
        member m1_0 
    where
        m1_0.email=? 
        and m1_0.role=?
2026-04-22 17:11:24.358 TRACE [56c13f65] org.hibernate.orm.jdbc.bind - binding parameter (1:VARCHAR) <- [guest5@naver.com]
2026-04-22 17:11:24.358 TRACE [56c13f65] org.hibernate.orm.jdbc.bind - binding parameter (2:ENUM) <- [GUEST]
2026-04-22 17:11:24.361 INFO  [56c13f65] c.t.a.logging.MdcLoggingFilter - [HTTP] 요청 완료 - statusCode: 200, latencyMs: 13, requestUri: /api/members/me/profile, method: PUT
2026-04-22 17:11:29.632 DEBUG [7a1c03e5] org.hibernate.SQL - 
    /* <criteria> */ select
        m1_0.id,
        m1_0.created_at,
        m1_0.email,
        m1_0.name,
        m1_0.nickname,
        m1_0.password,
        m1_0.profile_image_url,
        m1_0.role,
        m1_0.social_type,
        m1_0.status,
        m1_0.updated_at 
    from
        member m1_0 
    where
        m1_0.email=? 
        and m1_0.role=?
2026-04-22 17:11:29.632 TRACE [7a1c03e5] org.hibernate.orm.jdbc.bind - binding parameter (1:VARCHAR) <- [guest5@naver.com]
2026-04-22 17:11:29.632 TRACE [7a1c03e5] org.hibernate.orm.jdbc.bind - binding parameter (2:ENUM) <- [GUEST]
2026-04-22 17:11:29.635 INFO  [7a1c03e5] c.t.a.logging.MdcLoggingFilter - [HTTP] 요청 완료 - statusCode: 200, latencyMs: 10, requestUri: /api/members/me/profile, method: GET
2026-04-22 17:11:29.643 DEBUG [4e0307a1] org.hibernate.SQL - 
    /* <criteria> */ select
        m1_0.id,
        m1_0.created_at,
        m1_0.email,
        m1_0.name,
        m1_0.nickname,
        m1_0.password,
        m1_0.profile_image_url,
        m1_0.role,
        m1_0.social_type,
        m1_0.status,
        m1_0.updated_at 
    from
        member m1_0 
    where
        m1_0.email=? 
        and m1_0.role=?
2026-04-22 17:11:29.643 TRACE [4e0307a1] org.hibernate.orm.jdbc.bind - binding parameter (1:VARCHAR) <- [guest5@naver.com]
2026-04-22 17:11:29.643 TRACE [4e0307a1] org.hibernate.orm.jdbc.bind - binding parameter (2:ENUM) <- [GUEST]
2026-04-22 17:11:29.646 INFO  [4e0307a1] c.t.a.logging.MdcLoggingFilter - [HTTP] 요청 완료 - statusCode: 200, latencyMs: 6, requestUri: /api/members/me/profile, method: GET
2026-04-22 17:11:29.652 DEBUG [60ed89cb] org.hibernate.SQL - 
    /* <criteria> */ select
        m1_0.id,
        m1_0.created_at,
        m1_0.email,
        m1_0.name,
        m1_0.nickname,
        m1_0.password,
        m1_0.profile_image_url,
        m1_0.role,
        m1_0.social_type,
        m1_0.status,
        m1_0.updated_at 
    from
        member m1_0 
    where
        m1_0.email=? 
        and m1_0.role=?
2026-04-22 17:11:29.653 TRACE [60ed89cb] org.hibernate.orm.jdbc.bind - binding parameter (1:VARCHAR) <- [guest5@naver.com]
2026-04-22 17:11:29.653 TRACE [60ed89cb] org.hibernate.orm.jdbc.bind - binding parameter (2:ENUM) <- [GUEST]
2026-04-22 17:11:29.655 INFO  [60ed89cb] c.t.a.logging.MdcLoggingFilter - [HTTP] 요청 완료 - statusCode: 200, latencyMs: 6, requestUri: /api/members/me/profile, method: GET
2026-04-22 17:11:29.663 DEBUG [0343bc5c] org.hibernate.SQL - 
    /* <criteria> */ select
        m1_0.id,
        m1_0.created_at,
        m1_0.email,
        m1_0.name,
        m1_0.nickname,
        m1_0.password,
        m1_0.profile_image_url,
        m1_0.role,
        m1_0.social_type,
        m1_0.status,
        m1_0.updated_at 
    from
        member m1_0 
    where
        m1_0.email=? 
        and m1_0.role=?
2026-04-22 17:11:29.663 TRACE [0343bc5c] org.hibernate.orm.jdbc.bind - binding parameter (1:VARCHAR) <- [guest5@naver.com]
2026-04-22 17:11:29.663 TRACE [0343bc5c] org.hibernate.orm.jdbc.bind - binding parameter (2:ENUM) <- [GUEST]
2026-04-22 17:11:29.665 INFO  [0343bc5c] c.t.a.logging.MdcLoggingFilter - [HTTP] 요청 완료 - statusCode: 200, latencyMs: 6, requestUri: /api/members/me/profile, method: GET
2026-04-22 17:11:32.681 INFO  [c757b014] c.t.a.logging.MdcLoggingFilter - [HTTP] 요청 완료 - statusCode: 200, latencyMs: 118, requestUri: /api/files/upload, method: POST
2026-04-22 17:11:32.690 DEBUG [05cf52de] org.hibernate.SQL - 
    /* <criteria> */ select
        m1_0.id,
        m1_0.created_at,
        m1_0.email,
        m1_0.name,
        m1_0.nickname,
        m1_0.password,
        m1_0.profile_image_url,
        m1_0.role,
        m1_0.social_type,
        m1_0.status,
        m1_0.updated_at 
    from
        member m1_0 
    where
        m1_0.email=? 
        and m1_0.role=?
2026-04-22 17:11:32.690 TRACE [05cf52de] org.hibernate.orm.jdbc.bind - binding parameter (1:VARCHAR) <- [guest5@naver.com]
2026-04-22 17:11:32.690 TRACE [05cf52de] org.hibernate.orm.jdbc.bind - binding parameter (2:ENUM) <- [GUEST]
2026-04-22 17:11:32.691 DEBUG [05cf52de] org.hibernate.SQL - 
    /* update
        for com.team6.domain.member.entity.Member */update member 
    set
        email=?,
        name=?,
        nickname=?,
        password=?,
        profile_image_url=?,
        role=?,
        social_type=?,
        status=?,
        updated_at=? 
    where
        id=?
2026-04-22 17:11:32.692 TRACE [05cf52de] org.hibernate.orm.jdbc.bind - binding parameter (1:VARCHAR) <- [guest5@naver.com]
2026-04-22 17:11:32.692 TRACE [05cf52de] org.hibernate.orm.jdbc.bind - binding parameter (2:VARCHAR) <- [guest5]
2026-04-22 17:11:32.692 TRACE [05cf52de] org.hibernate.orm.jdbc.bind - binding parameter (3:VARCHAR) <- [guest5]
2026-04-22 17:11:32.692 TRACE [05cf52de] org.hibernate.orm.jdbc.bind - binding parameter (4:VARCHAR) <- [$2a$10$tgDFy8Q/OnmFIZKR4HmtPuUbAO.SLqnelIra7rus/053/8FKWy.bm]
2026-04-22 17:11:32.692 TRACE [05cf52de] org.hibernate.orm.jdbc.bind - binding parameter (5:VARCHAR) <- [https://local-guest-s3.s3.ap-northeast-2.amazonaws.com//guest-profile/8f7f349a-5dff-4785-988e-8efa60ddfb3a.png]
2026-04-22 17:11:32.692 TRACE [05cf52de] org.hibernate.orm.jdbc.bind - binding parameter (6:ENUM) <- [GUEST]
2026-04-22 17:11:32.692 TRACE [05cf52de] org.hibernate.orm.jdbc.bind - binding parameter (7:ENUM) <- [null]
2026-04-22 17:11:32.692 TRACE [05cf52de] org.hibernate.orm.jdbc.bind - binding parameter (8:ENUM) <- [ACTIVE]
2026-04-22 17:11:32.692 TRACE [05cf52de] org.hibernate.orm.jdbc.bind - binding parameter (9:TIMESTAMP) <- [2026-04-22T17:09:28.176711]
2026-04-22 17:11:32.692 TRACE [05cf52de] org.hibernate.orm.jdbc.bind - binding parameter (10:BIGINT) <- [1051]
2026-04-22 17:11:32.697 DEBUG [05cf52de] org.hibernate.SQL - 
    /* <criteria> */ select
        m1_0.id,
        m1_0.created_at,
        m1_0.email,
        m1_0.name,
        m1_0.nickname,
        m1_0.password,
        m1_0.profile_image_url,
        m1_0.role,
        m1_0.social_type,
        m1_0.status,
        m1_0.updated_at 
    from
        member m1_0 
    where
        m1_0.email=? 
        and m1_0.role=?
2026-04-22 17:11:32.697 TRACE [05cf52de] org.hibernate.orm.jdbc.bind - binding parameter (1:VARCHAR) <- [guest5@naver.com]
2026-04-22 17:11:32.697 TRACE [05cf52de] org.hibernate.orm.jdbc.bind - binding parameter (2:ENUM) <- [GUEST]
2026-04-22 17:11:32.699 INFO  [05cf52de] c.t.a.logging.MdcLoggingFilter - [HTTP] 요청 완료 - statusCode: 200, latencyMs: 13, requestUri: /api/members/me/profile, method: PUT
2026-04-22 17:12:00.006 DEBUG [] org.hibernate.SQL - 
    /* <criteria> */ select
        te1_0.id,
        te1_0.created_at,
        te1_0.deadline_at,
        te1_0.extended_date,
        te1_0.extended_price,
        te1_0.guest_id,
        te1_0.guide_approved_at,
        te1_0.match_request_id,
        te1_0.requested_at,
        te1_0.status,
        te1_0.updated_at 
    from
        tour_extension te1_0 
    where
        te1_0.status=? 
        and te1_0.deadline_at<?
2026-04-22 17:12:00.006 TRACE [] org.hibernate.orm.jdbc.bind - binding parameter (1:ENUM) <- [REQUESTED]
2026-04-22 17:12:00.007 TRACE [] org.hibernate.orm.jdbc.bind - binding parameter (2:TIMESTAMP) <- [2026-04-22T17:12:00.005269400]
2026-04-22 17:13:00.010 DEBUG [] org.hibernate.SQL - 
    /* <criteria> */ select
        te1_0.id,
        te1_0.created_at,
        te1_0.deadline_at,
        te1_0.extended_date,
        te1_0.extended_price,
        te1_0.guest_id,
        te1_0.guide_approved_at,
        te1_0.match_request_id,
        te1_0.requested_at,
        te1_0.status,
        te1_0.updated_at 
    from
        tour_extension te1_0 
    where
        te1_0.status=? 
        and te1_0.deadline_at<?
2026-04-22 17:13:00.011 TRACE [] org.hibernate.orm.jdbc.bind - binding parameter (1:ENUM) <- [REQUESTED]
2026-04-22 17:13:00.011 TRACE [] org.hibernate.orm.jdbc.bind - binding parameter (2:TIMESTAMP) <- [2026-04-22T17:13:00.010313400]
2026-04-22 17:14:00.013 DEBUG [] org.hibernate.SQL - 
    /* <criteria> */ select
        te1_0.id,
        te1_0.created_at,
        te1_0.deadline_at,
        te1_0.extended_date,
        te1_0.extended_price,
        te1_0.guest_id,
        te1_0.guide_approved_at,
        te1_0.match_request_id,
        te1_0.requested_at,
        te1_0.status,
        te1_0.updated_at 
    from
        tour_extension te1_0 
    where
        te1_0.status=? 
        and te1_0.deadline_at<?
2026-04-22 17:14:00.013 TRACE [] org.hibernate.orm.jdbc.bind - binding parameter (1:ENUM) <- [REQUESTED]
2026-04-22 17:14:00.013 TRACE [] org.hibernate.orm.jdbc.bind - binding parameter (2:TIMESTAMP) <- [2026-04-22T17:14:00.012652700]
2026-04-22 17:15:00.014 DEBUG [] org.hibernate.SQL - 
    /* <criteria> */ select
        te1_0.id,
        te1_0.created_at,
        te1_0.deadline_at,
        te1_0.extended_date,
        te1_0.extended_price,
        te1_0.guest_id,
        te1_0.guide_approved_at,
        te1_0.match_request_id,
        te1_0.requested_at,
        te1_0.status,
        te1_0.updated_at 
    from
        tour_extension te1_0 
    where
        te1_0.status=? 
        and te1_0.deadline_at<?
2026-04-22 17:15:00.014 TRACE [] org.hibernate.orm.jdbc.bind - binding parameter (1:ENUM) <- [REQUESTED]
2026-04-22 17:15:00.014 TRACE [] org.hibernate.orm.jdbc.bind - binding parameter (2:TIMESTAMP) <- [2026-04-22T17:15:00.013655200]
2026-04-22 17:16:00.013 DEBUG [] org.hibernate.SQL - 
    /* <criteria> */ select
        te1_0.id,
        te1_0.created_at,
        te1_0.deadline_at,
        te1_0.extended_date,
        te1_0.extended_price,
        te1_0.guest_id,
        te1_0.guide_approved_at,
        te1_0.match_request_id,
        te1_0.requested_at,
        te1_0.status,
        te1_0.updated_at 
    from
        tour_extension te1_0 
    where
        te1_0.status=? 
        and te1_0.deadline_at<?
2026-04-22 17:16:00.014 TRACE [] org.hibernate.orm.jdbc.bind - binding parameter (1:ENUM) <- [REQUESTED]
2026-04-22 17:16:00.014 TRACE [] org.hibernate.orm.jdbc.bind - binding parameter (2:TIMESTAMP) <- [2026-04-22T17:16:00.012989900]
2026-04-22 17:17:00.014 DEBUG [] org.hibernate.SQL - 
    /* <criteria> */ select
        te1_0.id,
        te1_0.created_at,
        te1_0.deadline_at,
        te1_0.extended_date,
        te1_0.extended_price,
        te1_0.guest_id,
        te1_0.guide_approved_at,
        te1_0.match_request_id,
        te1_0.requested_at,
        te1_0.status,
        te1_0.updated_at 
    from
        tour_extension te1_0 
    where
        te1_0.status=? 
        and te1_0.deadline_at<?
2026-04-22 17:17:00.015 TRACE [] org.hibernate.orm.jdbc.bind - binding parameter (1:ENUM) <- [REQUESTED]
2026-04-22 17:17:00.015 TRACE [] org.hibernate.orm.jdbc.bind - binding parameter (2:TIMESTAMP) <- [2026-04-22T17:17:00.013734300]
2026-04-22 17:18:00.014 DEBUG [] org.hibernate.SQL - 
    /* <criteria> */ select
        te1_0.id,
        te1_0.created_at,
        te1_0.deadline_at,
        te1_0.extended_date,
        te1_0.extended_price,
        te1_0.guest_id,
        te1_0.guide_approved_at,
        te1_0.match_request_id,
        te1_0.requested_at,
        te1_0.status,
        te1_0.updated_at 
    from
        tour_extension te1_0 
    where
        te1_0.status=? 
        and te1_0.deadline_at<?
2026-04-22 17:18:00.014 TRACE [] org.hibernate.orm.jdbc.bind - binding parameter (1:ENUM) <- [REQUESTED]
2026-04-22 17:18:00.014 TRACE [] org.hibernate.orm.jdbc.bind - binding parameter (2:TIMESTAMP) <- [2026-04-22T17:18:00.013337600]
2026-04-22 17:19:00.015 DEBUG [] org.hibernate.SQL - 
    /* <criteria> */ select
        te1_0.id,
        te1_0.created_at,
        te1_0.deadline_at,
        te1_0.extended_date,
        te1_0.extended_price,
        te1_0.guest_id,
        te1_0.guide_approved_at,
        te1_0.match_request_id,
        te1_0.requested_at,
        te1_0.status,
        te1_0.updated_at 
    from
        tour_extension te1_0 
    where
        te1_0.status=? 
        and te1_0.deadline_at<?
2026-04-22 17:19:00.015 TRACE [] org.hibernate.orm.jdbc.bind - binding parameter (1:ENUM) <- [REQUESTED]
2026-04-22 17:19:00.015 TRACE [] org.hibernate.orm.jdbc.bind - binding parameter (2:TIMESTAMP) <- [2026-04-22T17:19:00.013977900]
2026-04-22 17:20:00.012 DEBUG [] org.hibernate.SQL - 
    /* <criteria> */ select
        te1_0.id,
        te1_0.created_at,
        te1_0.deadline_at,
        te1_0.extended_date,
        te1_0.extended_price,
        te1_0.guest_id,
        te1_0.guide_approved_at,
        te1_0.match_request_id,
        te1_0.requested_at,
        te1_0.status,
        te1_0.updated_at 
    from
        tour_extension te1_0 
    where
        te1_0.status=? 
        and te1_0.deadline_at<?
2026-04-22 17:20:00.013 TRACE [] org.hibernate.orm.jdbc.bind - binding parameter (1:ENUM) <- [REQUESTED]
2026-04-22 17:20:00.013 TRACE [] org.hibernate.orm.jdbc.bind - binding parameter (2:TIMESTAMP) <- [2026-04-22T17:20:00.011468100]
2026-04-22 17:21:00.007 DEBUG [] org.hibernate.SQL - 
    /* <criteria> */ select
        te1_0.id,
        te1_0.created_at,
        te1_0.deadline_at,
        te1_0.extended_date,
        te1_0.extended_price,
        te1_0.guest_id,
        te1_0.guide_approved_at,
        te1_0.match_request_id,
        te1_0.requested_at,
        te1_0.status,
        te1_0.updated_at 
    from
        tour_extension te1_0 
    where
        te1_0.status=? 
        and te1_0.deadline_at<?
2026-04-22 17:21:00.008 TRACE [] org.hibernate.orm.jdbc.bind - binding parameter (1:ENUM) <- [REQUESTED]
2026-04-22 17:21:00.008 TRACE [] org.hibernate.orm.jdbc.bind - binding parameter (2:TIMESTAMP) <- [2026-04-22T17:21:00.006650]
2026-04-22 17:21:30.160 DEBUG [55122d1f] org.hibernate.SQL - 
    /* <criteria> */ select
        gp1_0.id,
        gp1_0.average_rating,
        gp1_0.bio,
        gp1_0.created_at,
        gp1_0.default_course,
        gp1_0.guide_style,
        gp1_0.is_active,
        gp1_0.is_approved,
        gp1_0.keywords,
        gp1_0.language,
        gp1_0.local_story,
        gp1_0.member_id,
        gp1_0.nickname,
        gp1_0.price_per_hour,
        gp1_0.profile_image,
        gp1_0.region,
        gp1_0.residence_years,
        gp1_0.review_count,
        gp1_0.updated_at 
    from
        guide_profiles gp1_0 
    where
        gp1_0.is_approved 
        and gp1_0.is_active
2026-04-22 17:21:30.164 INFO  [55122d1f] c.t.a.logging.MdcLoggingFilter - [HTTP] 요청 완료 - statusCode: 200, latencyMs: 7, requestUri: /api/guides, method: GET
2026-04-22 17:21:30.170 DEBUG [bb21c5f3] org.hibernate.SQL - 
    /* <criteria> */ select
        gp1_0.id,
        gp1_0.average_rating,
        gp1_0.bio,
        gp1_0.created_at,
        gp1_0.default_course,
        gp1_0.guide_style,
        gp1_0.is_active,
        gp1_0.is_approved,
        gp1_0.keywords,
        gp1_0.language,
        gp1_0.local_story,
        gp1_0.member_id,
        gp1_0.nickname,
        gp1_0.price_per_hour,
        gp1_0.profile_image,
        gp1_0.region,
        gp1_0.residence_years,
        gp1_0.review_count,
        gp1_0.updated_at 
    from
        guide_profiles gp1_0 
    where
        gp1_0.is_approved 
        and gp1_0.is_active
2026-04-22 17:21:30.175 INFO  [bb21c5f3] c.t.a.logging.MdcLoggingFilter - [HTTP] 요청 완료 - statusCode: 200, latencyMs: 7, requestUri: /api/guides, method: GET
2026-04-22 17:21:30.618 DEBUG [bad904e8] org.hibernate.SQL - 
    /* <criteria> */ select
        gp1_0.id,
        gp1_0.average_rating,
        gp1_0.bio,
        gp1_0.created_at,
        gp1_0.default_course,
        gp1_0.guide_style,
        gp1_0.is_active,
        gp1_0.is_approved,
        gp1_0.keywords,
        gp1_0.language,
        gp1_0.local_story,
        gp1_0.member_id,
        gp1_0.nickname,
        gp1_0.price_per_hour,
        gp1_0.profile_image,
        gp1_0.region,
        gp1_0.residence_years,
        gp1_0.review_count,
        gp1_0.updated_at 
    from
        guide_profiles gp1_0 
    where
        gp1_0.is_approved 
        and gp1_0.is_active
2026-04-22 17:21:30.621 INFO  [bad904e8] c.t.a.logging.MdcLoggingFilter - [HTTP] 요청 완료 - statusCode: 200, latencyMs: 6, requestUri: /api/guides, method: GET
2026-04-22 17:21:30.629 DEBUG [586a4b84] org.hibernate.SQL - 
    /* <criteria> */ select
        gp1_0.id,
        gp1_0.average_rating,
        gp1_0.bio,
        gp1_0.created_at,
        gp1_0.default_course,
        gp1_0.guide_style,
        gp1_0.is_active,
        gp1_0.is_approved,
        gp1_0.keywords,
        gp1_0.language,
        gp1_0.local_story,
        gp1_0.member_id,
        gp1_0.nickname,
        gp1_0.price_per_hour,
        gp1_0.profile_image,
        gp1_0.region,
        gp1_0.residence_years,
        gp1_0.review_count,
        gp1_0.updated_at 
    from
        guide_profiles gp1_0 
    where
        gp1_0.is_approved 
        and gp1_0.is_active
2026-04-22 17:21:30.632 INFO  [586a4b84] c.t.a.logging.MdcLoggingFilter - [HTTP] 요청 완료 - statusCode: 200, latencyMs: 6, requestUri: /api/guides, method: GET
2026-04-22 17:21:33.099 DEBUG [f113bfc4] org.hibernate.SQL - 
    /* <criteria> */ select
        gp1_0.id,
        gp1_0.average_rating,
        gp1_0.bio,
        gp1_0.created_at,
        gp1_0.default_course,
        gp1_0.guide_style,
        gp1_0.is_active,
        gp1_0.is_approved,
        gp1_0.keywords,
        gp1_0.language,
        gp1_0.local_story,
        gp1_0.member_id,
        gp1_0.nickname,
        gp1_0.price_per_hour,
        gp1_0.profile_image,
        gp1_0.region,
        gp1_0.residence_years,
        gp1_0.review_count,
        gp1_0.updated_at 
    from
        guide_profiles gp1_0 
    where
        gp1_0.is_approved 
        and gp1_0.is_active
2026-04-22 17:21:33.103 INFO  [f113bfc4] c.t.a.logging.MdcLoggingFilter - [HTTP] 요청 완료 - statusCode: 200, latencyMs: 6, requestUri: /api/guides, method: GET
2026-04-22 17:21:33.110 DEBUG [646accea] org.hibernate.SQL - 
    /* <criteria> */ select
        gp1_0.id,
        gp1_0.average_rating,
        gp1_0.bio,
        gp1_0.created_at,
        gp1_0.default_course,
        gp1_0.guide_style,
        gp1_0.is_active,
        gp1_0.is_approved,
        gp1_0.keywords,
        gp1_0.language,
        gp1_0.local_story,
        gp1_0.member_id,
        gp1_0.nickname,
        gp1_0.price_per_hour,
        gp1_0.profile_image,
        gp1_0.region,
        gp1_0.residence_years,
        gp1_0.review_count,
        gp1_0.updated_at 
    from
        guide_profiles gp1_0 
    where
        gp1_0.is_approved 
        and gp1_0.is_active
2026-04-22 17:21:33.115 INFO  [646accea] c.t.a.logging.MdcLoggingFilter - [HTTP] 요청 완료 - statusCode: 200, latencyMs: 7, requestUri: /api/guides, method: GET
2026-04-22 17:22:00.004 DEBUG [] org.hibernate.SQL - 
    /* <criteria> */ select
        te1_0.id,
        te1_0.created_at,
        te1_0.deadline_at,
        te1_0.extended_date,
        te1_0.extended_price,
        te1_0.guest_id,
        te1_0.guide_approved_at,
        te1_0.match_request_id,
        te1_0.requested_at,
        te1_0.status,
        te1_0.updated_at 
    from
        tour_extension te1_0 
    where
        te1_0.status=? 
        and te1_0.deadline_at<?
2026-04-22 17:22:00.004 TRACE [] org.hibernate.orm.jdbc.bind - binding parameter (1:ENUM) <- [REQUESTED]
2026-04-22 17:22:00.004 TRACE [] org.hibernate.orm.jdbc.bind - binding parameter (2:TIMESTAMP) <- [2026-04-22T17:22:00.003071800]
2026-04-22 17:22:52.397 INFO  [c4644519] c.t.m.c.c.NotificationController - [SSE Subscribe] User Email: guest5@naver.com
2026-04-22 17:22:52.422 INFO  [c4644519] c.t.a.logging.MdcLoggingFilter - [HTTP] 요청 완료 - statusCode: 200, latencyMs: 27, requestUri: /api/notifications/subscribe, method: GET
2026-04-22 17:22:52.437 DEBUG [14c81c70] org.hibernate.SQL - 
    /* SELECT
        DISTINCT r 
    FROM
        ChatRoom r 
    JOIN
        
    FETCH
        r.participants p 
    WHERE
        r.id IN (SELECT
            r2.id 
        FROM
            ChatRoom r2 
        JOIN
            r2.participants p2 
        WHERE
            p2.userEmail = :userEmail) */ select
            distinct cr1_0.id,
            cr1_0.created_at,
            cr1_0.last_message,
            cr1_0.last_message_at,
            cr1_0.owner_email,
            cr1_0.participant_count,
            p1_0.chat_room_id,
            p1_0.id,
            p1_0.created_at,
            p1_0.is_alarm_on,
            p1_0.last_read_at,
            p1_0.updated_at,
            p1_0.user_email,
            p1_0.user_id,
            p1_0.user_nickname,
            cr1_0.room_id,
            cr1_0.title,
            cr1_0.updated_at 
        from
            chat_rooms cr1_0 
        join
            chat_participants p1_0 
                on cr1_0.id=p1_0.chat_room_id 
        where
            cr1_0.id in (select
                cr2_0.id 
            from
                chat_rooms cr2_0 
            join
                chat_participants p2_0 
                    on cr2_0.id=p2_0.chat_room_id 
            where
                p2_0.user_email=?)
2026-04-22 17:22:52.437 TRACE [14c81c70] org.hibernate.orm.jdbc.bind - binding parameter (1:VARCHAR) <- [guest5@naver.com]
2026-04-22 17:22:52.450 INFO  [14c81c70] c.t.a.logging.MdcLoggingFilter - [HTTP] 요청 완료 - statusCode: 200, latencyMs: 30, requestUri: /api/chat/rooms, method: GET
2026-04-22 17:22:52.455 INFO  [22895805] c.t.a.logging.MdcLoggingFilter - [HTTP] 요청 완료 - statusCode: 200, latencyMs: 60, requestUri: /api/matching/chat/rooms, method: GET
2026-04-22 17:22:52.464 DEBUG [c457d16e] org.hibernate.SQL - 
    /* SELECT
        DISTINCT r 
    FROM
        ChatRoom r 
    JOIN
        
    FETCH
        r.participants p 
    WHERE
        r.id IN (SELECT
            r2.id 
        FROM
            ChatRoom r2 
        JOIN
            r2.participants p2 
        WHERE
            p2.userEmail = :userEmail) */ select
            distinct cr1_0.id,
            cr1_0.created_at,
            cr1_0.last_message,
            cr1_0.last_message_at,
            cr1_0.owner_email,
            cr1_0.participant_count,
            p1_0.chat_room_id,
            p1_0.id,
            p1_0.created_at,
            p1_0.is_alarm_on,
            p1_0.last_read_at,
            p1_0.updated_at,
            p1_0.user_email,
            p1_0.user_id,
            p1_0.user_nickname,
            cr1_0.room_id,
            cr1_0.title,
            cr1_0.updated_at 
        from
            chat_rooms cr1_0 
        join
            chat_participants p1_0 
                on cr1_0.id=p1_0.chat_room_id 
        where
            cr1_0.id in (select
                cr2_0.id 
            from
                chat_rooms cr2_0 
            join
                chat_participants p2_0 
                    on cr2_0.id=p2_0.chat_room_id 
            where
                p2_0.user_email=?)
2026-04-22 17:22:52.464 TRACE [c457d16e] org.hibernate.orm.jdbc.bind - binding parameter (1:VARCHAR) <- [guest5@naver.com]
2026-04-22 17:22:52.466 INFO  [c457d16e] c.t.a.logging.MdcLoggingFilter - [HTTP] 요청 완료 - statusCode: 200, latencyMs: 6, requestUri: /api/chat/rooms, method: GET
2026-04-22 17:22:52.467 INFO  [09070901] c.t.a.logging.MdcLoggingFilter - [HTTP] 요청 완료 - statusCode: 200, latencyMs: 9, requestUri: /api/matching/chat/rooms, method: GET
2026-04-22 17:22:53.233 DEBUG [90ce5afb] org.hibernate.SQL - 
    /* <criteria> */ select
        m1_0.id,
        m1_0.created_at,
        m1_0.email,
        m1_0.name,
        m1_0.nickname,
        m1_0.password,
        m1_0.profile_image_url,
        m1_0.role,
        m1_0.social_type,
        m1_0.status,
        m1_0.updated_at 
    from
        member m1_0 
    where
        m1_0.email=? 
        and m1_0.role=?
2026-04-22 17:22:53.235 DEBUG [f8a57577] org.hibernate.SQL - 
    /* <criteria> */ select
        m1_0.id,
        m1_0.created_at,
        m1_0.email,
        m1_0.name,
        m1_0.nickname,
        m1_0.password,
        m1_0.profile_image_url,
        m1_0.role,
        m1_0.social_type,
        m1_0.status,
        m1_0.updated_at 
    from
        member m1_0 
    where
        m1_0.email=? 
        and m1_0.role=?
2026-04-22 17:22:53.235 TRACE [90ce5afb] org.hibernate.orm.jdbc.bind - binding parameter (1:VARCHAR) <- [guest5@naver.com]
2026-04-22 17:22:53.235 TRACE [90ce5afb] org.hibernate.orm.jdbc.bind - binding parameter (2:ENUM) <- [GUEST]
2026-04-22 17:22:53.235 TRACE [f8a57577] org.hibernate.orm.jdbc.bind - binding parameter (1:VARCHAR) <- [guest5@naver.com]
2026-04-22 17:22:53.235 TRACE [f8a57577] org.hibernate.orm.jdbc.bind - binding parameter (2:ENUM) <- [GUEST]
2026-04-22 17:22:53.237 DEBUG [90ce5afb] org.hibernate.SQL - 
    /* <criteria> */ select
        mr1_0.id,
        mr1_0.budget_max_won,
        mr1_0.budget_min_won,
        mr1_0.cancel_reason,
        mr1_0.cancelled_by,
        mr1_0.concept,
        mr1_0.concept_summary,
        mr1_0.created_at,
        mr1_0.desired_budget,
        mr1_0.desired_date,
        mr1_0.destination,
        mr1_0.guest_id,
        mr1_0.guide_id,
        mr1_0.guide_schedule_id,
        mr1_0.propose_message,
        mr1_0.proposed_schedule,
        mr1_0.status,
        mr1_0.updated_at 
    from
        match_request mr1_0 
    where
        mr1_0.guest_id=?
2026-04-22 17:22:53.238 TRACE [90ce5afb] org.hibernate.orm.jdbc.bind - binding parameter (1:BIGINT) <- [1051]
2026-04-22 17:22:53.239 INFO  [f8a57577] c.t.a.logging.MdcLoggingFilter - [HTTP] 요청 완료 - statusCode: 200, latencyMs: 7, requestUri: /api/members/me/profile, method: GET
2026-04-22 17:22:53.240 INFO  [90ce5afb] c.t.a.logging.MdcLoggingFilter - [HTTP] 요청 완료 - statusCode: 200, latencyMs: 9, requestUri: /api/matching/requests/guest/list, method: GET
2026-04-22 17:22:53.246 DEBUG [dfd9ed0b] org.hibernate.SQL - 
    /* <criteria> */ select
        m1_0.id,
        m1_0.created_at,
        m1_0.email,
        m1_0.name,
        m1_0.nickname,
        m1_0.password,
        m1_0.profile_image_url,
        m1_0.role,
        m1_0.social_type,
        m1_0.status,
        m1_0.updated_at 
    from
        member m1_0 
    where
        m1_0.email=? 
        and m1_0.role=?
2026-04-22 17:22:53.246 TRACE [dfd9ed0b] org.hibernate.orm.jdbc.bind - binding parameter (1:VARCHAR) <- [guest5@naver.com]
2026-04-22 17:22:53.246 TRACE [dfd9ed0b] org.hibernate.orm.jdbc.bind - binding parameter (2:ENUM) <- [GUEST]
2026-04-22 17:22:53.247 DEBUG [c611b9b2] org.hibernate.SQL - 
    /* <criteria> */ select
        m1_0.id,
        m1_0.created_at,
        m1_0.email,
        m1_0.name,
        m1_0.nickname,
        m1_0.password,
        m1_0.profile_image_url,
        m1_0.role,
        m1_0.social_type,
        m1_0.status,
        m1_0.updated_at 
    from
        member m1_0 
    where
        m1_0.email=? 
        and m1_0.role=?
2026-04-22 17:22:53.247 TRACE [c611b9b2] org.hibernate.orm.jdbc.bind - binding parameter (1:VARCHAR) <- [guest5@naver.com]
2026-04-22 17:22:53.247 TRACE [c611b9b2] org.hibernate.orm.jdbc.bind - binding parameter (2:ENUM) <- [GUEST]
2026-04-22 17:22:53.248 DEBUG [c611b9b2] org.hibernate.SQL - 
    /* <criteria> */ select
        mr1_0.id,
        mr1_0.budget_max_won,
        mr1_0.budget_min_won,
        mr1_0.cancel_reason,
        mr1_0.cancelled_by,
        mr1_0.concept,
        mr1_0.concept_summary,
        mr1_0.created_at,
        mr1_0.desired_budget,
        mr1_0.desired_date,
        mr1_0.destination,
        mr1_0.guest_id,
        mr1_0.guide_id,
        mr1_0.guide_schedule_id,
        mr1_0.propose_message,
        mr1_0.proposed_schedule,
        mr1_0.status,
        mr1_0.updated_at 
    from
        match_request mr1_0 
    where
        mr1_0.guest_id=?
2026-04-22 17:22:53.249 TRACE [c611b9b2] org.hibernate.orm.jdbc.bind - binding parameter (1:BIGINT) <- [1051]
2026-04-22 17:22:53.249 INFO  [dfd9ed0b] c.t.a.logging.MdcLoggingFilter - [HTTP] 요청 완료 - statusCode: 200, latencyMs: 7, requestUri: /api/members/me/profile, method: GET
2026-04-22 17:22:53.250 INFO  [c611b9b2] c.t.a.logging.MdcLoggingFilter - [HTTP] 요청 완료 - statusCode: 200, latencyMs: 5, requestUri: /api/matching/requests/guest/list, method: GET
2026-04-22 17:23:00.014 DEBUG [] org.hibernate.SQL - 
    /* <criteria> */ select
        te1_0.id,
        te1_0.created_at,
        te1_0.deadline_at,
        te1_0.extended_date,
        te1_0.extended_price,
        te1_0.guest_id,
        te1_0.guide_approved_at,
        te1_0.match_request_id,
        te1_0.requested_at,
        te1_0.status,
        te1_0.updated_at 
    from
        tour_extension te1_0 
    where
        te1_0.status=? 
        and te1_0.deadline_at<?
2026-04-22 17:23:00.014 TRACE [] org.hibernate.orm.jdbc.bind - binding parameter (1:ENUM) <- [REQUESTED]
2026-04-22 17:23:00.014 TRACE [] org.hibernate.orm.jdbc.bind - binding parameter (2:TIMESTAMP) <- [2026-04-22T17:23:00.013329600]
2026-04-22 17:24:00.005 DEBUG [] org.hibernate.SQL - 
    /* <criteria> */ select
        te1_0.id,
        te1_0.created_at,
        te1_0.deadline_at,
        te1_0.extended_date,
        te1_0.extended_price,
        te1_0.guest_id,
        te1_0.guide_approved_at,
        te1_0.match_request_id,
        te1_0.requested_at,
        te1_0.status,
        te1_0.updated_at 
    from
        tour_extension te1_0 
    where
        te1_0.status=? 
        and te1_0.deadline_at<?
2026-04-22 17:24:00.005 TRACE [] org.hibernate.orm.jdbc.bind - binding parameter (1:ENUM) <- [REQUESTED]
2026-04-22 17:24:00.005 TRACE [] org.hibernate.orm.jdbc.bind - binding parameter (2:TIMESTAMP) <- [2026-04-22T17:24:00.004299800]
2026-04-22 17:25:00.008 DEBUG [] org.hibernate.SQL - 
    /* <criteria> */ select
        te1_0.id,
        te1_0.created_at,
        te1_0.deadline_at,
        te1_0.extended_date,
        te1_0.extended_price,
        te1_0.guest_id,
        te1_0.guide_approved_at,
        te1_0.match_request_id,
        te1_0.requested_at,
        te1_0.status,
        te1_0.updated_at 
    from
        tour_extension te1_0 
    where
        te1_0.status=? 
        and te1_0.deadline_at<?
2026-04-22 17:25:00.008 TRACE [] org.hibernate.orm.jdbc.bind - binding parameter (1:ENUM) <- [REQUESTED]
2026-04-22 17:25:00.008 TRACE [] org.hibernate.orm.jdbc.bind - binding parameter (2:TIMESTAMP) <- [2026-04-22T17:25:00.007282400]
2026-04-22 17:26:00.009 DEBUG [] org.hibernate.SQL - 
    /* <criteria> */ select
        te1_0.id,
        te1_0.created_at,
        te1_0.deadline_at,
        te1_0.extended_date,
        te1_0.extended_price,
        te1_0.guest_id,
        te1_0.guide_approved_at,
        te1_0.match_request_id,
        te1_0.requested_at,
        te1_0.status,
        te1_0.updated_at 
    from
        tour_extension te1_0 
    where
        te1_0.status=? 
        and te1_0.deadline_at<?
2026-04-22 17:26:00.011 TRACE [] org.hibernate.orm.jdbc.bind - binding parameter (1:ENUM) <- [REQUESTED]
2026-04-22 17:26:00.011 TRACE [] org.hibernate.orm.jdbc.bind - binding parameter (2:TIMESTAMP) <- [2026-04-22T17:26:00.008458600]
2026-04-22 17:27:00.009 DEBUG [] org.hibernate.SQL - 
    /* <criteria> */ select
        te1_0.id,
        te1_0.created_at,
        te1_0.deadline_at,
        te1_0.extended_date,
        te1_0.extended_price,
        te1_0.guest_id,
        te1_0.guide_approved_at,
        te1_0.match_request_id,
        te1_0.requested_at,
        te1_0.status,
        te1_0.updated_at 
    from
        tour_extension te1_0 
    where
        te1_0.status=? 
        and te1_0.deadline_at<?
2026-04-22 17:27:00.009 TRACE [] org.hibernate.orm.jdbc.bind - binding parameter (1:ENUM) <- [REQUESTED]
2026-04-22 17:27:00.009 TRACE [] org.hibernate.orm.jdbc.bind - binding parameter (2:TIMESTAMP) <- [2026-04-22T17:27:00.007646]
2026-04-22 17:28:00.016 DEBUG [] org.hibernate.SQL - 
    /* <criteria> */ select
        te1_0.id,
        te1_0.created_at,
        te1_0.deadline_at,
        te1_0.extended_date,
        te1_0.extended_price,
        te1_0.guest_id,
        te1_0.guide_approved_at,
        te1_0.match_request_id,
        te1_0.requested_at,
        te1_0.status,
        te1_0.updated_at 
    from
        tour_extension te1_0 
    where
        te1_0.status=? 
        and te1_0.deadline_at<?
2026-04-22 17:28:00.017 TRACE [] org.hibernate.orm.jdbc.bind - binding parameter (1:ENUM) <- [REQUESTED]
2026-04-22 17:28:00.017 TRACE [] org.hibernate.orm.jdbc.bind - binding parameter (2:TIMESTAMP) <- [2026-04-22T17:28:00.015158700]
2026-04-22 17:29:00.007 DEBUG [] org.hibernate.SQL - 
    /* <criteria> */ select
        te1_0.id,
        te1_0.created_at,
        te1_0.deadline_at,
        te1_0.extended_date,
        te1_0.extended_price,
        te1_0.guest_id,
        te1_0.guide_approved_at,
        te1_0.match_request_id,
        te1_0.requested_at,
        te1_0.status,
        te1_0.updated_at 
    from
        tour_extension te1_0 
    where
        te1_0.status=? 
        and te1_0.deadline_at<?
2026-04-22 17:29:00.008 TRACE [] org.hibernate.orm.jdbc.bind - binding parameter (1:ENUM) <- [REQUESTED]
2026-04-22 17:29:00.008 TRACE [] org.hibernate.orm.jdbc.bind - binding parameter (2:TIMESTAMP) <- [2026-04-22T17:29:00.006472]
2026-04-22 17:30:00.014 DEBUG [] org.hibernate.SQL - 
    /* <criteria> */ select
        te1_0.id,
        te1_0.created_at,
        te1_0.deadline_at,
        te1_0.extended_date,
        te1_0.extended_price,
        te1_0.guest_id,
        te1_0.guide_approved_at,
        te1_0.match_request_id,
        te1_0.requested_at,
        te1_0.status,
        te1_0.updated_at 
    from
        tour_extension te1_0 
    where
        te1_0.status=? 
        and te1_0.deadline_at<?
2026-04-22 17:30:00.014 TRACE [] org.hibernate.orm.jdbc.bind - binding parameter (1:ENUM) <- [REQUESTED]
2026-04-22 17:30:00.015 TRACE [] org.hibernate.orm.jdbc.bind - binding parameter (2:TIMESTAMP) <- [2026-04-22T17:30:00.013875]
2026-04-22 17:31:00.013 DEBUG [] org.hibernate.SQL - 
    /* <criteria> */ select
        te1_0.id,
        te1_0.created_at,
        te1_0.deadline_at,
        te1_0.extended_date,
        te1_0.extended_price,
        te1_0.guest_id,
        te1_0.guide_approved_at,
        te1_0.match_request_id,
        te1_0.requested_at,
        te1_0.status,
        te1_0.updated_at 
    from
        tour_extension te1_0 
    where
        te1_0.status=? 
        and te1_0.deadline_at<?
2026-04-22 17:31:00.014 TRACE [] org.hibernate.orm.jdbc.bind - binding parameter (1:ENUM) <- [REQUESTED]
2026-04-22 17:31:00.014 TRACE [] org.hibernate.orm.jdbc.bind - binding parameter (2:TIMESTAMP) <- [2026-04-22T17:31:00.012617300]
2026-04-22 17:32:00.017 DEBUG [] org.hibernate.SQL - 
    /* <criteria> */ select
        te1_0.id,
        te1_0.created_at,
        te1_0.deadline_at,
        te1_0.extended_date,
        te1_0.extended_price,
        te1_0.guest_id,
        te1_0.guide_approved_at,
        te1_0.match_request_id,
        te1_0.requested_at,
        te1_0.status,
        te1_0.updated_at 
    from
        tour_extension te1_0 
    where
        te1_0.status=? 
        and te1_0.deadline_at<?
2026-04-22 17:32:00.017 TRACE [] org.hibernate.orm.jdbc.bind - binding parameter (1:ENUM) <- [REQUESTED]
2026-04-22 17:32:00.017 TRACE [] org.hibernate.orm.jdbc.bind - binding parameter (2:TIMESTAMP) <- [2026-04-22T17:32:00.016035400]
2026-04-22 17:33:00.014 DEBUG [] org.hibernate.SQL - 
    /* <criteria> */ select
        te1_0.id,
        te1_0.created_at,
        te1_0.deadline_at,
        te1_0.extended_date,
        te1_0.extended_price,
        te1_0.guest_id,
        te1_0.guide_approved_at,
        te1_0.match_request_id,
        te1_0.requested_at,
        te1_0.status,
        te1_0.updated_at 
    from
        tour_extension te1_0 
    where
        te1_0.status=? 
        and te1_0.deadline_at<?
2026-04-22 17:33:00.014 TRACE [] org.hibernate.orm.jdbc.bind - binding parameter (1:ENUM) <- [REQUESTED]
2026-04-22 17:33:00.014 TRACE [] org.hibernate.orm.jdbc.bind - binding parameter (2:TIMESTAMP) <- [2026-04-22T17:33:00.012644600]
2026-04-22 17:34:00.015 DEBUG [] org.hibernate.SQL - 
    /* <criteria> */ select
        te1_0.id,
        te1_0.created_at,
        te1_0.deadline_at,
        te1_0.extended_date,
        te1_0.extended_price,
        te1_0.guest_id,
        te1_0.guide_approved_at,
        te1_0.match_request_id,
        te1_0.requested_at,
        te1_0.status,
        te1_0.updated_at 
    from
        tour_extension te1_0 
    where
        te1_0.status=? 
        and te1_0.deadline_at<?
2026-04-22 17:34:00.015 TRACE [] org.hibernate.orm.jdbc.bind - binding parameter (1:ENUM) <- [REQUESTED]
2026-04-22 17:34:00.015 TRACE [] org.hibernate.orm.jdbc.bind - binding parameter (2:TIMESTAMP) <- [2026-04-22T17:34:00.013907600]
2026-04-22 17:35:00.005 DEBUG [] org.hibernate.SQL - 
    /* <criteria> */ select
        te1_0.id,
        te1_0.created_at,
        te1_0.deadline_at,
        te1_0.extended_date,
        te1_0.extended_price,
        te1_0.guest_id,
        te1_0.guide_approved_at,
        te1_0.match_request_id,
        te1_0.requested_at,
        te1_0.status,
        te1_0.updated_at 
    from
        tour_extension te1_0 
    where
        te1_0.status=? 
        and te1_0.deadline_at<?
2026-04-22 17:35:00.005 TRACE [] org.hibernate.orm.jdbc.bind - binding parameter (1:ENUM) <- [REQUESTED]
2026-04-22 17:35:00.005 TRACE [] org.hibernate.orm.jdbc.bind - binding parameter (2:TIMESTAMP) <- [2026-04-22T17:35:00.004712200]
2026-04-22 17:36:00.012 DEBUG [] org.hibernate.SQL - 
    /* <criteria> */ select
        te1_0.id,
        te1_0.created_at,
        te1_0.deadline_at,
        te1_0.extended_date,
        te1_0.extended_price,
        te1_0.guest_id,
        te1_0.guide_approved_at,
        te1_0.match_request_id,
        te1_0.requested_at,
        te1_0.status,
        te1_0.updated_at 
    from
        tour_extension te1_0 
    where
        te1_0.status=? 
        and te1_0.deadline_at<?
2026-04-22 17:36:00.012 TRACE [] org.hibernate.orm.jdbc.bind - binding parameter (1:ENUM) <- [REQUESTED]
2026-04-22 17:36:00.012 TRACE [] org.hibernate.orm.jdbc.bind - binding parameter (2:TIMESTAMP) <- [2026-04-22T17:36:00.011681900]
2026-04-22 17:37:00.004 DEBUG [] org.hibernate.SQL - 
    /* <criteria> */ select
        te1_0.id,
        te1_0.created_at,
        te1_0.deadline_at,
        te1_0.extended_date,
        te1_0.extended_price,
        te1_0.guest_id,
        te1_0.guide_approved_at,
        te1_0.match_request_id,
        te1_0.requested_at,
        te1_0.status,
        te1_0.updated_at 
    from
        tour_extension te1_0 
    where
        te1_0.status=? 
        and te1_0.deadline_at<?
2026-04-22 17:37:00.004 TRACE [] org.hibernate.orm.jdbc.bind - binding parameter (1:ENUM) <- [REQUESTED]
2026-04-22 17:37:00.004 TRACE [] org.hibernate.orm.jdbc.bind - binding parameter (2:TIMESTAMP) <- [2026-04-22T17:37:00.001679800]
2026-04-22 17:38:00.014 DEBUG [] org.hibernate.SQL - 
    /* <criteria> */ select
        te1_0.id,
        te1_0.created_at,
        te1_0.deadline_at,
        te1_0.extended_date,
        te1_0.extended_price,
        te1_0.guest_id,
        te1_0.guide_approved_at,
        te1_0.match_request_id,
        te1_0.requested_at,
        te1_0.status,
        te1_0.updated_at 
    from
        tour_extension te1_0 
    where
        te1_0.status=? 
        and te1_0.deadline_at<?
2026-04-22 17:38:00.014 TRACE [] org.hibernate.orm.jdbc.bind - binding parameter (1:ENUM) <- [REQUESTED]
2026-04-22 17:38:00.014 TRACE [] org.hibernate.orm.jdbc.bind - binding parameter (2:TIMESTAMP) <- [2026-04-22T17:38:00.013960100]
2026-04-22 17:38:35.167 INFO  [] o.s.w.s.c.WebSocketMessageBrokerStats - WebSocketSession[0 current WS(0)-HttpStream(0)-HttpPoll(0), 0 total, 0 closed abnormally (0 connect failure, 0 send limit, 0 transport error)], stompSubProtocol[processed CONNECT(0)-CONNECTED(0)-DISCONNECT(0)], stompBrokerRelay[null], inboundChannel[pool size = 0, active threads = 0, queued tasks = 0, completed tasks = 0], outboundChannel[pool size = 0, active threads = 0, queued tasks = 0, completed tasks = 0], sockJsScheduler[pool size = 12, active threads = 1, queued tasks = 2, completed tasks = 63]
2026-04-22 17:39:00.015 DEBUG [] org.hibernate.SQL - 
    /* <criteria> */ select
        te1_0.id,
        te1_0.created_at,
        te1_0.deadline_at,
        te1_0.extended_date,
        te1_0.extended_price,
        te1_0.guest_id,
        te1_0.guide_approved_at,
        te1_0.match_request_id,
        te1_0.requested_at,
        te1_0.status,
        te1_0.updated_at 
    from
        tour_extension te1_0 
    where
        te1_0.status=? 
        and te1_0.deadline_at<?
2026-04-22 17:39:00.015 TRACE [] org.hibernate.orm.jdbc.bind - binding parameter (1:ENUM) <- [REQUESTED]
2026-04-22 17:39:00.015 TRACE [] org.hibernate.orm.jdbc.bind - binding parameter (2:TIMESTAMP) <- [2026-04-22T17:39:00.013598800]
2026-04-22 17:39:38.412 INFO  [] o.s.b.w.e.tomcat.GracefulShutdown - Commencing graceful shutdown. Waiting for active requests to complete
2026-04-22 17:40:00.853 INFO  [] o.h.validator.internal.util.Version - HV000001: Hibernate Validator 8.0.2.Final
2026-04-22 17:40:00.920 INFO  [] c.t.apiserver.ApiServerApplication - Starting ApiServerApplication using Java 17.0.18 with PID 12668 (C:\Users\jangs\IdeaProjects\LocalGuest\backend\api-server\build\classes\java\main started by jangs in C:\Users\jangs\IdeaProjects\LocalGuest)
2026-04-22 17:40:00.920 INFO  [] c.t.apiserver.ApiServerApplication - The following 1 profile is active: "local"
2026-04-22 17:40:02.071 INFO  [] o.s.d.r.c.RepositoryConfigurationDelegate - Multiple Spring Data modules found, entering strict repository configuration mode
2026-04-22 17:40:02.071 INFO  [] o.s.d.r.c.RepositoryConfigurationDelegate - Bootstrapping Spring Data JPA repositories in DEFAULT mode.
2026-04-22 17:40:02.272 INFO  [] o.s.d.r.c.RepositoryConfigurationDelegate - Finished Spring Data repository scanning in 191 ms. Found 13 JPA repository interfaces.
2026-04-22 17:40:02.273 INFO  [] o.s.d.r.c.RepositoryConfigurationDelegate - Multiple Spring Data modules found, entering strict repository configuration mode
2026-04-22 17:40:02.274 INFO  [] o.s.d.r.c.RepositoryConfigurationDelegate - Bootstrapping Spring Data MongoDB repositories in DEFAULT mode.
2026-04-22 17:40:02.283 INFO  [] o.s.d.r.c.RepositoryConfigurationDelegate - Finished Spring Data repository scanning in 7 ms. Found 1 MongoDB repository interface.
2026-04-22 17:40:02.827 INFO  [] o.s.d.r.c.RepositoryConfigurationDelegate - Multiple Spring Data modules found, entering strict repository configuration mode
2026-04-22 17:40:02.828 INFO  [] o.s.d.r.c.RepositoryConfigurationDelegate - Bootstrapping Spring Data Redis repositories in DEFAULT mode.
2026-04-22 17:40:02.843 INFO  [] o.s.d.r.c.RepositoryConfigurationDelegate - Finished Spring Data repository scanning in 6 ms. Found 0 Redis repository interfaces.
2026-04-22 17:40:02.961 WARN  [] o.m.s.mapper.ClassPathMapperScanner - No MyBatis mapper was found in '[com.team6.apiserver]' package. Please check your configuration.
2026-04-22 17:40:03.639 INFO  [] o.s.b.w.e.tomcat.TomcatWebServer - Tomcat initialized with port 8080 (http)
2026-04-22 17:40:03.651 INFO  [] o.a.coyote.http11.Http11NioProtocol - Initializing ProtocolHandler ["http-nio-8080"]
2026-04-22 17:40:03.653 INFO  [] o.a.catalina.core.StandardService - Starting service [Tomcat]
2026-04-22 17:40:03.653 INFO  [] o.a.catalina.core.StandardEngine - Starting Servlet engine: [Apache Tomcat/10.1.40]
2026-04-22 17:40:03.730 INFO  [] o.a.c.c.C.[.[localhost].[/api] - Initializing Spring embedded WebApplicationContext
2026-04-22 17:40:03.731 INFO  [] o.s.b.w.s.c.ServletWebServerApplicationContext - Root WebApplicationContext: initialization completed in 2752 ms
2026-04-22 17:40:04.064 INFO  [] o.h.jpa.internal.util.LogHelper - HHH000204: Processing PersistenceUnitInfo [name: default]
2026-04-22 17:40:04.144 INFO  [] org.hibernate.Version - HHH000412: Hibernate ORM core version 6.6.13.Final
2026-04-22 17:40:04.191 INFO  [] o.h.c.i.RegionFactoryInitiator - HHH000026: Second-level cache disabled
2026-04-22 17:40:04.565 INFO  [] o.s.o.j.p.SpringPersistenceUnitInfo - No LoadTimeWeaver setup: ignoring JPA class transformer
2026-04-22 17:40:04.609 INFO  [] com.zaxxer.hikari.HikariDataSource - HikariPool-1 - Starting...
2026-04-22 17:40:04.869 INFO  [] com.zaxxer.hikari.pool.HikariPool - HikariPool-1 - Added connection com.mysql.cj.jdbc.ConnectionImpl@26f7b114
2026-04-22 17:40:04.871 INFO  [] com.zaxxer.hikari.HikariDataSource - HikariPool-1 - Start completed.
2026-04-22 17:40:04.927 WARN  [] org.hibernate.orm.deprecation - HHH90000025: MySQLDialect does not need to be specified explicitly using 'hibernate.dialect' (remove the property setting and it will be selected by default)
2026-04-22 17:40:04.948 INFO  [] o.hibernate.orm.connections.pooling - HHH10001005: Database info:
	Database JDBC URL [Connecting through datasource 'HikariDataSource (HikariPool-1)']
	Database driver: undefined/unknown
	Database version: 8.0.44
	Autocommit mode: undefined/unknown
	Isolation level: undefined/unknown
	Minimum pool size: undefined/unknown
	Maximum pool size: undefined/unknown
2026-04-22 17:40:06.346 INFO  [] o.h.e.t.j.p.i.JtaPlatformInitiator - HHH000489: No JTA platform available (set 'hibernate.transaction.jta.platform' to enable JTA platform integration)
2026-04-22 17:40:06.368 DEBUG [] org.hibernate.SQL - 
    alter table chat_participants 
       drop 
       foreign key FKk0pkxdxk2whcy4j9lovmexvkq
2026-04-22 17:40:06.386 DEBUG [] org.hibernate.SQL - 
    alter table guide_careers 
       drop 
       foreign key fk_guide_careers_guide
2026-04-22 17:40:06.397 DEBUG [] org.hibernate.SQL - 
    alter table guide_feeds 
       drop 
       foreign key FKl5ncbecyap26kipe8hbrrv259
2026-04-22 17:40:06.405 DEBUG [] org.hibernate.SQL - 
    alter table guide_images 
       drop 
       foreign key fk_guide_images_guide
2026-04-22 17:40:06.412 DEBUG [] org.hibernate.SQL - 
    alter table guide_schedules 
       drop 
       foreign key FK9a3cimgvlpika296h0fkluqbl
2026-04-22 17:40:06.418 DEBUG [] org.hibernate.SQL - 
    alter table payment 
       drop 
       foreign key fk_payment_match_req
2026-04-22 17:40:06.427 DEBUG [] org.hibernate.SQL - 
    alter table refund 
       drop 
       foreign key fk_refund_payment
2026-04-22 17:40:06.434 DEBUG [] org.hibernate.SQL - 
    alter table review 
       drop 
       foreign key FKk0ccx5i4ci2wd70vegug074w1
2026-04-22 17:40:06.442 DEBUG [] org.hibernate.SQL - 
    alter table tour_extension 
       drop 
       foreign key fk_extension_match_req
2026-04-22 17:40:06.452 DEBUG [] org.hibernate.SQL - 
    drop table if exists chat_participants
2026-04-22 17:40:06.461 DEBUG [] org.hibernate.SQL - 
    drop table if exists chat_rooms
2026-04-22 17:40:06.470 DEBUG [] org.hibernate.SQL - 
    drop table if exists guide_careers
2026-04-22 17:40:06.477 DEBUG [] org.hibernate.SQL - 
    drop table if exists guide_feeds
2026-04-22 17:40:06.485 DEBUG [] org.hibernate.SQL - 
    drop table if exists guide_images
2026-04-22 17:40:06.494 DEBUG [] org.hibernate.SQL - 
    drop table if exists guide_profiles
2026-04-22 17:40:06.504 DEBUG [] org.hibernate.SQL - 
    drop table if exists guide_schedules
2026-04-22 17:40:06.511 DEBUG [] org.hibernate.SQL - 
    drop table if exists match_request
2026-04-22 17:40:06.522 DEBUG [] org.hibernate.SQL - 
    drop table if exists member
2026-04-22 17:40:06.547 WARN  [] o.h.t.s.i.ExceptionHandlerLoggedImpl - GenerationTarget encountered exception accepting command : Error executing DDL "
    drop table if exists member" via JDBC [Cannot drop table 'member' referenced by a foreign key constraint 'FKsn2texaayj22xqa2s7fj0swkm' on table 'guest_profile'.]
org.hibernate.tool.schema.spi.CommandAcceptanceException: Error executing DDL "
    drop table if exists member" via JDBC [Cannot drop table 'member' referenced by a foreign key constraint 'FKsn2texaayj22xqa2s7fj0swkm' on table 'guest_profile'.]
	at org.hibernate.tool.schema.internal.exec.GenerationTargetToDatabase.accept(GenerationTargetToDatabase.java:94)
	at org.hibernate.tool.schema.internal.Helper.applySqlString(Helper.java:233)
	at org.hibernate.tool.schema.internal.Helper.applySqlStrings(Helper.java:217)
	at org.hibernate.tool.schema.internal.SchemaDropperImpl.dropTables(SchemaDropperImpl.java:384)
	at org.hibernate.tool.schema.internal.SchemaDropperImpl.dropConstraintsTablesSequences(SchemaDropperImpl.java:256)
	at org.hibernate.tool.schema.internal.SchemaDropperImpl.dropFromMetadata(SchemaDropperImpl.java:218)
	at org.hibernate.tool.schema.internal.SchemaDropperImpl.performDrop(SchemaDropperImpl.java:186)
	at org.hibernate.tool.schema.internal.SchemaDropperImpl.doDrop(SchemaDropperImpl.java:156)
	at org.hibernate.tool.schema.internal.SchemaDropperImpl.doDrop(SchemaDropperImpl.java:116)
	at org.hibernate.tool.schema.spi.SchemaManagementToolCoordinator.performDatabaseAction(SchemaManagementToolCoordinator.java:238)
	at org.hibernate.tool.schema.spi.SchemaManagementToolCoordinator.lambda$process$5(SchemaManagementToolCoordinator.java:144)
	at java.base/java.util.HashMap.forEach(HashMap.java:1421)
	at org.hibernate.tool.schema.spi.SchemaManagementToolCoordinator.process(SchemaManagementToolCoordinator.java:141)
	at org.hibernate.boot.internal.SessionFactoryObserverForSchemaExport.sessionFactoryCreated(SessionFactoryObserverForSchemaExport.java:37)
	at org.hibernate.internal.SessionFactoryObserverChain.sessionFactoryCreated(SessionFactoryObserverChain.java:35)
	at org.hibernate.internal.SessionFactoryImpl.<init>(SessionFactoryImpl.java:324)
	at org.hibernate.boot.internal.SessionFactoryBuilderImpl.build(SessionFactoryBuilderImpl.java:463)
	at org.hibernate.jpa.boot.internal.EntityManagerFactoryBuilderImpl.build(EntityManagerFactoryBuilderImpl.java:1517)
	at org.springframework.orm.jpa.vendor.SpringHibernateJpaPersistenceProvider.createContainerEntityManagerFactory(SpringHibernateJpaPersistenceProvider.java:66)
	at org.springframework.orm.jpa.LocalContainerEntityManagerFactoryBean.createNativeEntityManagerFactory(LocalContainerEntityManagerFactoryBean.java:390)
	at org.springframework.orm.jpa.AbstractEntityManagerFactoryBean.buildNativeEntityManagerFactory(AbstractEntityManagerFactoryBean.java:419)
	at org.springframework.orm.jpa.AbstractEntityManagerFactoryBean.afterPropertiesSet(AbstractEntityManagerFactoryBean.java:400)
	at org.springframework.orm.jpa.LocalContainerEntityManagerFactoryBean.afterPropertiesSet(LocalContainerEntityManagerFactoryBean.java:366)
	at org.springframework.beans.factory.support.AbstractAutowireCapableBeanFactory.invokeInitMethods(AbstractAutowireCapableBeanFactory.java:1865)
	at org.springframework.beans.factory.support.AbstractAutowireCapableBeanFactory.initializeBean(AbstractAutowireCapableBeanFactory.java:1814)
	at org.springframework.beans.factory.support.AbstractAutowireCapableBeanFactory.doCreateBean(AbstractAutowireCapableBeanFactory.java:607)
	at org.springframework.beans.factory.support.AbstractAutowireCapableBeanFactory.createBean(AbstractAutowireCapableBeanFactory.java:529)
	at org.springframework.beans.factory.support.AbstractBeanFactory.lambda$doGetBean$0(AbstractBeanFactory.java:339)
	at org.springframework.beans.factory.support.DefaultSingletonBeanRegistry.getSingleton(DefaultSingletonBeanRegistry.java:371)
	at org.springframework.beans.factory.support.AbstractBeanFactory.doGetBean(AbstractBeanFactory.java:337)
	at org.springframework.beans.factory.support.AbstractBeanFactory.getBean(AbstractBeanFactory.java:207)
	at org.springframework.context.support.AbstractApplicationContext.finishBeanFactoryInitialization(AbstractApplicationContext.java:970)
	at org.springframework.context.support.AbstractApplicationContext.refresh(AbstractApplicationContext.java:627)
	at org.springframework.boot.web.servlet.context.ServletWebServerApplicationContext.refresh(ServletWebServerApplicationContext.java:146)
	at org.springframework.boot.SpringApplication.refresh(SpringApplication.java:753)
	at org.springframework.boot.SpringApplication.refreshContext(SpringApplication.java:439)
	at org.springframework.boot.SpringApplication.run(SpringApplication.java:318)
	at org.springframework.boot.SpringApplication.run(SpringApplication.java:1362)
	at org.springframework.boot.SpringApplication.run(SpringApplication.java:1351)
	at com.team6.apiserver.ApiServerApplication.main(ApiServerApplication.java:31)
Caused by: java.sql.SQLException: Cannot drop table 'member' referenced by a foreign key constraint 'FKsn2texaayj22xqa2s7fj0swkm' on table 'guest_profile'.
	at com.mysql.cj.jdbc.exceptions.SQLError.createSQLException(SQLError.java:121)
	at com.mysql.cj.jdbc.exceptions.SQLExceptionsMapping.translateException(SQLExceptionsMapping.java:114)
	at com.mysql.cj.jdbc.StatementImpl.executeInternal(StatementImpl.java:837)
	at com.mysql.cj.jdbc.StatementImpl.execute(StatementImpl.java:685)
	at com.zaxxer.hikari.pool.ProxyStatement.execute(ProxyStatement.java:94)
	at com.zaxxer.hikari.pool.HikariProxyStatement.execute(HikariProxyStatement.java)
	at org.hibernate.tool.schema.internal.exec.GenerationTargetToDatabase.accept(GenerationTargetToDatabase.java:80)
	... 39 common frames omitted
2026-04-22 17:40:06.550 DEBUG [] org.hibernate.SQL - 
    drop table if exists payment
2026-04-22 17:40:06.559 DEBUG [] org.hibernate.SQL - 
    drop table if exists refund
2026-04-22 17:40:06.567 DEBUG [] org.hibernate.SQL - 
    drop table if exists review
2026-04-22 17:40:06.578 DEBUG [] org.hibernate.SQL - 
    drop table if exists scrapbooks
2026-04-22 17:40:06.586 DEBUG [] org.hibernate.SQL - 
    drop table if exists tour_extension
2026-04-22 17:40:06.603 DEBUG [] org.hibernate.SQL - 
    create table chat_participants (
        is_alarm_on bit not null,
        chat_room_id bigint,
        created_at datetime(6) not null,
        id bigint not null auto_increment,
        last_read_at datetime(6),
        updated_at datetime(6) not null,
        user_id bigint,
        user_email varchar(255) not null,
        user_nickname varchar(255),
        primary key (id)
    ) engine=InnoDB
2026-04-22 17:40:06.619 DEBUG [] org.hibernate.SQL - 
    create table chat_rooms (
        participant_count integer,
        created_at datetime(6) not null,
        id bigint not null auto_increment,
        last_message_at datetime(6),
        updated_at datetime(6) not null,
        last_message varchar(255),
        owner_email varchar(255),
        room_id varchar(255) not null,
        title varchar(255) not null,
        primary key (id)
    ) engine=InnoDB
2026-04-22 17:40:06.632 DEBUG [] org.hibernate.SQL - 
    create table guide_careers (
        acquired_at date not null,
        created_at datetime(6) not null,
        guide_id bigint not null,
        id bigint not null auto_increment,
        updated_at datetime(6) not null,
        title varchar(100) not null,
        description TEXT,
        primary key (id)
    ) engine=InnoDB
2026-04-22 17:40:06.644 DEBUG [] org.hibernate.SQL - 
    create table guide_feeds (
        is_deleted bit not null,
        created_at datetime(6) not null,
        guide_id bigint not null,
        id bigint not null auto_increment,
        updated_at datetime(6) not null,
        content TEXT not null,
        image_url LONGTEXT,
        primary key (id)
    ) engine=InnoDB
2026-04-22 17:40:06.658 DEBUG [] org.hibernate.SQL - 
    create table guide_images (
        is_main bit not null,
        sort_order integer not null,
        created_at datetime(6) not null,
        guide_id bigint not null,
        id bigint not null auto_increment,
        updated_at datetime(6) not null,
        image_url varchar(500) not null,
        primary key (id)
    ) engine=InnoDB
2026-04-22 17:40:06.671 DEBUG [] org.hibernate.SQL - 
    create table guide_profiles (
        average_rating decimal(3,2),
        is_active bit not null,
        is_approved bit not null,
        price_per_hour decimal(10,2),
        residence_years integer,
        review_count integer not null,
        created_at datetime(6) not null,
        id bigint not null auto_increment,
        member_id bigint not null,
        updated_at datetime(6) not null,
        nickname varchar(50) not null,
        guide_style varchar(100),
        language varchar(100),
        region varchar(100) not null,
        profile_image varchar(500),
        bio TEXT,
        default_course TEXT,
        keywords TEXT,
        local_story TEXT,
        primary key (id)
    ) engine=InnoDB
2026-04-22 17:40:06.685 DEBUG [] org.hibernate.SQL - 
    create table guide_schedules (
        available_date date not null,
        end_time time(6) not null,
        is_paid bit not null,
        start_time time(6) not null,
        created_at datetime(6) not null,
        guide_id bigint not null,
        id bigint not null auto_increment,
        match_request_id bigint,
        updated_at datetime(6) not null,
        meeting_point varchar(200),
        course_detail TEXT,
        guide_message TEXT,
        status enum ('AVAILABLE','BLOCKED','BOOKED','PENDING') not null,
        primary key (id)
    ) engine=InnoDB
2026-04-22 17:40:06.698 DEBUG [] org.hibernate.SQL - 
    create table match_request (
        budget_max_won integer,
        budget_min_won integer,
        desired_budget integer,
        desired_date date not null,
        created_at DATETIME(6) not null,
        guest_id bigint not null,
        guide_id bigint not null,
        guide_schedule_id bigint not null,
        id bigint not null auto_increment,
        updated_at DATETIME(6) not null,
        cancelled_by varchar(20),
        cancel_reason TEXT,
        concept TEXT,
        concept_summary TEXT,
        destination varchar(255) not null,
        propose_message TEXT,
        proposed_schedule TEXT,
        status enum ('ACCEPTED','CANCELLED','COMPLETED','IN_PROGRESS','PAID','PENDING','REJECTED') not null,
        primary key (id),
        check (status IN ('PENDING','ACCEPTED','PAID','IN_PROGRESS','COMPLETED','CANCELLED','REJECTED'))
    ) engine=InnoDB
2026-04-22 17:40:06.712 DEBUG [] org.hibernate.SQL - 
    create table member (
        created_at DATETIME(6) DEFAULT CURRENT_TIMESTAMP(6) not null,
        id bigint not null auto_increment,
        updated_at DATETIME(6) DEFAULT CURRENT_TIMESTAMP(6) ON UPDATE CURRENT_TIMESTAMP(6) not null,
        name varchar(100) not null,
        nickname varchar(100),
        profile_image_url varchar(1000),
        email varchar(255) not null,
        password varchar(255) not null,
        role enum ('ADMIN','GUEST','GUIDE') not null,
        social_type enum ('GOOGLE','KAKAO'),
        status enum ('ACTIVE','WITHDRAWN') not null,
        primary key (id)
    ) engine=InnoDB
2026-04-22 17:40:06.714 WARN  [] o.h.t.s.i.ExceptionHandlerLoggedImpl - GenerationTarget encountered exception accepting command : Error executing DDL "
    create table member (
        created_at DATETIME(6) DEFAULT CURRENT_TIMESTAMP(6) not null,
        id bigint not null auto_increment,
        updated_at DATETIME(6) DEFAULT CURRENT_TIMESTAMP(6) ON UPDATE CURRENT_TIMESTAMP(6) not null,
        name varchar(100) not null,
        nickname varchar(100),
        profile_image_url varchar(1000),
        email varchar(255) not null,
        password varchar(255) not null,
        role enum ('ADMIN','GUEST','GUIDE') not null,
        social_type enum ('GOOGLE','KAKAO'),
        status enum ('ACTIVE','WITHDRAWN') not null,
        primary key (id)
    ) engine=InnoDB" via JDBC [Table 'member' already exists]
org.hibernate.tool.schema.spi.CommandAcceptanceException: Error executing DDL "
    create table member (
        created_at DATETIME(6) DEFAULT CURRENT_TIMESTAMP(6) not null,
        id bigint not null auto_increment,
        updated_at DATETIME(6) DEFAULT CURRENT_TIMESTAMP(6) ON UPDATE CURRENT_TIMESTAMP(6) not null,
        name varchar(100) not null,
        nickname varchar(100),
        profile_image_url varchar(1000),
        email varchar(255) not null,
        password varchar(255) not null,
        role enum ('ADMIN','GUEST','GUIDE') not null,
        social_type enum ('GOOGLE','KAKAO'),
        status enum ('ACTIVE','WITHDRAWN') not null,
        primary key (id)
    ) engine=InnoDB" via JDBC [Table 'member' already exists]
	at org.hibernate.tool.schema.internal.exec.GenerationTargetToDatabase.accept(GenerationTargetToDatabase.java:94)
	at org.hibernate.tool.schema.internal.Helper.applySqlString(Helper.java:233)
	at org.hibernate.tool.schema.internal.Helper.applySqlStrings(Helper.java:217)
	at org.hibernate.tool.schema.internal.SchemaCreatorImpl.createTables(SchemaCreatorImpl.java:430)
	at org.hibernate.tool.schema.internal.SchemaCreatorImpl.createSequencesTablesConstraints(SchemaCreatorImpl.java:346)
	at org.hibernate.tool.schema.internal.SchemaCreatorImpl.createFromMetadata(SchemaCreatorImpl.java:241)
	at org.hibernate.tool.schema.internal.SchemaCreatorImpl.performCreation(SchemaCreatorImpl.java:174)
	at org.hibernate.tool.schema.internal.SchemaCreatorImpl.doCreation(SchemaCreatorImpl.java:144)
	at org.hibernate.tool.schema.internal.SchemaCreatorImpl.doCreation(SchemaCreatorImpl.java:120)
	at org.hibernate.tool.schema.spi.SchemaManagementToolCoordinator.performDatabaseAction(SchemaManagementToolCoordinator.java:250)
	at org.hibernate.tool.schema.spi.SchemaManagementToolCoordinator.lambda$process$5(SchemaManagementToolCoordinator.java:144)
	at java.base/java.util.HashMap.forEach(HashMap.java:1421)
	at org.hibernate.tool.schema.spi.SchemaManagementToolCoordinator.process(SchemaManagementToolCoordinator.java:141)
	at org.hibernate.boot.internal.SessionFactoryObserverForSchemaExport.sessionFactoryCreated(SessionFactoryObserverForSchemaExport.java:37)
	at org.hibernate.internal.SessionFactoryObserverChain.sessionFactoryCreated(SessionFactoryObserverChain.java:35)
	at org.hibernate.internal.SessionFactoryImpl.<init>(SessionFactoryImpl.java:324)
	at org.hibernate.boot.internal.SessionFactoryBuilderImpl.build(SessionFactoryBuilderImpl.java:463)
	at org.hibernate.jpa.boot.internal.EntityManagerFactoryBuilderImpl.build(EntityManagerFactoryBuilderImpl.java:1517)
	at org.springframework.orm.jpa.vendor.SpringHibernateJpaPersistenceProvider.createContainerEntityManagerFactory(SpringHibernateJpaPersistenceProvider.java:66)
	at org.springframework.orm.jpa.LocalContainerEntityManagerFactoryBean.createNativeEntityManagerFactory(LocalContainerEntityManagerFactoryBean.java:390)
	at org.springframework.orm.jpa.AbstractEntityManagerFactoryBean.buildNativeEntityManagerFactory(AbstractEntityManagerFactoryBean.java:419)
	at org.springframework.orm.jpa.AbstractEntityManagerFactoryBean.afterPropertiesSet(AbstractEntityManagerFactoryBean.java:400)
	at org.springframework.orm.jpa.LocalContainerEntityManagerFactoryBean.afterPropertiesSet(LocalContainerEntityManagerFactoryBean.java:366)
	at org.springframework.beans.factory.support.AbstractAutowireCapableBeanFactory.invokeInitMethods(AbstractAutowireCapableBeanFactory.java:1865)
	at org.springframework.beans.factory.support.AbstractAutowireCapableBeanFactory.initializeBean(AbstractAutowireCapableBeanFactory.java:1814)
	at org.springframework.beans.factory.support.AbstractAutowireCapableBeanFactory.doCreateBean(AbstractAutowireCapableBeanFactory.java:607)
	at org.springframework.beans.factory.support.AbstractAutowireCapableBeanFactory.createBean(AbstractAutowireCapableBeanFactory.java:529)
	at org.springframework.beans.factory.support.AbstractBeanFactory.lambda$doGetBean$0(AbstractBeanFactory.java:339)
	at org.springframework.beans.factory.support.DefaultSingletonBeanRegistry.getSingleton(DefaultSingletonBeanRegistry.java:371)
	at org.springframework.beans.factory.support.AbstractBeanFactory.doGetBean(AbstractBeanFactory.java:337)
	at org.springframework.beans.factory.support.AbstractBeanFactory.getBean(AbstractBeanFactory.java:207)
	at org.springframework.context.support.AbstractApplicationContext.finishBeanFactoryInitialization(AbstractApplicationContext.java:970)
	at org.springframework.context.support.AbstractApplicationContext.refresh(AbstractApplicationContext.java:627)
	at org.springframework.boot.web.servlet.context.ServletWebServerApplicationContext.refresh(ServletWebServerApplicationContext.java:146)
	at org.springframework.boot.SpringApplication.refresh(SpringApplication.java:753)
	at org.springframework.boot.SpringApplication.refreshContext(SpringApplication.java:439)
	at org.springframework.boot.SpringApplication.run(SpringApplication.java:318)
	at org.springframework.boot.SpringApplication.run(SpringApplication.java:1362)
	at org.springframework.boot.SpringApplication.run(SpringApplication.java:1351)
	at com.team6.apiserver.ApiServerApplication.main(ApiServerApplication.java:31)
Caused by: java.sql.SQLSyntaxErrorException: Table 'member' already exists
	at com.mysql.cj.jdbc.exceptions.SQLError.createSQLException(SQLError.java:112)
	at com.mysql.cj.jdbc.exceptions.SQLExceptionsMapping.translateException(SQLExceptionsMapping.java:114)
	at com.mysql.cj.jdbc.StatementImpl.executeInternal(StatementImpl.java:837)
	at com.mysql.cj.jdbc.StatementImpl.execute(StatementImpl.java:685)
	at com.zaxxer.hikari.pool.ProxyStatement.execute(ProxyStatement.java:94)
	at com.zaxxer.hikari.pool.HikariProxyStatement.execute(HikariProxyStatement.java)
	at org.hibernate.tool.schema.internal.exec.GenerationTargetToDatabase.accept(GenerationTargetToDatabase.java:80)
	... 39 common frames omitted
2026-04-22 17:40:06.715 DEBUG [] org.hibernate.SQL - 
    create table payment (
        amount integer not null,
        created_at DATETIME(6) not null,
        id bigint not null auto_increment,
        match_request_id bigint not null,
        paid_at DATETIME(6),
        payer_id bigint not null,
        refund_deadline DATETIME(6),
        updated_at DATETIME(6) not null,
        payment_type varchar(20) not null,
        pg_order_no varchar(100) not null,
        pg_transaction_id varchar(100),
        status enum ('CANCELLED','COMPLETED','FAILED','PENDING','REFUNDED') not null,
        primary key (id),
        check (status IN ('PENDING','COMPLETED','REFUNDED','FAILED','CANCELLED') AND payment_type IN ('CHAT','ACCOMPANY','EXTENSION'))
    ) engine=InnoDB
2026-04-22 17:40:06.727 DEBUG [] org.hibernate.SQL - 
    create table refund (
        ai_processed bit not null,
        created_at DATETIME(6) not null,
        id bigint not null auto_increment,
        payment_id bigint not null,
        processed_at DATETIME(6),
        requester_id bigint not null,
        updated_at DATETIME(6) not null,
        evidence_url varchar(500),
        reason TEXT,
        refund_type enum ('AUTO','CANCEL_GUEST','CANCEL_GUIDE','MANUAL') not null,
        status enum ('APPROVED','PENDING','REJECTED') not null,
        primary key (id),
        check (status IN ('PENDING','APPROVED','REJECTED') AND refund_type IN ('AUTO','MANUAL','CANCEL_GUEST','CANCEL_GUIDE'))
    ) engine=InnoDB
2026-04-22 17:40:06.740 DEBUG [] org.hibernate.SQL - 
    create table review (
        deleted bit not null,
        rating integer not null,
        created_at DATETIME(6) DEFAULT CURRENT_TIMESTAMP(6) not null,
        deleted_at datetime(6),
        guide_id bigint,
        id bigint not null auto_increment,
        match_request_id bigint not null,
        member_id bigint not null,
        updated_at DATETIME(6) DEFAULT CURRENT_TIMESTAMP(6) ON UPDATE CURRENT_TIMESTAMP(6) not null,
        content Text,
        primary key (id)
    ) engine=InnoDB
2026-04-22 17:40:06.752 DEBUG [] org.hibernate.SQL - 
    create table scrapbooks (
        created_at datetime(6) not null,
        guest_id bigint not null,
        id bigint not null auto_increment,
        match_request_id bigint not null,
        updated_at datetime(6) not null,
        title varchar(100) not null,
        tags varchar(200),
        main_image_url varchar(500),
        content TEXT not null,
        primary key (id)
    ) engine=InnoDB
2026-04-22 17:40:06.771 DEBUG [] org.hibernate.SQL - 
    create table tour_extension (
        extended_date date not null,
        extended_price integer,
        created_at DATETIME(6) not null,
        deadline_at DATETIME(6) not null,
        guest_id bigint not null,
        guide_approved_at DATETIME(6),
        id bigint not null auto_increment,
        match_request_id bigint not null,
        requested_at DATETIME(6) not null,
        updated_at DATETIME(6) not null,
        status enum ('AUTO_CANCELLED','GUIDE_APPROVED','PAID','REJECTED','REQUESTED') not null,
        primary key (id),
        check (status IN ('REQUESTED','GUIDE_APPROVED','PAID','REJECTED','AUTO_CANCELLED'))
    ) engine=InnoDB
2026-04-22 17:40:06.789 DEBUG [] org.hibernate.SQL - 
    alter table chat_rooms 
       add constraint UKtmf6ectlc88brf0myju8ry0yt unique (room_id)
2026-04-22 17:40:06.807 DEBUG [] org.hibernate.SQL - 
    alter table guide_profiles 
       add constraint UKkbxalarf03km5aurrcpmc99s unique (member_id)
2026-04-22 17:40:06.822 DEBUG [] org.hibernate.SQL - 
    alter table guide_schedules 
       add constraint uq_schedule_time unique (guide_id, available_date, start_time, end_time)
2026-04-22 17:40:06.836 DEBUG [] org.hibernate.SQL - 
    create index idx_match_guest 
       on match_request (guest_id)
2026-04-22 17:40:06.849 DEBUG [] org.hibernate.SQL - 
    create index idx_match_guide 
       on match_request (guide_id)
2026-04-22 17:40:06.862 DEBUG [] org.hibernate.SQL - 
    alter table member 
       add constraint UKeqr1gnwwfupeqo38ju3by7dbf unique (email, role)
2026-04-22 17:40:06.863 WARN  [] o.h.t.s.i.ExceptionHandlerLoggedImpl - GenerationTarget encountered exception accepting command : Error executing DDL "
    alter table member 
       add constraint UKeqr1gnwwfupeqo38ju3by7dbf unique (email, role)" via JDBC [Duplicate key name 'UKeqr1gnwwfupeqo38ju3by7dbf']
org.hibernate.tool.schema.spi.CommandAcceptanceException: Error executing DDL "
    alter table member 
       add constraint UKeqr1gnwwfupeqo38ju3by7dbf unique (email, role)" via JDBC [Duplicate key name 'UKeqr1gnwwfupeqo38ju3by7dbf']
	at org.hibernate.tool.schema.internal.exec.GenerationTargetToDatabase.accept(GenerationTargetToDatabase.java:94)
	at org.hibernate.tool.schema.internal.Helper.applySqlString(Helper.java:233)
	at org.hibernate.tool.schema.internal.Helper.applySqlStrings(Helper.java:217)
	at org.hibernate.tool.schema.internal.SchemaCreatorImpl.createTableConstraints(SchemaCreatorImpl.java:402)
	at org.hibernate.tool.schema.internal.SchemaCreatorImpl.createSequencesTablesConstraints(SchemaCreatorImpl.java:358)
	at org.hibernate.tool.schema.internal.SchemaCreatorImpl.createFromMetadata(SchemaCreatorImpl.java:241)
	at org.hibernate.tool.schema.internal.SchemaCreatorImpl.performCreation(SchemaCreatorImpl.java:174)
	at org.hibernate.tool.schema.internal.SchemaCreatorImpl.doCreation(SchemaCreatorImpl.java:144)
	at org.hibernate.tool.schema.internal.SchemaCreatorImpl.doCreation(SchemaCreatorImpl.java:120)
	at org.hibernate.tool.schema.spi.SchemaManagementToolCoordinator.performDatabaseAction(SchemaManagementToolCoordinator.java:250)
	at org.hibernate.tool.schema.spi.SchemaManagementToolCoordinator.lambda$process$5(SchemaManagementToolCoordinator.java:144)
	at java.base/java.util.HashMap.forEach(HashMap.java:1421)
	at org.hibernate.tool.schema.spi.SchemaManagementToolCoordinator.process(SchemaManagementToolCoordinator.java:141)
	at org.hibernate.boot.internal.SessionFactoryObserverForSchemaExport.sessionFactoryCreated(SessionFactoryObserverForSchemaExport.java:37)
	at org.hibernate.internal.SessionFactoryObserverChain.sessionFactoryCreated(SessionFactoryObserverChain.java:35)
	at org.hibernate.internal.SessionFactoryImpl.<init>(SessionFactoryImpl.java:324)
	at org.hibernate.boot.internal.SessionFactoryBuilderImpl.build(SessionFactoryBuilderImpl.java:463)
	at org.hibernate.jpa.boot.internal.EntityManagerFactoryBuilderImpl.build(EntityManagerFactoryBuilderImpl.java:1517)
	at org.springframework.orm.jpa.vendor.SpringHibernateJpaPersistenceProvider.createContainerEntityManagerFactory(SpringHibernateJpaPersistenceProvider.java:66)
	at org.springframework.orm.jpa.LocalContainerEntityManagerFactoryBean.createNativeEntityManagerFactory(LocalContainerEntityManagerFactoryBean.java:390)
	at org.springframework.orm.jpa.AbstractEntityManagerFactoryBean.buildNativeEntityManagerFactory(AbstractEntityManagerFactoryBean.java:419)
	at org.springframework.orm.jpa.AbstractEntityManagerFactoryBean.afterPropertiesSet(AbstractEntityManagerFactoryBean.java:400)
	at org.springframework.orm.jpa.LocalContainerEntityManagerFactoryBean.afterPropertiesSet(LocalContainerEntityManagerFactoryBean.java:366)
	at org.springframework.beans.factory.support.AbstractAutowireCapableBeanFactory.invokeInitMethods(AbstractAutowireCapableBeanFactory.java:1865)
	at org.springframework.beans.factory.support.AbstractAutowireCapableBeanFactory.initializeBean(AbstractAutowireCapableBeanFactory.java:1814)
	at org.springframework.beans.factory.support.AbstractAutowireCapableBeanFactory.doCreateBean(AbstractAutowireCapableBeanFactory.java:607)
	at org.springframework.beans.factory.support.AbstractAutowireCapableBeanFactory.createBean(AbstractAutowireCapableBeanFactory.java:529)
	at org.springframework.beans.factory.support.AbstractBeanFactory.lambda$doGetBean$0(AbstractBeanFactory.java:339)
	at org.springframework.beans.factory.support.DefaultSingletonBeanRegistry.getSingleton(DefaultSingletonBeanRegistry.java:371)
	at org.springframework.beans.factory.support.AbstractBeanFactory.doGetBean(AbstractBeanFactory.java:337)
	at org.springframework.beans.factory.support.AbstractBeanFactory.getBean(AbstractBeanFactory.java:207)
	at org.springframework.context.support.AbstractApplicationContext.finishBeanFactoryInitialization(AbstractApplicationContext.java:970)
	at org.springframework.context.support.AbstractApplicationContext.refresh(AbstractApplicationContext.java:627)
	at org.springframework.boot.web.servlet.context.ServletWebServerApplicationContext.refresh(ServletWebServerApplicationContext.java:146)
	at org.springframework.boot.SpringApplication.refresh(SpringApplication.java:753)
	at org.springframework.boot.SpringApplication.refreshContext(SpringApplication.java:439)
	at org.springframework.boot.SpringApplication.run(SpringApplication.java:318)
	at org.springframework.boot.SpringApplication.run(SpringApplication.java:1362)
	at org.springframework.boot.SpringApplication.run(SpringApplication.java:1351)
	at com.team6.apiserver.ApiServerApplication.main(ApiServerApplication.java:31)
Caused by: java.sql.SQLSyntaxErrorException: Duplicate key name 'UKeqr1gnwwfupeqo38ju3by7dbf'
	at com.mysql.cj.jdbc.exceptions.SQLError.createSQLException(SQLError.java:112)
	at com.mysql.cj.jdbc.exceptions.SQLExceptionsMapping.translateException(SQLExceptionsMapping.java:114)
	at com.mysql.cj.jdbc.StatementImpl.executeInternal(StatementImpl.java:837)
	at com.mysql.cj.jdbc.StatementImpl.execute(StatementImpl.java:685)
	at com.zaxxer.hikari.pool.ProxyStatement.execute(ProxyStatement.java:94)
	at com.zaxxer.hikari.pool.HikariProxyStatement.execute(HikariProxyStatement.java)
	at org.hibernate.tool.schema.internal.exec.GenerationTargetToDatabase.accept(GenerationTargetToDatabase.java:80)
	... 39 common frames omitted
2026-04-22 17:40:06.864 DEBUG [] org.hibernate.SQL - 
    alter table member 
       add constraint UKhh9kg6jti4n1eoiertn2k6qsc unique (nickname)
2026-04-22 17:40:06.866 WARN  [] o.h.t.s.i.ExceptionHandlerLoggedImpl - GenerationTarget encountered exception accepting command : Error executing DDL "
    alter table member 
       add constraint UKhh9kg6jti4n1eoiertn2k6qsc unique (nickname)" via JDBC [Duplicate key name 'UKhh9kg6jti4n1eoiertn2k6qsc']
org.hibernate.tool.schema.spi.CommandAcceptanceException: Error executing DDL "
    alter table member 
       add constraint UKhh9kg6jti4n1eoiertn2k6qsc unique (nickname)" via JDBC [Duplicate key name 'UKhh9kg6jti4n1eoiertn2k6qsc']
	at org.hibernate.tool.schema.internal.exec.GenerationTargetToDatabase.accept(GenerationTargetToDatabase.java:94)
	at org.hibernate.tool.schema.internal.Helper.applySqlString(Helper.java:233)
	at org.hibernate.tool.schema.internal.Helper.applySqlStrings(Helper.java:217)
	at org.hibernate.tool.schema.internal.SchemaCreatorImpl.createTableConstraints(SchemaCreatorImpl.java:402)
	at org.hibernate.tool.schema.internal.SchemaCreatorImpl.createSequencesTablesConstraints(SchemaCreatorImpl.java:358)
	at org.hibernate.tool.schema.internal.SchemaCreatorImpl.createFromMetadata(SchemaCreatorImpl.java:241)
	at org.hibernate.tool.schema.internal.SchemaCreatorImpl.performCreation(SchemaCreatorImpl.java:174)
	at org.hibernate.tool.schema.internal.SchemaCreatorImpl.doCreation(SchemaCreatorImpl.java:144)
	at org.hibernate.tool.schema.internal.SchemaCreatorImpl.doCreation(SchemaCreatorImpl.java:120)
	at org.hibernate.tool.schema.spi.SchemaManagementToolCoordinator.performDatabaseAction(SchemaManagementToolCoordinator.java:250)
	at org.hibernate.tool.schema.spi.SchemaManagementToolCoordinator.lambda$process$5(SchemaManagementToolCoordinator.java:144)
	at java.base/java.util.HashMap.forEach(HashMap.java:1421)
	at org.hibernate.tool.schema.spi.SchemaManagementToolCoordinator.process(SchemaManagementToolCoordinator.java:141)
	at org.hibernate.boot.internal.SessionFactoryObserverForSchemaExport.sessionFactoryCreated(SessionFactoryObserverForSchemaExport.java:37)
	at org.hibernate.internal.SessionFactoryObserverChain.sessionFactoryCreated(SessionFactoryObserverChain.java:35)
	at org.hibernate.internal.SessionFactoryImpl.<init>(SessionFactoryImpl.java:324)
	at org.hibernate.boot.internal.SessionFactoryBuilderImpl.build(SessionFactoryBuilderImpl.java:463)
	at org.hibernate.jpa.boot.internal.EntityManagerFactoryBuilderImpl.build(EntityManagerFactoryBuilderImpl.java:1517)
	at org.springframework.orm.jpa.vendor.SpringHibernateJpaPersistenceProvider.createContainerEntityManagerFactory(SpringHibernateJpaPersistenceProvider.java:66)
	at org.springframework.orm.jpa.LocalContainerEntityManagerFactoryBean.createNativeEntityManagerFactory(LocalContainerEntityManagerFactoryBean.java:390)
	at org.springframework.orm.jpa.AbstractEntityManagerFactoryBean.buildNativeEntityManagerFactory(AbstractEntityManagerFactoryBean.java:419)
	at org.springframework.orm.jpa.AbstractEntityManagerFactoryBean.afterPropertiesSet(AbstractEntityManagerFactoryBean.java:400)
	at org.springframework.orm.jpa.LocalContainerEntityManagerFactoryBean.afterPropertiesSet(LocalContainerEntityManagerFactoryBean.java:366)
	at org.springframework.beans.factory.support.AbstractAutowireCapableBeanFactory.invokeInitMethods(AbstractAutowireCapableBeanFactory.java:1865)
	at org.springframework.beans.factory.support.AbstractAutowireCapableBeanFactory.initializeBean(AbstractAutowireCapableBeanFactory.java:1814)
	at org.springframework.beans.factory.support.AbstractAutowireCapableBeanFactory.doCreateBean(AbstractAutowireCapableBeanFactory.java:607)
	at org.springframework.beans.factory.support.AbstractAutowireCapableBeanFactory.createBean(AbstractAutowireCapableBeanFactory.java:529)
	at org.springframework.beans.factory.support.AbstractBeanFactory.lambda$doGetBean$0(AbstractBeanFactory.java:339)
	at org.springframework.beans.factory.support.DefaultSingletonBeanRegistry.getSingleton(DefaultSingletonBeanRegistry.java:371)
	at org.springframework.beans.factory.support.AbstractBeanFactory.doGetBean(AbstractBeanFactory.java:337)
	at org.springframework.beans.factory.support.AbstractBeanFactory.getBean(AbstractBeanFactory.java:207)
	at org.springframework.context.support.AbstractApplicationContext.finishBeanFactoryInitialization(AbstractApplicationContext.java:970)
	at org.springframework.context.support.AbstractApplicationContext.refresh(AbstractApplicationContext.java:627)
	at org.springframework.boot.web.servlet.context.ServletWebServerApplicationContext.refresh(ServletWebServerApplicationContext.java:146)
	at org.springframework.boot.SpringApplication.refresh(SpringApplication.java:753)
	at org.springframework.boot.SpringApplication.refreshContext(SpringApplication.java:439)
	at org.springframework.boot.SpringApplication.run(SpringApplication.java:318)
	at org.springframework.boot.SpringApplication.run(SpringApplication.java:1362)
	at org.springframework.boot.SpringApplication.run(SpringApplication.java:1351)
	at com.team6.apiserver.ApiServerApplication.main(ApiServerApplication.java:31)
Caused by: java.sql.SQLSyntaxErrorException: Duplicate key name 'UKhh9kg6jti4n1eoiertn2k6qsc'
	at com.mysql.cj.jdbc.exceptions.SQLError.createSQLException(SQLError.java:112)
	at com.mysql.cj.jdbc.exceptions.SQLExceptionsMapping.translateException(SQLExceptionsMapping.java:114)
	at com.mysql.cj.jdbc.StatementImpl.executeInternal(StatementImpl.java:837)
	at com.mysql.cj.jdbc.StatementImpl.execute(StatementImpl.java:685)
	at com.zaxxer.hikari.pool.ProxyStatement.execute(ProxyStatement.java:94)
	at com.zaxxer.hikari.pool.HikariProxyStatement.execute(HikariProxyStatement.java)
	at org.hibernate.tool.schema.internal.exec.GenerationTargetToDatabase.accept(GenerationTargetToDatabase.java:80)
	... 39 common frames omitted
2026-04-22 17:40:06.867 DEBUG [] org.hibernate.SQL - 
    create index idx_payment_payer 
       on payment (payer_id)
2026-04-22 17:40:06.878 DEBUG [] org.hibernate.SQL - 
    alter table payment 
       add constraint uq_payment_unique unique (match_request_id, payment_type)
2026-04-22 17:40:06.892 DEBUG [] org.hibernate.SQL - 
    alter table payment 
       add constraint UKljlo9vyedeereqhpwyr9tknqc unique (pg_order_no)
2026-04-22 17:40:06.903 DEBUG [] org.hibernate.SQL - 
    alter table review 
       add constraint UKioc95svtshsmxvlxc8us5yelq unique (match_request_id)
2026-04-22 17:40:06.914 DEBUG [] org.hibernate.SQL - 
    alter table scrapbooks 
       add constraint uq_scrapbook_match unique (match_request_id)
2026-04-22 17:40:06.927 DEBUG [] org.hibernate.SQL - 
    alter table chat_participants 
       add constraint FKk0pkxdxk2whcy4j9lovmexvkq 
       foreign key (chat_room_id) 
       references chat_rooms (id)
2026-04-22 17:40:06.982 DEBUG [] org.hibernate.SQL - 
    alter table guide_careers 
       add constraint fk_guide_careers_guide 
       foreign key (guide_id) 
       references guide_profiles (id)
2026-04-22 17:40:07.042 DEBUG [] org.hibernate.SQL - 
    alter table guide_feeds 
       add constraint FKl5ncbecyap26kipe8hbrrv259 
       foreign key (guide_id) 
       references guide_profiles (id)
2026-04-22 17:40:07.080 DEBUG [] org.hibernate.SQL - 
    alter table guide_images 
       add constraint fk_guide_images_guide 
       foreign key (guide_id) 
       references guide_profiles (id)
2026-04-22 17:40:07.122 DEBUG [] org.hibernate.SQL - 
    alter table guide_schedules 
       add constraint FK9a3cimgvlpika296h0fkluqbl 
       foreign key (guide_id) 
       references guide_profiles (id)
2026-04-22 17:40:07.164 DEBUG [] org.hibernate.SQL - 
    alter table payment 
       add constraint fk_payment_match_req 
       foreign key (match_request_id) 
       references match_request (id)
2026-04-22 17:40:07.213 DEBUG [] org.hibernate.SQL - 
    alter table refund 
       add constraint fk_refund_payment 
       foreign key (payment_id) 
       references payment (id)
2026-04-22 17:40:07.257 DEBUG [] org.hibernate.SQL - 
    alter table review 
       add constraint FKk0ccx5i4ci2wd70vegug074w1 
       foreign key (member_id) 
       references member (id)
2026-04-22 17:40:07.326 DEBUG [] org.hibernate.SQL - 
    alter table tour_extension 
       add constraint fk_extension_match_req 
       foreign key (match_request_id) 
       references match_request (id)
2026-04-22 17:40:07.402 INFO  [] o.s.o.j.LocalContainerEntityManagerFactoryBean - Initialized JPA EntityManagerFactory for persistence unit 'default'
2026-04-22 17:40:09.009 INFO  [] o.s.d.j.r.query.QueryEnhancerFactory - Hibernate is in classpath; If applicable, HQL parser will be used.
2026-04-22 17:40:10.662 INFO  [] org.mongodb.driver.client - MongoClient with metadata {"driver": {"name": "mongo-java-driver|sync|spring-boot", "version": "5.2.1"}, "os": {"type": "Windows", "name": "Windows 11", "architecture": "amd64", "version": "10.0"}, "platform": "Java/Amazon.com Inc./17.0.18+9-LTS"} created with settings MongoClientSettings{readPreference=primary, writeConcern=WriteConcern{w=null, wTimeout=null ms, journal=null}, retryWrites=true, retryReads=true, readConcern=ReadConcern{level=null}, credential=null, transportSettings=null, commandListeners=[io.micrometer.core.instrument.binder.mongodb.MongoMetricsCommandListener@72c399fd], codecRegistry=ProvidersCodecRegistry{codecProviders=[ValueCodecProvider{}, BsonValueCodecProvider{}, DBRefCodecProvider{}, DBObjectCodecProvider{}, DocumentCodecProvider{}, CollectionCodecProvider{}, IterableCodecProvider{}, MapCodecProvider{}, GeoJsonCodecProvider{}, GridFSFileCodecProvider{}, Jsr310CodecProvider{}, JsonObjectCodecProvider{}, BsonCodecProvider{}, EnumCodecProvider{}, com.mongodb.client.model.mql.ExpressionCodecProvider@38ff82ff, com.mongodb.Jep395RecordCodecProvider@6f1c19d, com.mongodb.KotlinCodecProvider@5f69bf81]}, loggerSettings=LoggerSettings{maxDocumentLength=1000}, clusterSettings={hosts=[localhost:27017], srvServiceName=mongodb, mode=SINGLE, requiredClusterType=UNKNOWN, requiredReplicaSetName='null', serverSelector='null', clusterListeners='[]', serverSelectionTimeout='30000 ms', localThreshold='15 ms'}, socketSettings=SocketSettings{connectTimeoutMS=10000, readTimeoutMS=0, receiveBufferSize=0, proxySettings=ProxySettings{host=null, port=null, username=null, password=null}}, heartbeatSocketSettings=SocketSettings{connectTimeoutMS=10000, readTimeoutMS=10000, receiveBufferSize=0, proxySettings=ProxySettings{host=null, port=null, username=null, password=null}}, connectionPoolSettings=ConnectionPoolSettings{maxSize=100, minSize=0, maxWaitTimeMS=120000, maxConnectionLifeTimeMS=0, maxConnectionIdleTimeMS=0, maintenanceInitialDelayMS=0, maintenanceFrequencyMS=60000, connectionPoolListeners=[io.micrometer.core.instrument.binder.mongodb.MongoMetricsConnectionPoolListener@6903fcd3], maxConnecting=2}, serverSettings=ServerSettings{heartbeatFrequencyMS=10000, minHeartbeatFrequencyMS=500, serverMonitoringMode=AUTO, serverListeners='[]', serverMonitorListeners='[]'}, sslSettings=SslSettings{enabled=false, invalidHostNameAllowed=false, context=null}, applicationName='null', compressorList=[], uuidRepresentation=JAVA_LEGACY, serverApi=null, autoEncryptionSettings=null, dnsClient=null, inetAddressResolver=null, contextProvider=null, timeoutMS=null}
2026-04-22 17:40:10.672 INFO  [] org.mongodb.driver.cluster - Monitor thread successfully connected to server with description ServerDescription{address=localhost:27017, type=STANDALONE, cryptd=false, state=CONNECTED, ok=true, minWireVersion=0, maxWireVersion=27, maxDocumentSize=16777216, logicalSessionTimeoutMinutes=30, roundTripTimeNanos=32149300, minRoundTripTimeNanos=0}
2026-04-22 17:40:11.366 WARN  [] o.s.b.a.o.j.JpaBaseConfiguration$JpaWebConfiguration - spring.jpa.open-in-view is enabled by default. Therefore, database queries may be performed during view rendering. Explicitly configure spring.jpa.open-in-view to disable this warning
2026-04-22 17:40:11.935 INFO  [] o.s.b.a.e.web.EndpointLinksResolver - Exposing 1 endpoint beneath base path '/actuator'
2026-04-22 17:40:12.100 WARN  [] o.s.s.c.a.web.builders.WebSecurity - You are asking Spring Security to ignore Deferred [Mvc [pattern='/actuator/**'], Ant [pattern='/actuator/**']]. This is not recommended -- please use permitAll via HttpSecurity#authorizeHttpRequests instead.
2026-04-22 17:40:12.101 WARN  [] o.s.s.c.a.web.builders.WebSecurity - You are asking Spring Security to ignore Deferred [Mvc [pattern='/api/actuator/**'], Ant [pattern='/api/actuator/**']]. This is not recommended -- please use permitAll via HttpSecurity#authorizeHttpRequests instead.
2026-04-22 17:40:12.101 WARN  [] o.s.s.c.a.web.builders.WebSecurity - You are asking Spring Security to ignore Deferred [Mvc [pattern='/v3/api-docs/**'], Ant [pattern='/v3/api-docs/**']]. This is not recommended -- please use permitAll via HttpSecurity#authorizeHttpRequests instead.
2026-04-22 17:40:12.101 WARN  [] o.s.s.c.a.web.builders.WebSecurity - You are asking Spring Security to ignore Deferred [Mvc [pattern='/swagger-ui/**'], Ant [pattern='/swagger-ui/**']]. This is not recommended -- please use permitAll via HttpSecurity#authorizeHttpRequests instead.
2026-04-22 17:40:12.101 WARN  [] o.s.s.c.a.web.builders.WebSecurity - You are asking Spring Security to ignore Deferred [Mvc [pattern='/api/v3/api-docs/**'], Ant [pattern='/api/v3/api-docs/**']]. This is not recommended -- please use permitAll via HttpSecurity#authorizeHttpRequests instead.
2026-04-22 17:40:12.101 WARN  [] o.s.s.c.a.web.builders.WebSecurity - You are asking Spring Security to ignore Deferred [Mvc [pattern='/api/swagger-ui/**'], Ant [pattern='/api/swagger-ui/**']]. This is not recommended -- please use permitAll via HttpSecurity#authorizeHttpRequests instead.
2026-04-22 17:40:12.931 INFO  [] o.s.m.s.b.SimpleBrokerMessageHandler - Starting...
2026-04-22 17:40:12.932 INFO  [] o.s.m.s.b.SimpleBrokerMessageHandler - BrokerAvailabilityEvent[available=true, SimpleBrokerMessageHandler [org.springframework.messaging.simp.broker.DefaultSubscriptionRegistry@225be644]]
2026-04-22 17:40:12.932 INFO  [] o.s.m.s.b.SimpleBrokerMessageHandler - Started.
2026-04-22 17:40:12.932 INFO  [] o.a.coyote.http11.Http11NioProtocol - Starting ProtocolHandler ["http-nio-8080"]
2026-04-22 17:40:12.953 INFO  [] o.s.b.w.e.tomcat.TomcatWebServer - Tomcat started on port 8080 (http) with context path '/api'
2026-04-22 17:40:13.437 INFO  [] c.t.apiserver.ApiServerApplication - Started ApiServerApplication in 13.28 seconds (process running for 13.904)
2026-04-22 17:40:13.894 INFO  [] o.a.c.c.C.[.[localhost].[/api] - Initializing Spring DispatcherServlet 'dispatcherServlet'
2026-04-22 17:40:13.894 INFO  [] o.s.web.servlet.DispatcherServlet - Initializing Servlet 'dispatcherServlet'
2026-04-22 17:40:13.896 INFO  [] o.s.web.servlet.DispatcherServlet - Completed initialization in 2 ms
2026-04-22 17:40:21.280 INFO  [ac108ae5] c.t.a.logging.MdcLoggingFilter - [HTTP] 요청 완료 - statusCode: 401, latencyMs: 224, requestUri: /api/members/me/profile, method: GET
2026-04-22 17:40:21.280 INFO  [4f95d92a] c.t.a.logging.MdcLoggingFilter - [HTTP] 요청 완료 - statusCode: 401, latencyMs: 224, requestUri: /api/matching/requests/guest/list, method: GET
2026-04-22 17:40:21.292 INFO  [c0098e3d] c.t.a.logging.MdcLoggingFilter - [HTTP] 요청 완료 - statusCode: 401, latencyMs: 3, requestUri: /api/members/me/profile, method: GET
2026-04-22 17:40:21.292 INFO  [a82f268c] c.t.a.logging.MdcLoggingFilter - [HTTP] 요청 완료 - statusCode: 401, latencyMs: 4, requestUri: /api/matching/requests/guest/list, method: GET
2026-04-22 17:40:28.519 DEBUG [748d8c7c] org.hibernate.SQL - 
    /* <criteria> */ select
        m1_0.id,
        m1_0.created_at,
        m1_0.email,
        m1_0.name,
        m1_0.nickname,
        m1_0.password,
        m1_0.profile_image_url,
        m1_0.role,
        m1_0.social_type,
        m1_0.status,
        m1_0.updated_at 
    from
        member m1_0 
    where
        m1_0.email=? 
        and m1_0.role=?
2026-04-22 17:40:28.533 TRACE [748d8c7c] org.hibernate.orm.jdbc.bind - binding parameter (1:VARCHAR) <- [guest1@naver.com]
2026-04-22 17:40:28.533 TRACE [748d8c7c] org.hibernate.orm.jdbc.bind - binding parameter (2:ENUM) <- [GUEST]
2026-04-22 17:40:28.741 INFO  [748d8c7c] c.t.a.logging.MdcLoggingFilter - [HTTP] 요청 완료 - statusCode: 200, latencyMs: 434, requestUri: /api/auth/login, method: POST
2026-04-22 17:40:28.777 DEBUG [1b7c4740] org.hibernate.SQL - 
    /* <criteria> */ select
        m1_0.id,
        m1_0.created_at,
        m1_0.email,
        m1_0.name,
        m1_0.nickname,
        m1_0.password,
        m1_0.profile_image_url,
        m1_0.role,
        m1_0.social_type,
        m1_0.status,
        m1_0.updated_at 
    from
        member m1_0 
    where
        m1_0.email=? 
        and m1_0.role=?
2026-04-22 17:40:28.777 DEBUG [79c90ee6] org.hibernate.SQL - 
    /* <criteria> */ select
        m1_0.id,
        m1_0.created_at,
        m1_0.email,
        m1_0.name,
        m1_0.nickname,
        m1_0.password,
        m1_0.profile_image_url,
        m1_0.role,
        m1_0.social_type,
        m1_0.status,
        m1_0.updated_at 
    from
        member m1_0 
    where
        m1_0.email=? 
        and m1_0.role=?
2026-04-22 17:40:28.777 TRACE [79c90ee6] org.hibernate.orm.jdbc.bind - binding parameter (1:VARCHAR) <- [guest1@naver.com]
2026-04-22 17:40:28.777 TRACE [79c90ee6] org.hibernate.orm.jdbc.bind - binding parameter (2:ENUM) <- [GUEST]
2026-04-22 17:40:28.778 TRACE [1b7c4740] org.hibernate.orm.jdbc.bind - binding parameter (1:VARCHAR) <- [guest1@naver.com]
2026-04-22 17:40:28.778 TRACE [1b7c4740] org.hibernate.orm.jdbc.bind - binding parameter (2:ENUM) <- [GUEST]
2026-04-22 17:40:28.781 DEBUG [1b7c4740] org.hibernate.SQL - 
    /* <criteria> */ select
        mr1_0.id,
        mr1_0.budget_max_won,
        mr1_0.budget_min_won,
        mr1_0.cancel_reason,
        mr1_0.cancelled_by,
        mr1_0.concept,
        mr1_0.concept_summary,
        mr1_0.created_at,
        mr1_0.desired_budget,
        mr1_0.desired_date,
        mr1_0.destination,
        mr1_0.guest_id,
        mr1_0.guide_id,
        mr1_0.guide_schedule_id,
        mr1_0.propose_message,
        mr1_0.proposed_schedule,
        mr1_0.status,
        mr1_0.updated_at 
    from
        match_request mr1_0 
    where
        mr1_0.guest_id=?
2026-04-22 17:40:28.782 TRACE [1b7c4740] org.hibernate.orm.jdbc.bind - binding parameter (1:BIGINT) <- [6]
2026-04-22 17:40:28.784 INFO  [79c90ee6] c.t.a.logging.MdcLoggingFilter - [HTTP] 요청 완료 - statusCode: 200, latencyMs: 23, requestUri: /api/members/me/profile, method: GET
2026-04-22 17:40:28.792 INFO  [1b7c4740] c.t.a.logging.MdcLoggingFilter - [HTTP] 요청 완료 - statusCode: 200, latencyMs: 29, requestUri: /api/matching/requests/guest/list, method: GET
2026-04-22 17:40:28.796 DEBUG [1e24514c] org.hibernate.SQL - 
    /* <criteria> */ select
        m1_0.id,
        m1_0.created_at,
        m1_0.email,
        m1_0.name,
        m1_0.nickname,
        m1_0.password,
        m1_0.profile_image_url,
        m1_0.role,
        m1_0.social_type,
        m1_0.status,
        m1_0.updated_at 
    from
        member m1_0 
    where
        m1_0.email=? 
        and m1_0.role=?
2026-04-22 17:40:28.796 TRACE [1e24514c] org.hibernate.orm.jdbc.bind - binding parameter (1:VARCHAR) <- [guest1@naver.com]
2026-04-22 17:40:28.796 TRACE [1e24514c] org.hibernate.orm.jdbc.bind - binding parameter (2:ENUM) <- [GUEST]
2026-04-22 17:40:28.800 INFO  [1e24514c] c.t.a.logging.MdcLoggingFilter - [HTTP] 요청 완료 - statusCode: 200, latencyMs: 11, requestUri: /api/members/me/profile, method: GET
2026-04-22 17:40:28.800 DEBUG [3ce2a1fb] org.hibernate.SQL - 
    /* <criteria> */ select
        m1_0.id,
        m1_0.created_at,
        m1_0.email,
        m1_0.name,
        m1_0.nickname,
        m1_0.password,
        m1_0.profile_image_url,
        m1_0.role,
        m1_0.social_type,
        m1_0.status,
        m1_0.updated_at 
    from
        member m1_0 
    where
        m1_0.email=? 
        and m1_0.role=?
2026-04-22 17:40:28.801 TRACE [3ce2a1fb] org.hibernate.orm.jdbc.bind - binding parameter (1:VARCHAR) <- [guest1@naver.com]
2026-04-22 17:40:28.801 TRACE [3ce2a1fb] org.hibernate.orm.jdbc.bind - binding parameter (2:ENUM) <- [GUEST]
2026-04-22 17:40:28.804 DEBUG [3ce2a1fb] org.hibernate.SQL - 
    /* <criteria> */ select
        mr1_0.id,
        mr1_0.budget_max_won,
        mr1_0.budget_min_won,
        mr1_0.cancel_reason,
        mr1_0.cancelled_by,
        mr1_0.concept,
        mr1_0.concept_summary,
        mr1_0.created_at,
        mr1_0.desired_budget,
        mr1_0.desired_date,
        mr1_0.destination,
        mr1_0.guest_id,
        mr1_0.guide_id,
        mr1_0.guide_schedule_id,
        mr1_0.propose_message,
        mr1_0.proposed_schedule,
        mr1_0.status,
        mr1_0.updated_at 
    from
        match_request mr1_0 
    where
        mr1_0.guest_id=?
2026-04-22 17:40:28.804 TRACE [3ce2a1fb] org.hibernate.orm.jdbc.bind - binding parameter (1:BIGINT) <- [6]
2026-04-22 17:40:28.807 INFO  [3ce2a1fb] c.t.a.logging.MdcLoggingFilter - [HTTP] 요청 완료 - statusCode: 200, latencyMs: 10, requestUri: /api/matching/requests/guest/list, method: GET
2026-04-22 17:40:30.397 DEBUG [582d1bbc] org.hibernate.SQL - 
    /* <criteria> */ select
        m1_0.id,
        m1_0.created_at,
        m1_0.email,
        m1_0.name,
        m1_0.nickname,
        m1_0.password,
        m1_0.profile_image_url,
        m1_0.role,
        m1_0.social_type,
        m1_0.status,
        m1_0.updated_at 
    from
        member m1_0 
    where
        m1_0.email=? 
        and m1_0.role=?
2026-04-22 17:40:30.397 DEBUG [6bf6d903] org.hibernate.SQL - 
    /* <criteria> */ select
        m1_0.id,
        m1_0.created_at,
        m1_0.email,
        m1_0.name,
        m1_0.nickname,
        m1_0.password,
        m1_0.profile_image_url,
        m1_0.role,
        m1_0.social_type,
        m1_0.status,
        m1_0.updated_at 
    from
        member m1_0 
    where
        m1_0.email=? 
        and m1_0.role=?
2026-04-22 17:40:30.397 TRACE [582d1bbc] org.hibernate.orm.jdbc.bind - binding parameter (1:VARCHAR) <- [guest1@naver.com]
2026-04-22 17:40:30.397 TRACE [6bf6d903] org.hibernate.orm.jdbc.bind - binding parameter (1:VARCHAR) <- [guest1@naver.com]
2026-04-22 17:40:30.398 TRACE [6bf6d903] org.hibernate.orm.jdbc.bind - binding parameter (2:ENUM) <- [GUEST]
2026-04-22 17:40:30.398 TRACE [582d1bbc] org.hibernate.orm.jdbc.bind - binding parameter (2:ENUM) <- [GUEST]
2026-04-22 17:40:30.401 DEBUG [582d1bbc] org.hibernate.SQL - 
    /* <criteria> */ select
        p1_0.id,
        p1_0.amount,
        p1_0.created_at,
        p1_0.match_request_id,
        p1_0.paid_at,
        p1_0.payer_id,
        p1_0.payment_type,
        p1_0.pg_order_no,
        p1_0.pg_transaction_id,
        p1_0.refund_deadline,
        p1_0.status,
        p1_0.updated_at 
    from
        payment p1_0 
    where
        p1_0.payer_id=?
2026-04-22 17:40:30.401 DEBUG [6bf6d903] org.hibernate.SQL - 
    /* <criteria> */ select
        mr1_0.id,
        mr1_0.budget_max_won,
        mr1_0.budget_min_won,
        mr1_0.cancel_reason,
        mr1_0.cancelled_by,
        mr1_0.concept,
        mr1_0.concept_summary,
        mr1_0.created_at,
        mr1_0.desired_budget,
        mr1_0.desired_date,
        mr1_0.destination,
        mr1_0.guest_id,
        mr1_0.guide_id,
        mr1_0.guide_schedule_id,
        mr1_0.propose_message,
        mr1_0.proposed_schedule,
        mr1_0.status,
        mr1_0.updated_at 
    from
        match_request mr1_0 
    where
        mr1_0.guest_id=?
2026-04-22 17:40:30.402 TRACE [6bf6d903] org.hibernate.orm.jdbc.bind - binding parameter (1:BIGINT) <- [6]
2026-04-22 17:40:30.402 TRACE [582d1bbc] org.hibernate.orm.jdbc.bind - binding parameter (1:BIGINT) <- [6]
2026-04-22 17:40:30.404 INFO  [6bf6d903] c.t.a.logging.MdcLoggingFilter - [HTTP] 요청 완료 - statusCode: 200, latencyMs: 12, requestUri: /api/matching/requests/guest/list, method: GET
2026-04-22 17:40:30.410 INFO  [582d1bbc] c.t.a.logging.MdcLoggingFilter - [HTTP] 요청 완료 - statusCode: 200, latencyMs: 17, requestUri: /api/matching/payments/guest/list, method: GET
2026-04-22 17:40:30.412 DEBUG [8101f720] org.hibernate.SQL - 
    /* <criteria> */ select
        m1_0.id,
        m1_0.created_at,
        m1_0.email,
        m1_0.name,
        m1_0.nickname,
        m1_0.password,
        m1_0.profile_image_url,
        m1_0.role,
        m1_0.social_type,
        m1_0.status,
        m1_0.updated_at 
    from
        member m1_0 
    where
        m1_0.email=? 
        and m1_0.role=?
2026-04-22 17:40:30.412 TRACE [8101f720] org.hibernate.orm.jdbc.bind - binding parameter (1:VARCHAR) <- [guest1@naver.com]
2026-04-22 17:40:30.412 TRACE [8101f720] org.hibernate.orm.jdbc.bind - binding parameter (2:ENUM) <- [GUEST]
2026-04-22 17:40:30.415 DEBUG [8101f720] org.hibernate.SQL - 
    /* <criteria> */ select
        mr1_0.id,
        mr1_0.budget_max_won,
        mr1_0.budget_min_won,
        mr1_0.cancel_reason,
        mr1_0.cancelled_by,
        mr1_0.concept,
        mr1_0.concept_summary,
        mr1_0.created_at,
        mr1_0.desired_budget,
        mr1_0.desired_date,
        mr1_0.destination,
        mr1_0.guest_id,
        mr1_0.guide_id,
        mr1_0.guide_schedule_id,
        mr1_0.propose_message,
        mr1_0.proposed_schedule,
        mr1_0.status,
        mr1_0.updated_at 
    from
        match_request mr1_0 
    where
        mr1_0.guest_id=?
2026-04-22 17:40:30.416 TRACE [8101f720] org.hibernate.orm.jdbc.bind - binding parameter (1:BIGINT) <- [6]
2026-04-22 17:40:30.418 DEBUG [d855fe9b] org.hibernate.SQL - 
    /* <criteria> */ select
        m1_0.id,
        m1_0.created_at,
        m1_0.email,
        m1_0.name,
        m1_0.nickname,
        m1_0.password,
        m1_0.profile_image_url,
        m1_0.role,
        m1_0.social_type,
        m1_0.status,
        m1_0.updated_at 
    from
        member m1_0 
    where
        m1_0.email=? 
        and m1_0.role=?
2026-04-22 17:40:30.418 TRACE [d855fe9b] org.hibernate.orm.jdbc.bind - binding parameter (1:VARCHAR) <- [guest1@naver.com]
2026-04-22 17:40:30.419 TRACE [d855fe9b] org.hibernate.orm.jdbc.bind - binding parameter (2:ENUM) <- [GUEST]
2026-04-22 17:40:30.419 INFO  [8101f720] c.t.a.logging.MdcLoggingFilter - [HTTP] 요청 완료 - statusCode: 200, latencyMs: 11, requestUri: /api/matching/requests/guest/list, method: GET
2026-04-22 17:40:30.422 DEBUG [d855fe9b] org.hibernate.SQL - 
    /* <criteria> */ select
        p1_0.id,
        p1_0.amount,
        p1_0.created_at,
        p1_0.match_request_id,
        p1_0.paid_at,
        p1_0.payer_id,
        p1_0.payment_type,
        p1_0.pg_order_no,
        p1_0.pg_transaction_id,
        p1_0.refund_deadline,
        p1_0.status,
        p1_0.updated_at 
    from
        payment p1_0 
    where
        p1_0.payer_id=?
2026-04-22 17:40:30.422 TRACE [d855fe9b] org.hibernate.orm.jdbc.bind - binding parameter (1:BIGINT) <- [6]
2026-04-22 17:40:30.427 INFO  [d855fe9b] c.t.a.logging.MdcLoggingFilter - [HTTP] 요청 완료 - statusCode: 200, latencyMs: 12, requestUri: /api/matching/payments/guest/list, method: GET
2026-04-22 17:40:31.623 DEBUG [e506fea9] org.hibernate.SQL - 
    /* <criteria> */ select
        m1_0.id,
        m1_0.created_at,
        m1_0.email,
        m1_0.name,
        m1_0.nickname,
        m1_0.password,
        m1_0.profile_image_url,
        m1_0.role,
        m1_0.social_type,
        m1_0.status,
        m1_0.updated_at 
    from
        member m1_0 
    where
        m1_0.email=? 
        and m1_0.role=?
2026-04-22 17:40:31.624 DEBUG [0575d389] org.hibernate.SQL - 
    /* <criteria> */ select
        m1_0.id,
        m1_0.created_at,
        m1_0.email,
        m1_0.name,
        m1_0.nickname,
        m1_0.password,
        m1_0.profile_image_url,
        m1_0.role,
        m1_0.social_type,
        m1_0.status,
        m1_0.updated_at 
    from
        member m1_0 
    where
        m1_0.email=? 
        and m1_0.role=?
2026-04-22 17:40:31.624 TRACE [e506fea9] org.hibernate.orm.jdbc.bind - binding parameter (1:VARCHAR) <- [guest1@naver.com]
2026-04-22 17:40:31.624 TRACE [0575d389] org.hibernate.orm.jdbc.bind - binding parameter (1:VARCHAR) <- [guest1@naver.com]
2026-04-22 17:40:31.624 TRACE [e506fea9] org.hibernate.orm.jdbc.bind - binding parameter (2:ENUM) <- [GUEST]
2026-04-22 17:40:31.624 TRACE [0575d389] org.hibernate.orm.jdbc.bind - binding parameter (2:ENUM) <- [GUEST]
2026-04-22 17:40:31.627 DEBUG [e506fea9] org.hibernate.SQL - 
    /* <criteria> */ select
        mr1_0.id,
        mr1_0.budget_max_won,
        mr1_0.budget_min_won,
        mr1_0.cancel_reason,
        mr1_0.cancelled_by,
        mr1_0.concept,
        mr1_0.concept_summary,
        mr1_0.created_at,
        mr1_0.desired_budget,
        mr1_0.desired_date,
        mr1_0.destination,
        mr1_0.guest_id,
        mr1_0.guide_id,
        mr1_0.guide_schedule_id,
        mr1_0.propose_message,
        mr1_0.proposed_schedule,
        mr1_0.status,
        mr1_0.updated_at 
    from
        match_request mr1_0 
    where
        mr1_0.guest_id=?
2026-04-22 17:40:31.627 TRACE [e506fea9] org.hibernate.orm.jdbc.bind - binding parameter (1:BIGINT) <- [6]
2026-04-22 17:40:31.628 INFO  [0575d389] c.t.a.logging.MdcLoggingFilter - [HTTP] 요청 완료 - statusCode: 200, latencyMs: 9, requestUri: /api/members/me/profile, method: GET
2026-04-22 17:40:31.629 INFO  [e506fea9] c.t.a.logging.MdcLoggingFilter - [HTTP] 요청 완료 - statusCode: 200, latencyMs: 11, requestUri: /api/matching/requests/guest/list, method: GET
2026-04-22 17:40:31.636 DEBUG [130f4c45] org.hibernate.SQL - 
    /* <criteria> */ select
        m1_0.id,
        m1_0.created_at,
        m1_0.email,
        m1_0.name,
        m1_0.nickname,
        m1_0.password,
        m1_0.profile_image_url,
        m1_0.role,
        m1_0.social_type,
        m1_0.status,
        m1_0.updated_at 
    from
        member m1_0 
    where
        m1_0.email=? 
        and m1_0.role=?
2026-04-22 17:40:31.636 DEBUG [fb8f3487] org.hibernate.SQL - 
    /* <criteria> */ select
        m1_0.id,
        m1_0.created_at,
        m1_0.email,
        m1_0.name,
        m1_0.nickname,
        m1_0.password,
        m1_0.profile_image_url,
        m1_0.role,
        m1_0.social_type,
        m1_0.status,
        m1_0.updated_at 
    from
        member m1_0 
    where
        m1_0.email=? 
        and m1_0.role=?
2026-04-22 17:40:31.636 TRACE [130f4c45] org.hibernate.orm.jdbc.bind - binding parameter (1:VARCHAR) <- [guest1@naver.com]
2026-04-22 17:40:31.636 TRACE [130f4c45] org.hibernate.orm.jdbc.bind - binding parameter (2:ENUM) <- [GUEST]
2026-04-22 17:40:31.636 TRACE [fb8f3487] org.hibernate.orm.jdbc.bind - binding parameter (1:VARCHAR) <- [guest1@naver.com]
2026-04-22 17:40:31.636 TRACE [fb8f3487] org.hibernate.orm.jdbc.bind - binding parameter (2:ENUM) <- [GUEST]
2026-04-22 17:40:31.639 DEBUG [fb8f3487] org.hibernate.SQL - 
    /* <criteria> */ select
        mr1_0.id,
        mr1_0.budget_max_won,
        mr1_0.budget_min_won,
        mr1_0.cancel_reason,
        mr1_0.cancelled_by,
        mr1_0.concept,
        mr1_0.concept_summary,
        mr1_0.created_at,
        mr1_0.desired_budget,
        mr1_0.desired_date,
        mr1_0.destination,
        mr1_0.guest_id,
        mr1_0.guide_id,
        mr1_0.guide_schedule_id,
        mr1_0.propose_message,
        mr1_0.proposed_schedule,
        mr1_0.status,
        mr1_0.updated_at 
    from
        match_request mr1_0 
    where
        mr1_0.guest_id=?
2026-04-22 17:40:31.640 TRACE [fb8f3487] org.hibernate.orm.jdbc.bind - binding parameter (1:BIGINT) <- [6]
2026-04-22 17:40:31.640 INFO  [130f4c45] c.t.a.logging.MdcLoggingFilter - [HTTP] 요청 완료 - statusCode: 200, latencyMs: 9, requestUri: /api/members/me/profile, method: GET
2026-04-22 17:40:31.643 INFO  [fb8f3487] c.t.a.logging.MdcLoggingFilter - [HTTP] 요청 완료 - statusCode: 200, latencyMs: 9, requestUri: /api/matching/requests/guest/list, method: GET
2026-04-22 17:40:32.929 DEBUG [487884ed] org.hibernate.SQL - 
    /* <criteria> */ select
        m1_0.id,
        m1_0.created_at,
        m1_0.email,
        m1_0.name,
        m1_0.nickname,
        m1_0.password,
        m1_0.profile_image_url,
        m1_0.role,
        m1_0.social_type,
        m1_0.status,
        m1_0.updated_at 
    from
        member m1_0 
    where
        m1_0.email=? 
        and m1_0.role=?
2026-04-22 17:40:32.930 TRACE [487884ed] org.hibernate.orm.jdbc.bind - binding parameter (1:VARCHAR) <- [guest1@naver.com]
2026-04-22 17:40:32.930 TRACE [487884ed] org.hibernate.orm.jdbc.bind - binding parameter (2:ENUM) <- [GUEST]
2026-04-22 17:40:32.933 INFO  [487884ed] c.t.a.logging.MdcLoggingFilter - [HTTP] 요청 완료 - statusCode: 200, latencyMs: 12, requestUri: /api/members/me/profile, method: GET
2026-04-22 17:40:32.942 DEBUG [faba68e0] org.hibernate.SQL - 
    /* <criteria> */ select
        m1_0.id,
        m1_0.created_at,
        m1_0.email,
        m1_0.name,
        m1_0.nickname,
        m1_0.password,
        m1_0.profile_image_url,
        m1_0.role,
        m1_0.social_type,
        m1_0.status,
        m1_0.updated_at 
    from
        member m1_0 
    where
        m1_0.email=? 
        and m1_0.role=?
2026-04-22 17:40:32.943 TRACE [faba68e0] org.hibernate.orm.jdbc.bind - binding parameter (1:VARCHAR) <- [guest1@naver.com]
2026-04-22 17:40:32.943 TRACE [faba68e0] org.hibernate.orm.jdbc.bind - binding parameter (2:ENUM) <- [GUEST]
2026-04-22 17:40:32.947 INFO  [faba68e0] c.t.a.logging.MdcLoggingFilter - [HTTP] 요청 완료 - statusCode: 200, latencyMs: 10, requestUri: /api/members/me/profile, method: GET
2026-04-22 17:40:32.956 DEBUG [b67aa0c9] org.hibernate.SQL - 
    /* <criteria> */ select
        m1_0.id,
        m1_0.created_at,
        m1_0.email,
        m1_0.name,
        m1_0.nickname,
        m1_0.password,
        m1_0.profile_image_url,
        m1_0.role,
        m1_0.social_type,
        m1_0.status,
        m1_0.updated_at 
    from
        member m1_0 
    where
        m1_0.email=? 
        and m1_0.role=?
2026-04-22 17:40:32.957 TRACE [b67aa0c9] org.hibernate.orm.jdbc.bind - binding parameter (1:VARCHAR) <- [guest1@naver.com]
2026-04-22 17:40:32.958 TRACE [b67aa0c9] org.hibernate.orm.jdbc.bind - binding parameter (2:ENUM) <- [GUEST]
2026-04-22 17:40:32.960 INFO  [b67aa0c9] c.t.a.logging.MdcLoggingFilter - [HTTP] 요청 완료 - statusCode: 200, latencyMs: 9, requestUri: /api/members/me/profile, method: GET
2026-04-22 17:40:32.969 DEBUG [4c349264] org.hibernate.SQL - 
    /* <criteria> */ select
        m1_0.id,
        m1_0.created_at,
        m1_0.email,
        m1_0.name,
        m1_0.nickname,
        m1_0.password,
        m1_0.profile_image_url,
        m1_0.role,
        m1_0.social_type,
        m1_0.status,
        m1_0.updated_at 
    from
        member m1_0 
    where
        m1_0.email=? 
        and m1_0.role=?
2026-04-22 17:40:32.969 TRACE [4c349264] org.hibernate.orm.jdbc.bind - binding parameter (1:VARCHAR) <- [guest1@naver.com]
2026-04-22 17:40:32.969 TRACE [4c349264] org.hibernate.orm.jdbc.bind - binding parameter (2:ENUM) <- [GUEST]
2026-04-22 17:40:32.972 INFO  [4c349264] c.t.a.logging.MdcLoggingFilter - [HTTP] 요청 완료 - statusCode: 200, latencyMs: 8, requestUri: /api/members/me/profile, method: GET
2026-04-22 17:40:35.980 INFO  [e543932f] c.t.a.logging.MdcLoggingFilter - [HTTP] 요청 완료 - statusCode: 200, latencyMs: 522, requestUri: /api/files/upload, method: POST
2026-04-22 17:40:35.993 DEBUG [6b8b194c] org.hibernate.SQL - 
    /* <criteria> */ select
        m1_0.id,
        m1_0.created_at,
        m1_0.email,
        m1_0.name,
        m1_0.nickname,
        m1_0.password,
        m1_0.profile_image_url,
        m1_0.role,
        m1_0.social_type,
        m1_0.status,
        m1_0.updated_at 
    from
        member m1_0 
    where
        m1_0.email=? 
        and m1_0.role=?
2026-04-22 17:40:35.994 TRACE [6b8b194c] org.hibernate.orm.jdbc.bind - binding parameter (1:VARCHAR) <- [guest1@naver.com]
2026-04-22 17:40:35.994 TRACE [6b8b194c] org.hibernate.orm.jdbc.bind - binding parameter (2:ENUM) <- [GUEST]
2026-04-22 17:40:36.017 DEBUG [6b8b194c] org.hibernate.SQL - 
    /* update
        for com.team6.domain.member.entity.Member */update member 
    set
        email=?,
        name=?,
        nickname=?,
        password=?,
        profile_image_url=?,
        role=?,
        social_type=?,
        status=?,
        updated_at=? 
    where
        id=?
2026-04-22 17:40:36.019 TRACE [6b8b194c] org.hibernate.orm.jdbc.bind - binding parameter (1:VARCHAR) <- [guest1@naver.com]
2026-04-22 17:40:36.019 TRACE [6b8b194c] org.hibernate.orm.jdbc.bind - binding parameter (2:VARCHAR) <- [guest1]
2026-04-22 17:40:36.019 TRACE [6b8b194c] org.hibernate.orm.jdbc.bind - binding parameter (3:VARCHAR) <- [guest1]
2026-04-22 17:40:36.019 TRACE [6b8b194c] org.hibernate.orm.jdbc.bind - binding parameter (4:VARCHAR) <- [$2a$10$gjvI5EstZKorK6J91lfTPuFmXbHGkX5vGd.AB9K9LtEC2cWJDV2h.]
2026-04-22 17:40:36.019 TRACE [6b8b194c] org.hibernate.orm.jdbc.bind - binding parameter (5:VARCHAR) <- [https://local-guest-s3.s3.ap-northeast-2.amazonaws.com/guest-profile/f6b2b2e7-9691-4562-a965-8cf01aa9f895.png]
2026-04-22 17:40:36.019 TRACE [6b8b194c] org.hibernate.orm.jdbc.bind - binding parameter (6:ENUM) <- [GUEST]
2026-04-22 17:40:36.019 TRACE [6b8b194c] org.hibernate.orm.jdbc.bind - binding parameter (7:ENUM) <- [null]
2026-04-22 17:40:36.019 TRACE [6b8b194c] org.hibernate.orm.jdbc.bind - binding parameter (8:ENUM) <- [ACTIVE]
2026-04-22 17:40:36.020 TRACE [6b8b194c] org.hibernate.orm.jdbc.bind - binding parameter (9:TIMESTAMP) <- [2026-04-20T10:22:23.114223]
2026-04-22 17:40:36.020 TRACE [6b8b194c] org.hibernate.orm.jdbc.bind - binding parameter (10:BIGINT) <- [6]
2026-04-22 17:40:36.031 DEBUG [6b8b194c] org.hibernate.SQL - 
    /* <criteria> */ select
        m1_0.id,
        m1_0.created_at,
        m1_0.email,
        m1_0.name,
        m1_0.nickname,
        m1_0.password,
        m1_0.profile_image_url,
        m1_0.role,
        m1_0.social_type,
        m1_0.status,
        m1_0.updated_at 
    from
        member m1_0 
    where
        m1_0.email=? 
        and m1_0.role=?
2026-04-22 17:40:36.032 TRACE [6b8b194c] org.hibernate.orm.jdbc.bind - binding parameter (1:VARCHAR) <- [guest1@naver.com]
2026-04-22 17:40:36.032 TRACE [6b8b194c] org.hibernate.orm.jdbc.bind - binding parameter (2:ENUM) <- [GUEST]
2026-04-22 17:40:36.035 INFO  [6b8b194c] c.t.a.logging.MdcLoggingFilter - [HTTP] 요청 완료 - statusCode: 200, latencyMs: 49, requestUri: /api/members/me/profile, method: PUT
2026-04-22 17:40:56.991 DEBUG [37162cce] org.hibernate.SQL - 
    /* <criteria> */ select
        m1_0.id,
        m1_0.created_at,
        m1_0.email,
        m1_0.name,
        m1_0.nickname,
        m1_0.password,
        m1_0.profile_image_url,
        m1_0.role,
        m1_0.social_type,
        m1_0.status,
        m1_0.updated_at 
    from
        member m1_0 
    where
        m1_0.email=? 
        and m1_0.role=?
2026-04-22 17:40:56.993 TRACE [37162cce] org.hibernate.orm.jdbc.bind - binding parameter (1:VARCHAR) <- [guest1@naver.com]
2026-04-22 17:40:56.993 TRACE [37162cce] org.hibernate.orm.jdbc.bind - binding parameter (2:ENUM) <- [GUEST]
2026-04-22 17:40:56.997 INFO  [37162cce] c.t.a.logging.MdcLoggingFilter - [HTTP] 요청 완료 - statusCode: 200, latencyMs: 12, requestUri: /api/members/me/profile, method: GET
2026-04-22 17:40:57.007 DEBUG [6381c4e0] org.hibernate.SQL - 
    /* <criteria> */ select
        m1_0.id,
        m1_0.created_at,
        m1_0.email,
        m1_0.name,
        m1_0.nickname,
        m1_0.password,
        m1_0.profile_image_url,
        m1_0.role,
        m1_0.social_type,
        m1_0.status,
        m1_0.updated_at 
    from
        member m1_0 
    where
        m1_0.email=? 
        and m1_0.role=?
2026-04-22 17:40:57.007 TRACE [6381c4e0] org.hibernate.orm.jdbc.bind - binding parameter (1:VARCHAR) <- [guest1@naver.com]
2026-04-22 17:40:57.007 TRACE [6381c4e0] org.hibernate.orm.jdbc.bind - binding parameter (2:ENUM) <- [GUEST]
2026-04-22 17:40:57.011 INFO  [6381c4e0] c.t.a.logging.MdcLoggingFilter - [HTTP] 요청 완료 - statusCode: 200, latencyMs: 9, requestUri: /api/members/me/profile, method: GET
2026-04-22 17:40:57.018 DEBUG [70bf291e] org.hibernate.SQL - 
    /* <criteria> */ select
        m1_0.id,
        m1_0.created_at,
        m1_0.email,
        m1_0.name,
        m1_0.nickname,
        m1_0.password,
        m1_0.profile_image_url,
        m1_0.role,
        m1_0.social_type,
        m1_0.status,
        m1_0.updated_at 
    from
        member m1_0 
    where
        m1_0.email=? 
        and m1_0.role=?
2026-04-22 17:40:57.019 TRACE [70bf291e] org.hibernate.orm.jdbc.bind - binding parameter (1:VARCHAR) <- [guest1@naver.com]
2026-04-22 17:40:57.019 TRACE [70bf291e] org.hibernate.orm.jdbc.bind - binding parameter (2:ENUM) <- [GUEST]
2026-04-22 17:40:57.022 INFO  [70bf291e] c.t.a.logging.MdcLoggingFilter - [HTTP] 요청 완료 - statusCode: 200, latencyMs: 7, requestUri: /api/members/me/profile, method: GET
2026-04-22 17:40:57.030 DEBUG [f0de2330] org.hibernate.SQL - 
    /* <criteria> */ select
        m1_0.id,
        m1_0.created_at,
        m1_0.email,
        m1_0.name,
        m1_0.nickname,
        m1_0.password,
        m1_0.profile_image_url,
        m1_0.role,
        m1_0.social_type,
        m1_0.status,
        m1_0.updated_at 
    from
        member m1_0 
    where
        m1_0.email=? 
        and m1_0.role=?
2026-04-22 17:40:57.030 TRACE [f0de2330] org.hibernate.orm.jdbc.bind - binding parameter (1:VARCHAR) <- [guest1@naver.com]
2026-04-22 17:40:57.030 TRACE [f0de2330] org.hibernate.orm.jdbc.bind - binding parameter (2:ENUM) <- [GUEST]
2026-04-22 17:40:57.034 INFO  [f0de2330] c.t.a.logging.MdcLoggingFilter - [HTTP] 요청 완료 - statusCode: 200, latencyMs: 9, requestUri: /api/members/me/profile, method: GET
2026-04-22 17:41:00.021 DEBUG [] org.hibernate.SQL - 
    /* <criteria> */ select
        te1_0.id,
        te1_0.created_at,
        te1_0.deadline_at,
        te1_0.extended_date,
        te1_0.extended_price,
        te1_0.guest_id,
        te1_0.guide_approved_at,
        te1_0.match_request_id,
        te1_0.requested_at,
        te1_0.status,
        te1_0.updated_at 
    from
        tour_extension te1_0 
    where
        te1_0.status=? 
        and te1_0.deadline_at<?
2026-04-22 17:41:00.021 TRACE [] org.hibernate.orm.jdbc.bind - binding parameter (1:ENUM) <- [REQUESTED]
2026-04-22 17:41:00.022 TRACE [] org.hibernate.orm.jdbc.bind - binding parameter (2:TIMESTAMP) <- [2026-04-22T17:41:00.018696800]
2026-04-22 17:41:12.900 INFO  [] o.s.w.s.c.WebSocketMessageBrokerStats - WebSocketSession[0 current WS(0)-HttpStream(0)-HttpPoll(0), 0 total, 0 closed abnormally (0 connect failure, 0 send limit, 0 transport error)], stompSubProtocol[processed CONNECT(0)-CONNECTED(0)-DISCONNECT(0)], stompBrokerRelay[null], inboundChannel[pool size = 0, active threads = 0, queued tasks = 0, completed tasks = 0], outboundChannel[pool size = 0, active threads = 0, queued tasks = 0, completed tasks = 0], sockJsScheduler[pool size = 5, active threads = 1, queued tasks = 2, completed tasks = 2]
2026-04-22 17:42:00.012 DEBUG [] org.hibernate.SQL - 
    /* <criteria> */ select
        te1_0.id,
        te1_0.created_at,
        te1_0.deadline_at,
        te1_0.extended_date,
        te1_0.extended_price,
        te1_0.guest_id,
        te1_0.guide_approved_at,
        te1_0.match_request_id,
        te1_0.requested_at,
        te1_0.status,
        te1_0.updated_at 
    from
        tour_extension te1_0 
    where
        te1_0.status=? 
        and te1_0.deadline_at<?
2026-04-22 17:42:00.013 TRACE [] org.hibernate.orm.jdbc.bind - binding parameter (1:ENUM) <- [REQUESTED]
2026-04-22 17:42:00.013 TRACE [] org.hibernate.orm.jdbc.bind - binding parameter (2:TIMESTAMP) <- [2026-04-22T17:42:00.011941400]
2026-04-22 17:43:00.016 DEBUG [] org.hibernate.SQL - 
    /* <criteria> */ select
        te1_0.id,
        te1_0.created_at,
        te1_0.deadline_at,
        te1_0.extended_date,
        te1_0.extended_price,
        te1_0.guest_id,
        te1_0.guide_approved_at,
        te1_0.match_request_id,
        te1_0.requested_at,
        te1_0.status,
        te1_0.updated_at 
    from
        tour_extension te1_0 
    where
        te1_0.status=? 
        and te1_0.deadline_at<?
2026-04-22 17:43:00.016 TRACE [] org.hibernate.orm.jdbc.bind - binding parameter (1:ENUM) <- [REQUESTED]
2026-04-22 17:43:00.017 TRACE [] org.hibernate.orm.jdbc.bind - binding parameter (2:TIMESTAMP) <- [2026-04-22T17:43:00.015052400]
2026-04-22 17:43:36.426 DEBUG [d29978ad] org.hibernate.SQL - 
    /* <criteria> */ select
        m1_0.id,
        m1_0.created_at,
        m1_0.email,
        m1_0.name,
        m1_0.nickname,
        m1_0.password,
        m1_0.profile_image_url,
        m1_0.role,
        m1_0.social_type,
        m1_0.status,
        m1_0.updated_at 
    from
        member m1_0 
    where
        m1_0.email=? 
        and m1_0.role=?
2026-04-22 17:43:36.426 DEBUG [a2826e91] org.hibernate.SQL - 
    /* <criteria> */ select
        m1_0.id,
        m1_0.created_at,
        m1_0.email,
        m1_0.name,
        m1_0.nickname,
        m1_0.password,
        m1_0.profile_image_url,
        m1_0.role,
        m1_0.social_type,
        m1_0.status,
        m1_0.updated_at 
    from
        member m1_0 
    where
        m1_0.email=? 
        and m1_0.role=?
2026-04-22 17:43:36.426 TRACE [d29978ad] org.hibernate.orm.jdbc.bind - binding parameter (1:VARCHAR) <- [guest1@naver.com]
2026-04-22 17:43:36.426 TRACE [a2826e91] org.hibernate.orm.jdbc.bind - binding parameter (1:VARCHAR) <- [guest1@naver.com]
2026-04-22 17:43:36.426 TRACE [d29978ad] org.hibernate.orm.jdbc.bind - binding parameter (2:ENUM) <- [GUEST]
2026-04-22 17:43:36.426 TRACE [a2826e91] org.hibernate.orm.jdbc.bind - binding parameter (2:ENUM) <- [GUEST]
2026-04-22 17:43:36.428 DEBUG [d29978ad] org.hibernate.SQL - 
    /* <criteria> */ select
        p1_0.id,
        p1_0.amount,
        p1_0.created_at,
        p1_0.match_request_id,
        p1_0.paid_at,
        p1_0.payer_id,
        p1_0.payment_type,
        p1_0.pg_order_no,
        p1_0.pg_transaction_id,
        p1_0.refund_deadline,
        p1_0.status,
        p1_0.updated_at 
    from
        payment p1_0 
    where
        p1_0.payer_id=?
2026-04-22 17:43:36.428 DEBUG [a2826e91] org.hibernate.SQL - 
    /* <criteria> */ select
        mr1_0.id,
        mr1_0.budget_max_won,
        mr1_0.budget_min_won,
        mr1_0.cancel_reason,
        mr1_0.cancelled_by,
        mr1_0.concept,
        mr1_0.concept_summary,
        mr1_0.created_at,
        mr1_0.desired_budget,
        mr1_0.desired_date,
        mr1_0.destination,
        mr1_0.guest_id,
        mr1_0.guide_id,
        mr1_0.guide_schedule_id,
        mr1_0.propose_message,
        mr1_0.proposed_schedule,
        mr1_0.status,
        mr1_0.updated_at 
    from
        match_request mr1_0 
    where
        mr1_0.guest_id=?
2026-04-22 17:43:36.429 TRACE [d29978ad] org.hibernate.orm.jdbc.bind - binding parameter (1:BIGINT) <- [6]
2026-04-22 17:43:36.429 TRACE [a2826e91] org.hibernate.orm.jdbc.bind - binding parameter (1:BIGINT) <- [6]
2026-04-22 17:43:36.431 INFO  [a2826e91] c.t.a.logging.MdcLoggingFilter - [HTTP] 요청 완료 - statusCode: 200, latencyMs: 8, requestUri: /api/matching/requests/guest/list, method: GET
2026-04-22 17:43:36.431 INFO  [d29978ad] c.t.a.logging.MdcLoggingFilter - [HTTP] 요청 완료 - statusCode: 200, latencyMs: 8, requestUri: /api/matching/payments/guest/list, method: GET
2026-04-22 17:43:36.439 DEBUG [6ed295c9] org.hibernate.SQL - 
    /* <criteria> */ select
        m1_0.id,
        m1_0.created_at,
        m1_0.email,
        m1_0.name,
        m1_0.nickname,
        m1_0.password,
        m1_0.profile_image_url,
        m1_0.role,
        m1_0.social_type,
        m1_0.status,
        m1_0.updated_at 
    from
        member m1_0 
    where
        m1_0.email=? 
        and m1_0.role=?
2026-04-22 17:43:36.439 DEBUG [fe1c3a4e] org.hibernate.SQL - 
    /* <criteria> */ select
        m1_0.id,
        m1_0.created_at,
        m1_0.email,
        m1_0.name,
        m1_0.nickname,
        m1_0.password,
        m1_0.profile_image_url,
        m1_0.role,
        m1_0.social_type,
        m1_0.status,
        m1_0.updated_at 
    from
        member m1_0 
    where
        m1_0.email=? 
        and m1_0.role=?
2026-04-22 17:43:36.439 TRACE [6ed295c9] org.hibernate.orm.jdbc.bind - binding parameter (1:VARCHAR) <- [guest1@naver.com]
2026-04-22 17:43:36.439 TRACE [fe1c3a4e] org.hibernate.orm.jdbc.bind - binding parameter (1:VARCHAR) <- [guest1@naver.com]
2026-04-22 17:43:36.440 TRACE [6ed295c9] org.hibernate.orm.jdbc.bind - binding parameter (2:ENUM) <- [GUEST]
2026-04-22 17:43:36.440 TRACE [fe1c3a4e] org.hibernate.orm.jdbc.bind - binding parameter (2:ENUM) <- [GUEST]
2026-04-22 17:43:36.442 DEBUG [fe1c3a4e] org.hibernate.SQL - 
    /* <criteria> */ select
        p1_0.id,
        p1_0.amount,
        p1_0.created_at,
        p1_0.match_request_id,
        p1_0.paid_at,
        p1_0.payer_id,
        p1_0.payment_type,
        p1_0.pg_order_no,
        p1_0.pg_transaction_id,
        p1_0.refund_deadline,
        p1_0.status,
        p1_0.updated_at 
    from
        payment p1_0 
    where
        p1_0.payer_id=?
2026-04-22 17:43:36.442 DEBUG [6ed295c9] org.hibernate.SQL - 
    /* <criteria> */ select
        mr1_0.id,
        mr1_0.budget_max_won,
        mr1_0.budget_min_won,
        mr1_0.cancel_reason,
        mr1_0.cancelled_by,
        mr1_0.concept,
        mr1_0.concept_summary,
        mr1_0.created_at,
        mr1_0.desired_budget,
        mr1_0.desired_date,
        mr1_0.destination,
        mr1_0.guest_id,
        mr1_0.guide_id,
        mr1_0.guide_schedule_id,
        mr1_0.propose_message,
        mr1_0.proposed_schedule,
        mr1_0.status,
        mr1_0.updated_at 
    from
        match_request mr1_0 
    where
        mr1_0.guest_id=?
2026-04-22 17:43:36.442 TRACE [fe1c3a4e] org.hibernate.orm.jdbc.bind - binding parameter (1:BIGINT) <- [6]
2026-04-22 17:43:36.442 TRACE [6ed295c9] org.hibernate.orm.jdbc.bind - binding parameter (1:BIGINT) <- [6]
2026-04-22 17:43:36.445 INFO  [6ed295c9] c.t.a.logging.MdcLoggingFilter - [HTTP] 요청 완료 - statusCode: 200, latencyMs: 8, requestUri: /api/matching/requests/guest/list, method: GET
2026-04-22 17:43:36.445 INFO  [fe1c3a4e] c.t.a.logging.MdcLoggingFilter - [HTTP] 요청 완료 - statusCode: 200, latencyMs: 8, requestUri: /api/matching/payments/guest/list, method: GET
2026-04-22 17:43:37.025 DEBUG [d719795c] org.hibernate.SQL - 
    /* <criteria> */ select
        m1_0.id,
        m1_0.created_at,
        m1_0.email,
        m1_0.name,
        m1_0.nickname,
        m1_0.password,
        m1_0.profile_image_url,
        m1_0.role,
        m1_0.social_type,
        m1_0.status,
        m1_0.updated_at 
    from
        member m1_0 
    where
        m1_0.email=? 
        and m1_0.role=?
2026-04-22 17:43:37.026 TRACE [d719795c] org.hibernate.orm.jdbc.bind - binding parameter (1:VARCHAR) <- [guest1@naver.com]
2026-04-22 17:43:37.026 DEBUG [77443f31] org.hibernate.SQL - 
    /* <criteria> */ select
        m1_0.id,
        m1_0.created_at,
        m1_0.email,
        m1_0.name,
        m1_0.nickname,
        m1_0.password,
        m1_0.profile_image_url,
        m1_0.role,
        m1_0.social_type,
        m1_0.status,
        m1_0.updated_at 
    from
        member m1_0 
    where
        m1_0.email=? 
        and m1_0.role=?
2026-04-22 17:43:37.026 TRACE [d719795c] org.hibernate.orm.jdbc.bind - binding parameter (2:ENUM) <- [GUEST]
2026-04-22 17:43:37.026 TRACE [77443f31] org.hibernate.orm.jdbc.bind - binding parameter (1:VARCHAR) <- [guest1@naver.com]
2026-04-22 17:43:37.026 TRACE [77443f31] org.hibernate.orm.jdbc.bind - binding parameter (2:ENUM) <- [GUEST]
2026-04-22 17:43:37.028 DEBUG [d719795c] org.hibernate.SQL - 
    /* <criteria> */ select
        mr1_0.id,
        mr1_0.budget_max_won,
        mr1_0.budget_min_won,
        mr1_0.cancel_reason,
        mr1_0.cancelled_by,
        mr1_0.concept,
        mr1_0.concept_summary,
        mr1_0.created_at,
        mr1_0.desired_budget,
        mr1_0.desired_date,
        mr1_0.destination,
        mr1_0.guest_id,
        mr1_0.guide_id,
        mr1_0.guide_schedule_id,
        mr1_0.propose_message,
        mr1_0.proposed_schedule,
        mr1_0.status,
        mr1_0.updated_at 
    from
        match_request mr1_0 
    where
        mr1_0.guest_id=?
2026-04-22 17:43:37.028 TRACE [d719795c] org.hibernate.orm.jdbc.bind - binding parameter (1:BIGINT) <- [6]
2026-04-22 17:43:37.029 INFO  [77443f31] c.t.a.logging.MdcLoggingFilter - [HTTP] 요청 완료 - statusCode: 200, latencyMs: 6, requestUri: /api/members/me/profile, method: GET
2026-04-22 17:43:37.030 INFO  [d719795c] c.t.a.logging.MdcLoggingFilter - [HTTP] 요청 완료 - statusCode: 200, latencyMs: 8, requestUri: /api/matching/requests/guest/list, method: GET
2026-04-22 17:43:37.038 DEBUG [28d04d35] org.hibernate.SQL - 
    /* <criteria> */ select
        m1_0.id,
        m1_0.created_at,
        m1_0.email,
        m1_0.name,
        m1_0.nickname,
        m1_0.password,
        m1_0.profile_image_url,
        m1_0.role,
        m1_0.social_type,
        m1_0.status,
        m1_0.updated_at 
    from
        member m1_0 
    where
        m1_0.email=? 
        and m1_0.role=?
2026-04-22 17:43:37.038 DEBUG [8489214c] org.hibernate.SQL - 
    /* <criteria> */ select
        m1_0.id,
        m1_0.created_at,
        m1_0.email,
        m1_0.name,
        m1_0.nickname,
        m1_0.password,
        m1_0.profile_image_url,
        m1_0.role,
        m1_0.social_type,
        m1_0.status,
        m1_0.updated_at 
    from
        member m1_0 
    where
        m1_0.email=? 
        and m1_0.role=?
2026-04-22 17:43:37.038 TRACE [28d04d35] org.hibernate.orm.jdbc.bind - binding parameter (1:VARCHAR) <- [guest1@naver.com]
2026-04-22 17:43:37.038 TRACE [8489214c] org.hibernate.orm.jdbc.bind - binding parameter (1:VARCHAR) <- [guest1@naver.com]
2026-04-22 17:43:37.038 TRACE [28d04d35] org.hibernate.orm.jdbc.bind - binding parameter (2:ENUM) <- [GUEST]
2026-04-22 17:43:37.038 TRACE [8489214c] org.hibernate.orm.jdbc.bind - binding parameter (2:ENUM) <- [GUEST]
2026-04-22 17:43:37.040 DEBUG [8489214c] org.hibernate.SQL - 
    /* <criteria> */ select
        mr1_0.id,
        mr1_0.budget_max_won,
        mr1_0.budget_min_won,
        mr1_0.cancel_reason,
        mr1_0.cancelled_by,
        mr1_0.concept,
        mr1_0.concept_summary,
        mr1_0.created_at,
        mr1_0.desired_budget,
        mr1_0.desired_date,
        mr1_0.destination,
        mr1_0.guest_id,
        mr1_0.guide_id,
        mr1_0.guide_schedule_id,
        mr1_0.propose_message,
        mr1_0.proposed_schedule,
        mr1_0.status,
        mr1_0.updated_at 
    from
        match_request mr1_0 
    where
        mr1_0.guest_id=?
2026-04-22 17:43:37.041 TRACE [8489214c] org.hibernate.orm.jdbc.bind - binding parameter (1:BIGINT) <- [6]
2026-04-22 17:43:37.041 INFO  [28d04d35] c.t.a.logging.MdcLoggingFilter - [HTTP] 요청 완료 - statusCode: 200, latencyMs: 8, requestUri: /api/members/me/profile, method: GET
2026-04-22 17:43:37.043 INFO  [8489214c] c.t.a.logging.MdcLoggingFilter - [HTTP] 요청 완료 - statusCode: 200, latencyMs: 7, requestUri: /api/matching/requests/guest/list, method: GET
2026-04-22 17:43:37.563 INFO  [76d8e44e] c.t.m.c.c.NotificationController - [SSE Subscribe] User Email: guest1@naver.com
2026-04-22 17:43:37.588 INFO  [76d8e44e] c.t.a.logging.MdcLoggingFilter - [HTTP] 요청 완료 - statusCode: 200, latencyMs: 33, requestUri: /api/notifications/subscribe, method: GET
2026-04-22 17:43:37.601 DEBUG [01a6eb9e] org.hibernate.SQL - 
    /* SELECT
        DISTINCT r 
    FROM
        ChatRoom r 
    JOIN
        
    FETCH
        r.participants p 
    WHERE
        r.id IN (SELECT
            r2.id 
        FROM
            ChatRoom r2 
        JOIN
            r2.participants p2 
        WHERE
            p2.userEmail = :userEmail) */ select
            distinct cr1_0.id,
            cr1_0.created_at,
            cr1_0.last_message,
            cr1_0.last_message_at,
            cr1_0.owner_email,
            cr1_0.participant_count,
            p1_0.chat_room_id,
            p1_0.id,
            p1_0.created_at,
            p1_0.is_alarm_on,
            p1_0.last_read_at,
            p1_0.updated_at,
            p1_0.user_email,
            p1_0.user_id,
            p1_0.user_nickname,
            cr1_0.room_id,
            cr1_0.title,
            cr1_0.updated_at 
        from
            chat_rooms cr1_0 
        join
            chat_participants p1_0 
                on cr1_0.id=p1_0.chat_room_id 
        where
            cr1_0.id in (select
                cr2_0.id 
            from
                chat_rooms cr2_0 
            join
                chat_participants p2_0 
                    on cr2_0.id=p2_0.chat_room_id 
            where
                p2_0.user_email=?)
2026-04-22 17:43:37.601 TRACE [01a6eb9e] org.hibernate.orm.jdbc.bind - binding parameter (1:VARCHAR) <- [guest1@naver.com]
2026-04-22 17:43:37.615 INFO  [01a6eb9e] c.t.a.logging.MdcLoggingFilter - [HTTP] 요청 완료 - statusCode: 200, latencyMs: 36, requestUri: /api/chat/rooms, method: GET
2026-04-22 17:43:37.620 INFO  [7db46703] c.t.a.logging.MdcLoggingFilter - [HTTP] 요청 완료 - statusCode: 200, latencyMs: 66, requestUri: /api/matching/chat/rooms, method: GET
2026-04-22 17:43:37.630 DEBUG [9d627b9e] org.hibernate.SQL - 
    /* SELECT
        DISTINCT r 
    FROM
        ChatRoom r 
    JOIN
        
    FETCH
        r.participants p 
    WHERE
        r.id IN (SELECT
            r2.id 
        FROM
            ChatRoom r2 
        JOIN
            r2.participants p2 
        WHERE
            p2.userEmail = :userEmail) */ select
            distinct cr1_0.id,
            cr1_0.created_at,
            cr1_0.last_message,
            cr1_0.last_message_at,
            cr1_0.owner_email,
            cr1_0.participant_count,
            p1_0.chat_room_id,
            p1_0.id,
            p1_0.created_at,
            p1_0.is_alarm_on,
            p1_0.last_read_at,
            p1_0.updated_at,
            p1_0.user_email,
            p1_0.user_id,
            p1_0.user_nickname,
            cr1_0.room_id,
            cr1_0.title,
            cr1_0.updated_at 
        from
            chat_rooms cr1_0 
        join
            chat_participants p1_0 
                on cr1_0.id=p1_0.chat_room_id 
        where
            cr1_0.id in (select
                cr2_0.id 
            from
                chat_rooms cr2_0 
            join
                chat_participants p2_0 
                    on cr2_0.id=p2_0.chat_room_id 
            where
                p2_0.user_email=?)
2026-04-22 17:43:37.631 TRACE [9d627b9e] org.hibernate.orm.jdbc.bind - binding parameter (1:VARCHAR) <- [guest1@naver.com]
2026-04-22 17:43:37.633 INFO  [9d627b9e] c.t.a.logging.MdcLoggingFilter - [HTTP] 요청 완료 - statusCode: 200, latencyMs: 6, requestUri: /api/chat/rooms, method: GET
2026-04-22 17:43:37.634 INFO  [e4d8fb1f] c.t.a.logging.MdcLoggingFilter - [HTTP] 요청 완료 - statusCode: 200, latencyMs: 11, requestUri: /api/matching/chat/rooms, method: GET
2026-04-22 17:43:38.582 DEBUG [f5ef174d] org.hibernate.SQL - 
    /* <criteria> */ select
        gp1_0.id,
        gp1_0.average_rating,
        gp1_0.bio,
        gp1_0.created_at,
        gp1_0.default_course,
        gp1_0.guide_style,
        gp1_0.is_active,
        gp1_0.is_approved,
        gp1_0.keywords,
        gp1_0.language,
        gp1_0.local_story,
        gp1_0.member_id,
        gp1_0.nickname,
        gp1_0.price_per_hour,
        gp1_0.profile_image,
        gp1_0.region,
        gp1_0.residence_years,
        gp1_0.review_count,
        gp1_0.updated_at 
    from
        guide_profiles gp1_0 
    where
        gp1_0.is_approved 
        and gp1_0.is_active
2026-04-22 17:43:38.589 INFO  [f5ef174d] c.t.a.logging.MdcLoggingFilter - [HTTP] 요청 완료 - statusCode: 200, latencyMs: 11, requestUri: /api/guides, method: GET
2026-04-22 17:43:38.595 DEBUG [3dbe5cb8] org.hibernate.SQL - 
    /* <criteria> */ select
        gp1_0.id,
        gp1_0.average_rating,
        gp1_0.bio,
        gp1_0.created_at,
        gp1_0.default_course,
        gp1_0.guide_style,
        gp1_0.is_active,
        gp1_0.is_approved,
        gp1_0.keywords,
        gp1_0.language,
        gp1_0.local_story,
        gp1_0.member_id,
        gp1_0.nickname,
        gp1_0.price_per_hour,
        gp1_0.profile_image,
        gp1_0.region,
        gp1_0.residence_years,
        gp1_0.review_count,
        gp1_0.updated_at 
    from
        guide_profiles gp1_0 
    where
        gp1_0.is_approved 
        and gp1_0.is_active
2026-04-22 17:43:38.598 INFO  [3dbe5cb8] c.t.a.logging.MdcLoggingFilter - [HTTP] 요청 완료 - statusCode: 200, latencyMs: 6, requestUri: /api/guides, method: GET
2026-04-22 17:43:40.119 DEBUG [9110c025] org.hibernate.SQL - 
    /* <criteria> */ select
        gp1_0.id,
        gp1_0.average_rating,
        gp1_0.bio,
        gp1_0.created_at,
        gp1_0.default_course,
        gp1_0.guide_style,
        gp1_0.is_active,
        gp1_0.is_approved,
        gp1_0.keywords,
        gp1_0.language,
        gp1_0.local_story,
        gp1_0.member_id,
        gp1_0.nickname,
        gp1_0.price_per_hour,
        gp1_0.profile_image,
        gp1_0.region,
        gp1_0.residence_years,
        gp1_0.review_count,
        gp1_0.updated_at 
    from
        guide_profiles gp1_0 
    where
        gp1_0.is_approved 
        and gp1_0.is_active
2026-04-22 17:43:40.122 INFO  [9110c025] c.t.a.logging.MdcLoggingFilter - [HTTP] 요청 완료 - statusCode: 200, latencyMs: 6, requestUri: /api/guides, method: GET
2026-04-22 17:43:40.130 DEBUG [2a1307b6] org.hibernate.SQL - 
    /* <criteria> */ select
        gp1_0.id,
        gp1_0.average_rating,
        gp1_0.bio,
        gp1_0.created_at,
        gp1_0.default_course,
        gp1_0.guide_style,
        gp1_0.is_active,
        gp1_0.is_approved,
        gp1_0.keywords,
        gp1_0.language,
        gp1_0.local_story,
        gp1_0.member_id,
        gp1_0.nickname,
        gp1_0.price_per_hour,
        gp1_0.profile_image,
        gp1_0.region,
        gp1_0.residence_years,
        gp1_0.review_count,
        gp1_0.updated_at 
    from
        guide_profiles gp1_0 
    where
        gp1_0.is_approved 
        and gp1_0.is_active
2026-04-22 17:43:40.133 INFO  [2a1307b6] c.t.a.logging.MdcLoggingFilter - [HTTP] 요청 완료 - statusCode: 200, latencyMs: 7, requestUri: /api/guides, method: GET
2026-04-22 17:43:44.536 DEBUG [08d8a5f6] org.hibernate.SQL - 
    /* <criteria> */ select
        gp1_0.id,
        gp1_0.average_rating,
        gp1_0.bio,
        gp1_0.created_at,
        gp1_0.default_course,
        gp1_0.guide_style,
        gp1_0.is_active,
        gp1_0.is_approved,
        gp1_0.keywords,
        gp1_0.language,
        gp1_0.local_story,
        gp1_0.member_id,
        gp1_0.nickname,
        gp1_0.price_per_hour,
        gp1_0.profile_image,
        gp1_0.region,
        gp1_0.residence_years,
        gp1_0.review_count,
        gp1_0.updated_at 
    from
        guide_profiles gp1_0 
    where
        gp1_0.is_approved 
        and gp1_0.is_active
2026-04-22 17:43:44.539 INFO  [08d8a5f6] c.t.a.logging.MdcLoggingFilter - [HTTP] 요청 완료 - statusCode: 200, latencyMs: 5, requestUri: /api/guides, method: GET
2026-04-22 17:43:44.545 DEBUG [e42a9ace] org.hibernate.SQL - 
    /* <criteria> */ select
        gp1_0.id,
        gp1_0.average_rating,
        gp1_0.bio,
        gp1_0.created_at,
        gp1_0.default_course,
        gp1_0.guide_style,
        gp1_0.is_active,
        gp1_0.is_approved,
        gp1_0.keywords,
        gp1_0.language,
        gp1_0.local_story,
        gp1_0.member_id,
        gp1_0.nickname,
        gp1_0.price_per_hour,
        gp1_0.profile_image,
        gp1_0.region,
        gp1_0.residence_years,
        gp1_0.review_count,
        gp1_0.updated_at 
    from
        guide_profiles gp1_0 
    where
        gp1_0.is_approved 
        and gp1_0.is_active
2026-04-22 17:43:44.549 INFO  [e42a9ace] c.t.a.logging.MdcLoggingFilter - [HTTP] 요청 완료 - statusCode: 200, latencyMs: 6, requestUri: /api/guides, method: GET
2026-04-22 17:43:45.818 DEBUG [5d4cd3d8] org.hibernate.SQL - 
    /* <criteria> */ select
        gp1_0.id,
        gp1_0.average_rating,
        gp1_0.bio,
        gp1_0.created_at,
        gp1_0.default_course,
        gp1_0.guide_style,
        gp1_0.is_active,
        gp1_0.is_approved,
        gp1_0.keywords,
        gp1_0.language,
        gp1_0.local_story,
        gp1_0.member_id,
        gp1_0.nickname,
        gp1_0.price_per_hour,
        gp1_0.profile_image,
        gp1_0.region,
        gp1_0.residence_years,
        gp1_0.review_count,
        gp1_0.updated_at 
    from
        guide_profiles gp1_0 
    where
        gp1_0.is_approved 
        and gp1_0.is_active
2026-04-22 17:43:45.821 INFO  [5d4cd3d8] c.t.a.logging.MdcLoggingFilter - [HTTP] 요청 완료 - statusCode: 200, latencyMs: 6, requestUri: /api/guides, method: GET
2026-04-22 17:43:45.829 DEBUG [22d26692] org.hibernate.SQL - 
    /* <criteria> */ select
        gp1_0.id,
        gp1_0.average_rating,
        gp1_0.bio,
        gp1_0.created_at,
        gp1_0.default_course,
        gp1_0.guide_style,
        gp1_0.is_active,
        gp1_0.is_approved,
        gp1_0.keywords,
        gp1_0.language,
        gp1_0.local_story,
        gp1_0.member_id,
        gp1_0.nickname,
        gp1_0.price_per_hour,
        gp1_0.profile_image,
        gp1_0.region,
        gp1_0.residence_years,
        gp1_0.review_count,
        gp1_0.updated_at 
    from
        guide_profiles gp1_0 
    where
        gp1_0.is_approved 
        and gp1_0.is_active
2026-04-22 17:43:45.832 INFO  [22d26692] c.t.a.logging.MdcLoggingFilter - [HTTP] 요청 완료 - statusCode: 200, latencyMs: 5, requestUri: /api/guides, method: GET
2026-04-22 17:43:46.429 DEBUG [a8d75126] org.hibernate.SQL - 
    /* <criteria> */ select
        gp1_0.id,
        gp1_0.average_rating,
        gp1_0.bio,
        gp1_0.created_at,
        gp1_0.default_course,
        gp1_0.guide_style,
        gp1_0.is_active,
        gp1_0.is_approved,
        gp1_0.keywords,
        gp1_0.language,
        gp1_0.local_story,
        gp1_0.member_id,
        gp1_0.nickname,
        gp1_0.price_per_hour,
        gp1_0.profile_image,
        gp1_0.region,
        gp1_0.residence_years,
        gp1_0.review_count,
        gp1_0.updated_at 
    from
        guide_profiles gp1_0 
    where
        gp1_0.is_approved 
        and gp1_0.is_active
2026-04-22 17:43:46.432 INFO  [a8d75126] c.t.a.logging.MdcLoggingFilter - [HTTP] 요청 완료 - statusCode: 200, latencyMs: 5, requestUri: /api/guides, method: GET
2026-04-22 17:43:46.438 DEBUG [073f4116] org.hibernate.SQL - 
    /* <criteria> */ select
        gp1_0.id,
        gp1_0.average_rating,
        gp1_0.bio,
        gp1_0.created_at,
        gp1_0.default_course,
        gp1_0.guide_style,
        gp1_0.is_active,
        gp1_0.is_approved,
        gp1_0.keywords,
        gp1_0.language,
        gp1_0.local_story,
        gp1_0.member_id,
        gp1_0.nickname,
        gp1_0.price_per_hour,
        gp1_0.profile_image,
        gp1_0.region,
        gp1_0.residence_years,
        gp1_0.review_count,
        gp1_0.updated_at 
    from
        guide_profiles gp1_0 
    where
        gp1_0.is_approved 
        and gp1_0.is_active
2026-04-22 17:43:46.441 INFO  [073f4116] c.t.a.logging.MdcLoggingFilter - [HTTP] 요청 완료 - statusCode: 200, latencyMs: 5, requestUri: /api/guides, method: GET
2026-04-22 17:43:47.380 DEBUG [be694031] org.hibernate.SQL - 
    /* <criteria> */ select
        gp1_0.id,
        gp1_0.average_rating,
        gp1_0.bio,
        gp1_0.created_at,
        gp1_0.default_course,
        gp1_0.guide_style,
        gp1_0.is_active,
        gp1_0.is_approved,
        gp1_0.keywords,
        gp1_0.language,
        gp1_0.local_story,
        gp1_0.member_id,
        gp1_0.nickname,
        gp1_0.price_per_hour,
        gp1_0.profile_image,
        gp1_0.region,
        gp1_0.residence_years,
        gp1_0.review_count,
        gp1_0.updated_at 
    from
        guide_profiles gp1_0 
    where
        gp1_0.is_approved 
        and gp1_0.is_active
2026-04-22 17:43:47.383 INFO  [be694031] c.t.a.logging.MdcLoggingFilter - [HTTP] 요청 완료 - statusCode: 200, latencyMs: 6, requestUri: /api/guides, method: GET
2026-04-22 17:43:47.390 DEBUG [92f2386d] org.hibernate.SQL - 
    /* <criteria> */ select
        gp1_0.id,
        gp1_0.average_rating,
        gp1_0.bio,
        gp1_0.created_at,
        gp1_0.default_course,
        gp1_0.guide_style,
        gp1_0.is_active,
        gp1_0.is_approved,
        gp1_0.keywords,
        gp1_0.language,
        gp1_0.local_story,
        gp1_0.member_id,
        gp1_0.nickname,
        gp1_0.price_per_hour,
        gp1_0.profile_image,
        gp1_0.region,
        gp1_0.residence_years,
        gp1_0.review_count,
        gp1_0.updated_at 
    from
        guide_profiles gp1_0 
    where
        gp1_0.is_approved 
        and gp1_0.is_active
2026-04-22 17:43:47.394 INFO  [92f2386d] c.t.a.logging.MdcLoggingFilter - [HTTP] 요청 완료 - statusCode: 200, latencyMs: 7, requestUri: /api/guides, method: GET
2026-04-22 17:44:00.016 DEBUG [] org.hibernate.SQL - 
    /* <criteria> */ select
        te1_0.id,
        te1_0.created_at,
        te1_0.deadline_at,
        te1_0.extended_date,
        te1_0.extended_price,
        te1_0.guest_id,
        te1_0.guide_approved_at,
        te1_0.match_request_id,
        te1_0.requested_at,
        te1_0.status,
        te1_0.updated_at 
    from
        tour_extension te1_0 
    where
        te1_0.status=? 
        and te1_0.deadline_at<?
2026-04-22 17:44:00.016 TRACE [] org.hibernate.orm.jdbc.bind - binding parameter (1:ENUM) <- [REQUESTED]
2026-04-22 17:44:00.016 TRACE [] org.hibernate.orm.jdbc.bind - binding parameter (2:TIMESTAMP) <- [2026-04-22T17:44:00.015990400]
2026-04-22 17:45:00.011 DEBUG [] org.hibernate.SQL - 
    /* <criteria> */ select
        te1_0.id,
        te1_0.created_at,
        te1_0.deadline_at,
        te1_0.extended_date,
        te1_0.extended_price,
        te1_0.guest_id,
        te1_0.guide_approved_at,
        te1_0.match_request_id,
        te1_0.requested_at,
        te1_0.status,
        te1_0.updated_at 
    from
        tour_extension te1_0 
    where
        te1_0.status=? 
        and te1_0.deadline_at<?
2026-04-22 17:45:00.012 TRACE [] org.hibernate.orm.jdbc.bind - binding parameter (1:ENUM) <- [REQUESTED]
2026-04-22 17:45:00.012 TRACE [] org.hibernate.orm.jdbc.bind - binding parameter (2:TIMESTAMP) <- [2026-04-22T17:45:00.010253400]
2026-04-22 17:46:00.015 DEBUG [] org.hibernate.SQL - 
    /* <criteria> */ select
        te1_0.id,
        te1_0.created_at,
        te1_0.deadline_at,
        te1_0.extended_date,
        te1_0.extended_price,
        te1_0.guest_id,
        te1_0.guide_approved_at,
        te1_0.match_request_id,
        te1_0.requested_at,
        te1_0.status,
        te1_0.updated_at 
    from
        tour_extension te1_0 
    where
        te1_0.status=? 
        and te1_0.deadline_at<?
2026-04-22 17:46:00.016 TRACE [] org.hibernate.orm.jdbc.bind - binding parameter (1:ENUM) <- [REQUESTED]
2026-04-22 17:46:00.016 TRACE [] org.hibernate.orm.jdbc.bind - binding parameter (2:TIMESTAMP) <- [2026-04-22T17:46:00.014153500]
2026-04-22 17:47:00.008 DEBUG [] org.hibernate.SQL - 
    /* <criteria> */ select
        te1_0.id,
        te1_0.created_at,
        te1_0.deadline_at,
        te1_0.extended_date,
        te1_0.extended_price,
        te1_0.guest_id,
        te1_0.guide_approved_at,
        te1_0.match_request_id,
        te1_0.requested_at,
        te1_0.status,
        te1_0.updated_at 
    from
        tour_extension te1_0 
    where
        te1_0.status=? 
        and te1_0.deadline_at<?
2026-04-22 17:47:00.008 TRACE [] org.hibernate.orm.jdbc.bind - binding parameter (1:ENUM) <- [REQUESTED]
2026-04-22 17:47:00.008 TRACE [] org.hibernate.orm.jdbc.bind - binding parameter (2:TIMESTAMP) <- [2026-04-22T17:47:00.006518200]
2026-04-22 17:48:00.012 DEBUG [] org.hibernate.SQL - 
    /* <criteria> */ select
        te1_0.id,
        te1_0.created_at,
        te1_0.deadline_at,
        te1_0.extended_date,
        te1_0.extended_price,
        te1_0.guest_id,
        te1_0.guide_approved_at,
        te1_0.match_request_id,
        te1_0.requested_at,
        te1_0.status,
        te1_0.updated_at 
    from
        tour_extension te1_0 
    where
        te1_0.status=? 
        and te1_0.deadline_at<?
2026-04-22 17:48:00.012 TRACE [] org.hibernate.orm.jdbc.bind - binding parameter (1:ENUM) <- [REQUESTED]
2026-04-22 17:48:00.012 TRACE [] org.hibernate.orm.jdbc.bind - binding parameter (2:TIMESTAMP) <- [2026-04-22T17:48:00.011916200]
2026-04-22 17:49:00.009 DEBUG [] org.hibernate.SQL - 
    /* <criteria> */ select
        te1_0.id,
        te1_0.created_at,
        te1_0.deadline_at,
        te1_0.extended_date,
        te1_0.extended_price,
        te1_0.guest_id,
        te1_0.guide_approved_at,
        te1_0.match_request_id,
        te1_0.requested_at,
        te1_0.status,
        te1_0.updated_at 
    from
        tour_extension te1_0 
    where
        te1_0.status=? 
        and te1_0.deadline_at<?
2026-04-22 17:49:00.009 TRACE [] org.hibernate.orm.jdbc.bind - binding parameter (1:ENUM) <- [REQUESTED]
2026-04-22 17:49:00.009 TRACE [] org.hibernate.orm.jdbc.bind - binding parameter (2:TIMESTAMP) <- [2026-04-22T17:49:00.008239700]
2026-04-22 17:50:00.003 DEBUG [] org.hibernate.SQL - 
    /* <criteria> */ select
        te1_0.id,
        te1_0.created_at,
        te1_0.deadline_at,
        te1_0.extended_date,
        te1_0.extended_price,
        te1_0.guest_id,
        te1_0.guide_approved_at,
        te1_0.match_request_id,
        te1_0.requested_at,
        te1_0.status,
        te1_0.updated_at 
    from
        tour_extension te1_0 
    where
        te1_0.status=? 
        and te1_0.deadline_at<?
2026-04-22 17:50:00.004 TRACE [] org.hibernate.orm.jdbc.bind - binding parameter (1:ENUM) <- [REQUESTED]
2026-04-22 17:50:00.004 TRACE [] org.hibernate.orm.jdbc.bind - binding parameter (2:TIMESTAMP) <- [2026-04-22T17:50:00.002477900]
2026-04-22 17:51:00.009 DEBUG [] org.hibernate.SQL - 
    /* <criteria> */ select
        te1_0.id,
        te1_0.created_at,
        te1_0.deadline_at,
        te1_0.extended_date,
        te1_0.extended_price,
        te1_0.guest_id,
        te1_0.guide_approved_at,
        te1_0.match_request_id,
        te1_0.requested_at,
        te1_0.status,
        te1_0.updated_at 
    from
        tour_extension te1_0 
    where
        te1_0.status=? 
        and te1_0.deadline_at<?
2026-04-22 17:51:00.009 TRACE [] org.hibernate.orm.jdbc.bind - binding parameter (1:ENUM) <- [REQUESTED]
2026-04-22 17:51:00.009 TRACE [] org.hibernate.orm.jdbc.bind - binding parameter (2:TIMESTAMP) <- [2026-04-22T17:51:00.007837200]
2026-04-22 17:52:00.005 DEBUG [] org.hibernate.SQL - 
    /* <criteria> */ select
        te1_0.id,
        te1_0.created_at,
        te1_0.deadline_at,
        te1_0.extended_date,
        te1_0.extended_price,
        te1_0.guest_id,
        te1_0.guide_approved_at,
        te1_0.match_request_id,
        te1_0.requested_at,
        te1_0.status,
        te1_0.updated_at 
    from
        tour_extension te1_0 
    where
        te1_0.status=? 
        and te1_0.deadline_at<?
2026-04-22 17:52:00.006 TRACE [] org.hibernate.orm.jdbc.bind - binding parameter (1:ENUM) <- [REQUESTED]
2026-04-22 17:52:00.006 TRACE [] org.hibernate.orm.jdbc.bind - binding parameter (2:TIMESTAMP) <- [2026-04-22T17:52:00.004971300]
2026-04-22 17:53:00.003 DEBUG [] org.hibernate.SQL - 
    /* <criteria> */ select
        te1_0.id,
        te1_0.created_at,
        te1_0.deadline_at,
        te1_0.extended_date,
        te1_0.extended_price,
        te1_0.guest_id,
        te1_0.guide_approved_at,
        te1_0.match_request_id,
        te1_0.requested_at,
        te1_0.status,
        te1_0.updated_at 
    from
        tour_extension te1_0 
    where
        te1_0.status=? 
        and te1_0.deadline_at<?
2026-04-22 17:53:00.003 TRACE [] org.hibernate.orm.jdbc.bind - binding parameter (1:ENUM) <- [REQUESTED]
2026-04-22 17:53:00.003 TRACE [] org.hibernate.orm.jdbc.bind - binding parameter (2:TIMESTAMP) <- [2026-04-22T17:53:00.001941]
2026-04-22 17:54:00.013 DEBUG [] org.hibernate.SQL - 
    /* <criteria> */ select
        te1_0.id,
        te1_0.created_at,
        te1_0.deadline_at,
        te1_0.extended_date,
        te1_0.extended_price,
        te1_0.guest_id,
        te1_0.guide_approved_at,
        te1_0.match_request_id,
        te1_0.requested_at,
        te1_0.status,
        te1_0.updated_at 
    from
        tour_extension te1_0 
    where
        te1_0.status=? 
        and te1_0.deadline_at<?
2026-04-22 17:54:00.013 TRACE [] org.hibernate.orm.jdbc.bind - binding parameter (1:ENUM) <- [REQUESTED]
2026-04-22 17:54:00.013 TRACE [] org.hibernate.orm.jdbc.bind - binding parameter (2:TIMESTAMP) <- [2026-04-22T17:54:00.011872]
2026-04-22 17:55:00.010 DEBUG [] org.hibernate.SQL - 
    /* <criteria> */ select
        te1_0.id,
        te1_0.created_at,
        te1_0.deadline_at,
        te1_0.extended_date,
        te1_0.extended_price,
        te1_0.guest_id,
        te1_0.guide_approved_at,
        te1_0.match_request_id,
        te1_0.requested_at,
        te1_0.status,
        te1_0.updated_at 
    from
        tour_extension te1_0 
    where
        te1_0.status=? 
        and te1_0.deadline_at<?
2026-04-22 17:55:00.011 TRACE [] org.hibernate.orm.jdbc.bind - binding parameter (1:ENUM) <- [REQUESTED]
2026-04-22 17:55:00.011 TRACE [] org.hibernate.orm.jdbc.bind - binding parameter (2:TIMESTAMP) <- [2026-04-22T17:55:00.009571700]
2026-04-22 17:56:00.006 DEBUG [] org.hibernate.SQL - 
    /* <criteria> */ select
        te1_0.id,
        te1_0.created_at,
        te1_0.deadline_at,
        te1_0.extended_date,
        te1_0.extended_price,
        te1_0.guest_id,
        te1_0.guide_approved_at,
        te1_0.match_request_id,
        te1_0.requested_at,
        te1_0.status,
        te1_0.updated_at 
    from
        tour_extension te1_0 
    where
        te1_0.status=? 
        and te1_0.deadline_at<?
2026-04-22 17:56:00.007 TRACE [] org.hibernate.orm.jdbc.bind - binding parameter (1:ENUM) <- [REQUESTED]
2026-04-22 17:56:00.007 TRACE [] org.hibernate.orm.jdbc.bind - binding parameter (2:TIMESTAMP) <- [2026-04-22T17:56:00.005956100]
2026-04-22 17:56:47.737 INFO  [] org.mongodb.driver.cluster - Exception in monitor thread while connecting to server localhost:27017
com.mongodb.MongoNodeIsRecoveringException: Command failed with error 11600 (InterruptedAtShutdown): 'interrupted at shutdown' on server localhost:27017. The full response is {"ok": 0.0, "errmsg": "interrupted at shutdown", "code": 11600, "codeName": "InterruptedAtShutdown"}
	at com.mongodb.internal.connection.ProtocolHelper.createSpecialException(ProtocolHelper.java:264)
	at com.mongodb.internal.connection.ProtocolHelper.getCommandFailureException(ProtocolHelper.java:206)
	at com.mongodb.internal.connection.InternalStreamConnection.receiveCommandMessageResponse(InternalStreamConnection.java:520)
	at com.mongodb.internal.connection.InternalStreamConnection.receive(InternalStreamConnection.java:469)
	at com.mongodb.internal.connection.DefaultServerMonitor$ServerMonitor.lookupServerDescription(DefaultServerMonitor.java:249)
	at com.mongodb.internal.connection.DefaultServerMonitor$ServerMonitor.run(DefaultServerMonitor.java:176)
2026-04-22 17:56:48.061 INFO  [] i.l.core.protocol.ConnectionWatchdog - Reconnecting, last destination was localhost/127.0.0.1:6379
2026-04-22 17:56:48.061 INFO  [] i.l.core.protocol.ConnectionWatchdog - Reconnecting, last destination was localhost/127.0.0.1:6379
2026-04-22 17:56:48.074 WARN  [] i.l.core.protocol.ConnectionWatchdog - Cannot reconnect to [localhost/<unresolved>:6379]: Connection closed prematurely
io.lettuce.core.RedisConnectionException: Connection closed prematurely
	at io.lettuce.core.protocol.RedisHandshakeHandler.channelInactive(RedisHandshakeHandler.java:76)
	at io.netty.channel.AbstractChannelHandlerContext.invokeChannelInactive(AbstractChannelHandlerContext.java:303)
	at io.netty.channel.AbstractChannelHandlerContext.invokeChannelInactive(AbstractChannelHandlerContext.java:281)
	at io.netty.channel.AbstractChannelHandlerContext.fireChannelInactive(AbstractChannelHandlerContext.java:274)
	at io.netty.channel.ChannelInboundHandlerAdapter.channelInactive(ChannelInboundHandlerAdapter.java:81)
	at io.lettuce.core.ChannelGroupListener.channelInactive(ChannelGroupListener.java:54)
	at io.netty.channel.AbstractChannelHandlerContext.invokeChannelInactive(AbstractChannelHandlerContext.java:303)
	at io.netty.channel.AbstractChannelHandlerContext.invokeChannelInactive(AbstractChannelHandlerContext.java:281)
	at io.netty.channel.AbstractChannelHandlerContext.fireChannelInactive(AbstractChannelHandlerContext.java:274)
	at io.netty.channel.DefaultChannelPipeline$HeadContext.channelInactive(DefaultChannelPipeline.java:1352)
	at io.netty.channel.AbstractChannelHandlerContext.invokeChannelInactive(AbstractChannelHandlerContext.java:301)
	at io.netty.channel.AbstractChannelHandlerContext.invokeChannelInactive(AbstractChannelHandlerContext.java:281)
	at io.netty.channel.DefaultChannelPipeline.fireChannelInactive(DefaultChannelPipeline.java:850)
	at io.netty.channel.AbstractChannel$AbstractUnsafe$7.run(AbstractChannel.java:811)
	at io.netty.util.concurrent.AbstractEventExecutor.runTask(AbstractEventExecutor.java:173)
	at io.netty.util.concurrent.AbstractEventExecutor.safeExecute(AbstractEventExecutor.java:166)
	at io.netty.util.concurrent.SingleThreadEventExecutor.runAllTasks(SingleThreadEventExecutor.java:472)
	at io.netty.channel.nio.NioEventLoop.run(NioEventLoop.java:566)
	at io.netty.util.concurrent.SingleThreadEventExecutor$4.run(SingleThreadEventExecutor.java:998)
	at io.netty.util.internal.ThreadExecutorMap$2.run(ThreadExecutorMap.java:74)
	at io.netty.util.concurrent.FastThreadLocalRunnable.run(FastThreadLocalRunnable.java:30)
	at java.base/java.lang.Thread.run(Thread.java:840)
2026-04-22 17:56:48.074 WARN  [] i.l.core.protocol.ConnectionWatchdog - Cannot reconnect to [localhost/<unresolved>:6379]: Connection closed prematurely
io.lettuce.core.RedisConnectionException: Connection closed prematurely
	at io.lettuce.core.protocol.RedisHandshakeHandler.channelInactive(RedisHandshakeHandler.java:76)
	at io.netty.channel.AbstractChannelHandlerContext.invokeChannelInactive(AbstractChannelHandlerContext.java:303)
	at io.netty.channel.AbstractChannelHandlerContext.invokeChannelInactive(AbstractChannelHandlerContext.java:281)
	at io.netty.channel.AbstractChannelHandlerContext.fireChannelInactive(AbstractChannelHandlerContext.java:274)
	at io.netty.channel.ChannelInboundHandlerAdapter.channelInactive(ChannelInboundHandlerAdapter.java:81)
	at io.lettuce.core.ChannelGroupListener.channelInactive(ChannelGroupListener.java:54)
	at io.netty.channel.AbstractChannelHandlerContext.invokeChannelInactive(AbstractChannelHandlerContext.java:303)
	at io.netty.channel.AbstractChannelHandlerContext.invokeChannelInactive(AbstractChannelHandlerContext.java:281)
	at io.netty.channel.AbstractChannelHandlerContext.fireChannelInactive(AbstractChannelHandlerContext.java:274)
	at io.netty.channel.DefaultChannelPipeline$HeadContext.channelInactive(DefaultChannelPipeline.java:1352)
	at io.netty.channel.AbstractChannelHandlerContext.invokeChannelInactive(AbstractChannelHandlerContext.java:301)
	at io.netty.channel.AbstractChannelHandlerContext.invokeChannelInactive(AbstractChannelHandlerContext.java:281)
	at io.netty.channel.DefaultChannelPipeline.fireChannelInactive(DefaultChannelPipeline.java:850)
	at io.netty.channel.AbstractChannel$AbstractUnsafe$7.run(AbstractChannel.java:811)
	at io.netty.util.concurrent.AbstractEventExecutor.runTask(AbstractEventExecutor.java:173)
	at io.netty.util.concurrent.AbstractEventExecutor.safeExecute(AbstractEventExecutor.java:166)
	at io.netty.util.concurrent.SingleThreadEventExecutor.runAllTasks(SingleThreadEventExecutor.java:472)
	at io.netty.channel.nio.NioEventLoop.run(NioEventLoop.java:566)
	at io.netty.util.concurrent.SingleThreadEventExecutor$4.run(SingleThreadEventExecutor.java:998)
	at io.netty.util.internal.ThreadExecutorMap$2.run(ThreadExecutorMap.java:74)
	at io.netty.util.concurrent.FastThreadLocalRunnable.run(FastThreadLocalRunnable.java:30)
	at java.base/java.lang.Thread.run(Thread.java:840)
2026-04-22 17:56:53.057 INFO  [] i.l.core.protocol.ConnectionWatchdog - Reconnecting, last destination was localhost/<unresolved>:6379
2026-04-22 17:56:53.057 INFO  [] i.l.core.protocol.ConnectionWatchdog - Reconnecting, last destination was localhost/<unresolved>:6379
2026-04-22 17:56:53.059 WARN  [] i.l.core.protocol.ConnectionWatchdog - Cannot reconnect to [localhost/<unresolved>:6379]: Connection refused: getsockopt: localhost/127.0.0.1:6379
2026-04-22 17:56:53.059 WARN  [] i.l.core.protocol.ConnectionWatchdog - Cannot reconnect to [localhost/<unresolved>:6379]: Connection refused: getsockopt: localhost/127.0.0.1:6379
2026-04-22 17:56:57.753 INFO  [] org.mongodb.driver.cluster - Exception in monitor thread while connecting to server localhost:27017
com.mongodb.MongoSocketOpenException: Exception opening socket
	at com.mongodb.internal.connection.SocketStream.lambda$open$0(SocketStream.java:85)
	at java.base/java.util.Optional.orElseThrow(Optional.java:403)
	at com.mongodb.internal.connection.SocketStream.open(SocketStream.java:85)
	at com.mongodb.internal.connection.InternalStreamConnection.open(InternalStreamConnection.java:233)
	at com.mongodb.internal.connection.DefaultServerMonitor$ServerMonitor.lookupServerDescription(DefaultServerMonitor.java:219)
	at com.mongodb.internal.connection.DefaultServerMonitor$ServerMonitor.run(DefaultServerMonitor.java:176)
Caused by: java.net.ConnectException: Connection refused: getsockopt
	at java.base/sun.nio.ch.Net.pollConnect(Native Method)
	at java.base/sun.nio.ch.Net.pollConnectNow(Net.java:684)
	at java.base/sun.nio.ch.NioSocketImpl.timedFinishConnect(NioSocketImpl.java:547)
	at java.base/sun.nio.ch.NioSocketImpl.connect(NioSocketImpl.java:602)
	at java.base/java.net.SocksSocketImpl.connect(SocksSocketImpl.java:327)
	at java.base/java.net.Socket.connect(Socket.java:633)
	at com.mongodb.internal.connection.SocketStreamHelper.initialize(SocketStreamHelper.java:76)
	at com.mongodb.internal.connection.SocketStream.initializeSocket(SocketStream.java:104)
	at com.mongodb.internal.connection.SocketStream.open(SocketStream.java:79)
	... 3 common frames omitted
2026-04-22 17:57:00.009 DEBUG [] org.hibernate.SQL - 
    /* <criteria> */ select
        te1_0.id,
        te1_0.created_at,
        te1_0.deadline_at,
        te1_0.extended_date,
        te1_0.extended_price,
        te1_0.guest_id,
        te1_0.guide_approved_at,
        te1_0.match_request_id,
        te1_0.requested_at,
        te1_0.status,
        te1_0.updated_at 
    from
        tour_extension te1_0 
    where
        te1_0.status=? 
        and te1_0.deadline_at<?
2026-04-22 17:57:00.010 TRACE [] org.hibernate.orm.jdbc.bind - binding parameter (1:ENUM) <- [REQUESTED]
2026-04-22 17:57:00.010 TRACE [] org.hibernate.orm.jdbc.bind - binding parameter (2:TIMESTAMP) <- [2026-04-22T17:57:00.008472400]
2026-04-22 17:57:05.556 INFO  [] i.l.core.protocol.ConnectionWatchdog - Reconnecting, last destination was localhost/<unresolved>:6379
2026-04-22 17:57:05.556 INFO  [] i.l.core.protocol.ConnectionWatchdog - Reconnecting, last destination was localhost/<unresolved>:6379
2026-04-22 17:57:05.557 WARN  [] i.l.core.protocol.ConnectionWatchdog - Cannot reconnect to [localhost/<unresolved>:6379]: Connection refused: getsockopt: localhost/127.0.0.1:6379
2026-04-22 17:57:05.557 WARN  [] i.l.core.protocol.ConnectionWatchdog - Cannot reconnect to [localhost/<unresolved>:6379]: Connection refused: getsockopt: localhost/127.0.0.1:6379
2026-04-22 17:57:21.956 INFO  [] i.l.core.protocol.ConnectionWatchdog - Reconnecting, last destination was localhost/<unresolved>:6379
2026-04-22 17:57:21.956 INFO  [] i.l.core.protocol.ConnectionWatchdog - Reconnecting, last destination was localhost/<unresolved>:6379
2026-04-22 17:57:21.957 WARN  [] i.l.core.protocol.ConnectionWatchdog - Cannot reconnect to [localhost/<unresolved>:6379]: Connection refused: getsockopt: localhost/127.0.0.1:6379
2026-04-22 17:57:21.957 WARN  [] i.l.core.protocol.ConnectionWatchdog - Cannot reconnect to [localhost/<unresolved>:6379]: Connection refused: getsockopt: localhost/127.0.0.1:6379
2026-04-22 17:57:52.048 INFO  [] i.l.core.protocol.ConnectionWatchdog - Reconnecting, last destination was localhost/<unresolved>:6379
2026-04-22 17:57:52.048 INFO  [] i.l.core.protocol.ConnectionWatchdog - Reconnecting, last destination was localhost/<unresolved>:6379
2026-04-22 17:57:52.049 WARN  [] i.l.core.protocol.ConnectionWatchdog - Cannot reconnect to [localhost/<unresolved>:6379]: Connection refused: getsockopt: localhost/127.0.0.1:6379
2026-04-22 17:57:52.049 WARN  [] i.l.core.protocol.ConnectionWatchdog - Cannot reconnect to [localhost/<unresolved>:6379]: Connection refused: getsockopt: localhost/127.0.0.1:6379
2026-04-22 17:58:00.003 DEBUG [] org.hibernate.SQL - 
    /* <criteria> */ select
        te1_0.id,
        te1_0.created_at,
        te1_0.deadline_at,
        te1_0.extended_date,
        te1_0.extended_price,
        te1_0.guest_id,
        te1_0.guide_approved_at,
        te1_0.match_request_id,
        te1_0.requested_at,
        te1_0.status,
        te1_0.updated_at 
    from
        tour_extension te1_0 
    where
        te1_0.status=? 
        and te1_0.deadline_at<?
2026-04-22 17:58:00.004 TRACE [] org.hibernate.orm.jdbc.bind - binding parameter (1:ENUM) <- [REQUESTED]
2026-04-22 17:58:00.004 TRACE [] org.hibernate.orm.jdbc.bind - binding parameter (2:TIMESTAMP) <- [2026-04-22T17:58:00.002840]
2026-04-22 17:58:22.152 INFO  [] i.l.core.protocol.ConnectionWatchdog - Reconnecting, last destination was localhost/<unresolved>:6379
2026-04-22 17:58:22.152 INFO  [] i.l.core.protocol.ConnectionWatchdog - Reconnecting, last destination was localhost/<unresolved>:6379
2026-04-22 17:58:22.153 WARN  [] i.l.core.protocol.ConnectionWatchdog - Cannot reconnect to [localhost/<unresolved>:6379]: Connection refused: getsockopt: localhost/127.0.0.1:6379
2026-04-22 17:58:22.153 WARN  [] i.l.core.protocol.ConnectionWatchdog - Cannot reconnect to [localhost/<unresolved>:6379]: Connection refused: getsockopt: localhost/127.0.0.1:6379
2026-04-22 17:58:52.257 INFO  [] i.l.core.protocol.ConnectionWatchdog - Reconnecting, last destination was localhost/<unresolved>:6379
2026-04-22 17:58:52.257 INFO  [] i.l.core.protocol.ConnectionWatchdog - Reconnecting, last destination was localhost/<unresolved>:6379
2026-04-22 17:58:52.258 WARN  [] i.l.core.protocol.ConnectionWatchdog - Cannot reconnect to [localhost/<unresolved>:6379]: Connection refused: getsockopt: localhost/127.0.0.1:6379
2026-04-22 17:58:52.258 WARN  [] i.l.core.protocol.ConnectionWatchdog - Cannot reconnect to [localhost/<unresolved>:6379]: Connection refused: getsockopt: localhost/127.0.0.1:6379
2026-04-22 17:59:00.001 DEBUG [] org.hibernate.SQL - 
    /* <criteria> */ select
        te1_0.id,
        te1_0.created_at,
        te1_0.deadline_at,
        te1_0.extended_date,
        te1_0.extended_price,
        te1_0.guest_id,
        te1_0.guide_approved_at,
        te1_0.match_request_id,
        te1_0.requested_at,
        te1_0.status,
        te1_0.updated_at 
    from
        tour_extension te1_0 
    where
        te1_0.status=? 
        and te1_0.deadline_at<?
2026-04-22 17:59:00.002 TRACE [] org.hibernate.orm.jdbc.bind - binding parameter (1:ENUM) <- [REQUESTED]
2026-04-22 17:59:00.002 TRACE [] org.hibernate.orm.jdbc.bind - binding parameter (2:TIMESTAMP) <- [2026-04-22T17:59:00.001094]
2026-04-22 17:59:22.353 INFO  [] i.l.core.protocol.ConnectionWatchdog - Reconnecting, last destination was localhost/<unresolved>:6379
2026-04-22 17:59:22.353 INFO  [] i.l.core.protocol.ConnectionWatchdog - Reconnecting, last destination was localhost/<unresolved>:6379
2026-04-22 17:59:22.354 WARN  [] i.l.core.protocol.ConnectionWatchdog - Cannot reconnect to [localhost/<unresolved>:6379]: Connection refused: getsockopt: localhost/127.0.0.1:6379
2026-04-22 17:59:22.354 WARN  [] i.l.core.protocol.ConnectionWatchdog - Cannot reconnect to [localhost/<unresolved>:6379]: Connection refused: getsockopt: localhost/127.0.0.1:6379
2026-04-22 17:59:52.452 INFO  [] i.l.core.protocol.ConnectionWatchdog - Reconnecting, last destination was localhost/<unresolved>:6379
2026-04-22 17:59:52.452 INFO  [] i.l.core.protocol.ConnectionWatchdog - Reconnecting, last destination was localhost/<unresolved>:6379
2026-04-22 17:59:52.452 WARN  [] i.l.core.protocol.ConnectionWatchdog - Cannot reconnect to [localhost/<unresolved>:6379]: Connection refused: getsockopt: localhost/127.0.0.1:6379
2026-04-22 17:59:52.452 WARN  [] i.l.core.protocol.ConnectionWatchdog - Cannot reconnect to [localhost/<unresolved>:6379]: Connection refused: getsockopt: localhost/127.0.0.1:6379
2026-04-22 18:00:00.007 DEBUG [] org.hibernate.SQL - 
    /* <criteria> */ select
        te1_0.id,
        te1_0.created_at,
        te1_0.deadline_at,
        te1_0.extended_date,
        te1_0.extended_price,
        te1_0.guest_id,
        te1_0.guide_approved_at,
        te1_0.match_request_id,
        te1_0.requested_at,
        te1_0.status,
        te1_0.updated_at 
    from
        tour_extension te1_0 
    where
        te1_0.status=? 
        and te1_0.deadline_at<?
2026-04-22 18:00:00.007 TRACE [] org.hibernate.orm.jdbc.bind - binding parameter (1:ENUM) <- [REQUESTED]
2026-04-22 18:00:00.007 TRACE [] org.hibernate.orm.jdbc.bind - binding parameter (2:TIMESTAMP) <- [2026-04-22T18:00:00.006764100]
2026-04-22 18:00:22.547 INFO  [] i.l.core.protocol.ConnectionWatchdog - Reconnecting, last destination was localhost/<unresolved>:6379
2026-04-22 18:00:22.547 INFO  [] i.l.core.protocol.ConnectionWatchdog - Reconnecting, last destination was localhost/<unresolved>:6379
2026-04-22 18:00:22.548 WARN  [] i.l.core.protocol.ConnectionWatchdog - Cannot reconnect to [localhost/<unresolved>:6379]: Connection refused: getsockopt: localhost/127.0.0.1:6379
2026-04-22 18:00:22.548 WARN  [] i.l.core.protocol.ConnectionWatchdog - Cannot reconnect to [localhost/<unresolved>:6379]: Connection refused: getsockopt: localhost/127.0.0.1:6379
2026-04-22 18:00:52.650 INFO  [] i.l.core.protocol.ConnectionWatchdog - Reconnecting, last destination was localhost/<unresolved>:6379
2026-04-22 18:00:52.650 INFO  [] i.l.core.protocol.ConnectionWatchdog - Reconnecting, last destination was localhost/<unresolved>:6379
2026-04-22 18:00:52.651 WARN  [] i.l.core.protocol.ConnectionWatchdog - Cannot reconnect to [localhost/<unresolved>:6379]: Connection refused: getsockopt: localhost/127.0.0.1:6379
2026-04-22 18:00:52.651 WARN  [] i.l.core.protocol.ConnectionWatchdog - Cannot reconnect to [localhost/<unresolved>:6379]: Connection refused: getsockopt: localhost/127.0.0.1:6379
2026-04-22 18:01:00.012 DEBUG [] org.hibernate.SQL - 
    /* <criteria> */ select
        te1_0.id,
        te1_0.created_at,
        te1_0.deadline_at,
        te1_0.extended_date,
        te1_0.extended_price,
        te1_0.guest_id,
        te1_0.guide_approved_at,
        te1_0.match_request_id,
        te1_0.requested_at,
        te1_0.status,
        te1_0.updated_at 
    from
        tour_extension te1_0 
    where
        te1_0.status=? 
        and te1_0.deadline_at<?
2026-04-22 18:01:00.012 TRACE [] org.hibernate.orm.jdbc.bind - binding parameter (1:ENUM) <- [REQUESTED]
2026-04-22 18:01:00.012 TRACE [] org.hibernate.orm.jdbc.bind - binding parameter (2:TIMESTAMP) <- [2026-04-22T18:01:00.011629200]
2026-04-22 18:01:22.761 INFO  [] i.l.core.protocol.ConnectionWatchdog - Reconnecting, last destination was localhost/<unresolved>:6379
2026-04-22 18:01:22.761 INFO  [] i.l.core.protocol.ConnectionWatchdog - Reconnecting, last destination was localhost/<unresolved>:6379
2026-04-22 18:01:22.762 WARN  [] i.l.core.protocol.ConnectionWatchdog - Cannot reconnect to [localhost/<unresolved>:6379]: Connection refused: getsockopt: localhost/127.0.0.1:6379
2026-04-22 18:01:22.762 WARN  [] i.l.core.protocol.ConnectionWatchdog - Cannot reconnect to [localhost/<unresolved>:6379]: Connection refused: getsockopt: localhost/127.0.0.1:6379
2026-04-22 18:01:52.860 INFO  [] i.l.core.protocol.ConnectionWatchdog - Reconnecting, last destination was localhost/<unresolved>:6379
2026-04-22 18:01:52.860 INFO  [] i.l.core.protocol.ConnectionWatchdog - Reconnecting, last destination was localhost/<unresolved>:6379
2026-04-22 18:01:52.861 WARN  [] i.l.core.protocol.ConnectionWatchdog - Cannot reconnect to [localhost/<unresolved>:6379]: Connection refused: getsockopt: localhost/127.0.0.1:6379
2026-04-22 18:01:52.861 WARN  [] i.l.core.protocol.ConnectionWatchdog - Cannot reconnect to [localhost/<unresolved>:6379]: Connection refused: getsockopt: localhost/127.0.0.1:6379
2026-04-22 18:02:00.005 DEBUG [] org.hibernate.SQL - 
    /* <criteria> */ select
        te1_0.id,
        te1_0.created_at,
        te1_0.deadline_at,
        te1_0.extended_date,
        te1_0.extended_price,
        te1_0.guest_id,
        te1_0.guide_approved_at,
        te1_0.match_request_id,
        te1_0.requested_at,
        te1_0.status,
        te1_0.updated_at 
    from
        tour_extension te1_0 
    where
        te1_0.status=? 
        and te1_0.deadline_at<?
2026-04-22 18:02:00.005 TRACE [] org.hibernate.orm.jdbc.bind - binding parameter (1:ENUM) <- [REQUESTED]
2026-04-22 18:02:00.005 TRACE [] org.hibernate.orm.jdbc.bind - binding parameter (2:TIMESTAMP) <- [2026-04-22T18:02:00.004922400]
2026-04-22 18:02:22.948 INFO  [] i.l.core.protocol.ConnectionWatchdog - Reconnecting, last destination was localhost/<unresolved>:6379
2026-04-22 18:02:22.948 INFO  [] i.l.core.protocol.ConnectionWatchdog - Reconnecting, last destination was localhost/<unresolved>:6379
2026-04-22 18:02:22.949 WARN  [] i.l.core.protocol.ConnectionWatchdog - Cannot reconnect to [localhost/<unresolved>:6379]: Connection refused: getsockopt: localhost/127.0.0.1:6379
2026-04-22 18:02:22.949 WARN  [] i.l.core.protocol.ConnectionWatchdog - Cannot reconnect to [localhost/<unresolved>:6379]: Connection refused: getsockopt: localhost/127.0.0.1:6379
2026-04-22 18:02:53.060 INFO  [] i.l.core.protocol.ConnectionWatchdog - Reconnecting, last destination was localhost/<unresolved>:6379
2026-04-22 18:02:53.060 INFO  [] i.l.core.protocol.ConnectionWatchdog - Reconnecting, last destination was localhost/<unresolved>:6379
2026-04-22 18:02:53.061 WARN  [] i.l.core.protocol.ConnectionWatchdog - Cannot reconnect to [localhost/<unresolved>:6379]: Connection refused: getsockopt: localhost/127.0.0.1:6379
2026-04-22 18:02:53.061 WARN  [] i.l.core.protocol.ConnectionWatchdog - Cannot reconnect to [localhost/<unresolved>:6379]: Connection refused: getsockopt: localhost/127.0.0.1:6379
2026-04-22 18:03:00.001 DEBUG [] org.hibernate.SQL - 
    /* <criteria> */ select
        te1_0.id,
        te1_0.created_at,
        te1_0.deadline_at,
        te1_0.extended_date,
        te1_0.extended_price,
        te1_0.guest_id,
        te1_0.guide_approved_at,
        te1_0.match_request_id,
        te1_0.requested_at,
        te1_0.status,
        te1_0.updated_at 
    from
        tour_extension te1_0 
    where
        te1_0.status=? 
        and te1_0.deadline_at<?
2026-04-22 18:03:00.002 TRACE [] org.hibernate.orm.jdbc.bind - binding parameter (1:ENUM) <- [REQUESTED]
2026-04-22 18:03:00.002 TRACE [] org.hibernate.orm.jdbc.bind - binding parameter (2:TIMESTAMP) <- [2026-04-22T18:03:00.001266500]
2026-04-22 18:03:23.148 INFO  [] i.l.core.protocol.ConnectionWatchdog - Reconnecting, last destination was localhost/<unresolved>:6379
2026-04-22 18:03:23.148 INFO  [] i.l.core.protocol.ConnectionWatchdog - Reconnecting, last destination was localhost/<unresolved>:6379
2026-04-22 18:03:23.149 WARN  [] i.l.core.protocol.ConnectionWatchdog - Cannot reconnect to [localhost/<unresolved>:6379]: Connection refused: getsockopt: localhost/127.0.0.1:6379
2026-04-22 18:03:23.149 WARN  [] i.l.core.protocol.ConnectionWatchdog - Cannot reconnect to [localhost/<unresolved>:6379]: Connection refused: getsockopt: localhost/127.0.0.1:6379
2026-04-22 18:03:53.254 INFO  [] i.l.core.protocol.ConnectionWatchdog - Reconnecting, last destination was localhost/<unresolved>:6379
2026-04-22 18:03:53.254 INFO  [] i.l.core.protocol.ConnectionWatchdog - Reconnecting, last destination was localhost/<unresolved>:6379
2026-04-22 18:03:53.255 WARN  [] i.l.core.protocol.ConnectionWatchdog - Cannot reconnect to [localhost/<unresolved>:6379]: Connection refused: getsockopt: localhost/127.0.0.1:6379
2026-04-22 18:03:53.255 WARN  [] i.l.core.protocol.ConnectionWatchdog - Cannot reconnect to [localhost/<unresolved>:6379]: Connection refused: getsockopt: localhost/127.0.0.1:6379
2026-04-22 18:04:00.009 DEBUG [] org.hibernate.SQL - 
    /* <criteria> */ select
        te1_0.id,
        te1_0.created_at,
        te1_0.deadline_at,
        te1_0.extended_date,
        te1_0.extended_price,
        te1_0.guest_id,
        te1_0.guide_approved_at,
        te1_0.match_request_id,
        te1_0.requested_at,
        te1_0.status,
        te1_0.updated_at 
    from
        tour_extension te1_0 
    where
        te1_0.status=? 
        and te1_0.deadline_at<?
2026-04-22 18:04:00.009 TRACE [] org.hibernate.orm.jdbc.bind - binding parameter (1:ENUM) <- [REQUESTED]
2026-04-22 18:04:00.009 TRACE [] org.hibernate.orm.jdbc.bind - binding parameter (2:TIMESTAMP) <- [2026-04-22T18:04:00.008741]
2026-04-22 18:04:23.350 INFO  [] i.l.core.protocol.ConnectionWatchdog - Reconnecting, last destination was localhost/<unresolved>:6379
2026-04-22 18:04:23.350 INFO  [] i.l.core.protocol.ConnectionWatchdog - Reconnecting, last destination was localhost/<unresolved>:6379
2026-04-22 18:04:23.351 WARN  [] i.l.core.protocol.ConnectionWatchdog - Cannot reconnect to [localhost/<unresolved>:6379]: Connection refused: getsockopt: localhost/127.0.0.1:6379
2026-04-22 18:04:23.351 WARN  [] i.l.core.protocol.ConnectionWatchdog - Cannot reconnect to [localhost/<unresolved>:6379]: Connection refused: getsockopt: localhost/127.0.0.1:6379
2026-04-22 18:04:53.459 INFO  [] i.l.core.protocol.ConnectionWatchdog - Reconnecting, last destination was localhost/<unresolved>:6379
2026-04-22 18:04:53.459 INFO  [] i.l.core.protocol.ConnectionWatchdog - Reconnecting, last destination was localhost/<unresolved>:6379
2026-04-22 18:04:53.460 WARN  [] i.l.core.protocol.ConnectionWatchdog - Cannot reconnect to [localhost/<unresolved>:6379]: Connection refused: getsockopt: localhost/127.0.0.1:6379
2026-04-22 18:04:53.460 WARN  [] i.l.core.protocol.ConnectionWatchdog - Cannot reconnect to [localhost/<unresolved>:6379]: Connection refused: getsockopt: localhost/127.0.0.1:6379
2026-04-22 18:05:00.005 DEBUG [] org.hibernate.SQL - 
    /* <criteria> */ select
        te1_0.id,
        te1_0.created_at,
        te1_0.deadline_at,
        te1_0.extended_date,
        te1_0.extended_price,
        te1_0.guest_id,
        te1_0.guide_approved_at,
        te1_0.match_request_id,
        te1_0.requested_at,
        te1_0.status,
        te1_0.updated_at 
    from
        tour_extension te1_0 
    where
        te1_0.status=? 
        and te1_0.deadline_at<?
2026-04-22 18:05:00.005 TRACE [] org.hibernate.orm.jdbc.bind - binding parameter (1:ENUM) <- [REQUESTED]
2026-04-22 18:05:00.005 TRACE [] org.hibernate.orm.jdbc.bind - binding parameter (2:TIMESTAMP) <- [2026-04-22T18:05:00.004013300]
2026-04-22 18:05:23.561 INFO  [] i.l.core.protocol.ConnectionWatchdog - Reconnecting, last destination was localhost/<unresolved>:6379
2026-04-22 18:05:23.561 INFO  [] i.l.core.protocol.ConnectionWatchdog - Reconnecting, last destination was localhost/<unresolved>:6379
2026-04-22 18:05:23.562 WARN  [] i.l.core.protocol.ConnectionWatchdog - Cannot reconnect to [localhost/<unresolved>:6379]: Connection refused: getsockopt: localhost/127.0.0.1:6379
2026-04-22 18:05:23.562 WARN  [] i.l.core.protocol.ConnectionWatchdog - Cannot reconnect to [localhost/<unresolved>:6379]: Connection refused: getsockopt: localhost/127.0.0.1:6379
2026-04-22 18:05:53.648 INFO  [] i.l.core.protocol.ConnectionWatchdog - Reconnecting, last destination was localhost/<unresolved>:6379
2026-04-22 18:05:53.648 INFO  [] i.l.core.protocol.ConnectionWatchdog - Reconnecting, last destination was localhost/<unresolved>:6379
2026-04-22 18:05:53.649 WARN  [] i.l.core.protocol.ConnectionWatchdog - Cannot reconnect to [localhost/<unresolved>:6379]: Connection refused: getsockopt: localhost/127.0.0.1:6379
2026-04-22 18:05:53.649 WARN  [] i.l.core.protocol.ConnectionWatchdog - Cannot reconnect to [localhost/<unresolved>:6379]: Connection refused: getsockopt: localhost/127.0.0.1:6379
2026-04-22 18:06:00.007 DEBUG [] org.hibernate.SQL - 
    /* <criteria> */ select
        te1_0.id,
        te1_0.created_at,
        te1_0.deadline_at,
        te1_0.extended_date,
        te1_0.extended_price,
        te1_0.guest_id,
        te1_0.guide_approved_at,
        te1_0.match_request_id,
        te1_0.requested_at,
        te1_0.status,
        te1_0.updated_at 
    from
        tour_extension te1_0 
    where
        te1_0.status=? 
        and te1_0.deadline_at<?
2026-04-22 18:06:00.007 TRACE [] org.hibernate.orm.jdbc.bind - binding parameter (1:ENUM) <- [REQUESTED]
2026-04-22 18:06:00.007 TRACE [] org.hibernate.orm.jdbc.bind - binding parameter (2:TIMESTAMP) <- [2026-04-22T18:06:00.006737700]
2026-04-22 18:06:23.758 INFO  [] i.l.core.protocol.ConnectionWatchdog - Reconnecting, last destination was localhost/<unresolved>:6379
2026-04-22 18:06:23.758 INFO  [] i.l.core.protocol.ConnectionWatchdog - Reconnecting, last destination was localhost/<unresolved>:6379
2026-04-22 18:06:23.759 WARN  [] i.l.core.protocol.ConnectionWatchdog - Cannot reconnect to [localhost/<unresolved>:6379]: Connection refused: getsockopt: localhost/127.0.0.1:6379
2026-04-22 18:06:23.759 WARN  [] i.l.core.protocol.ConnectionWatchdog - Cannot reconnect to [localhost/<unresolved>:6379]: Connection refused: getsockopt: localhost/127.0.0.1:6379
2026-04-22 18:06:53.860 INFO  [] i.l.core.protocol.ConnectionWatchdog - Reconnecting, last destination was localhost/<unresolved>:6379
2026-04-22 18:06:53.860 INFO  [] i.l.core.protocol.ConnectionWatchdog - Reconnecting, last destination was localhost/<unresolved>:6379
2026-04-22 18:06:53.860 WARN  [] i.l.core.protocol.ConnectionWatchdog - Cannot reconnect to [localhost/<unresolved>:6379]: Connection refused: getsockopt: localhost/127.0.0.1:6379
2026-04-22 18:06:53.860 WARN  [] i.l.core.protocol.ConnectionWatchdog - Cannot reconnect to [localhost/<unresolved>:6379]: Connection refused: getsockopt: localhost/127.0.0.1:6379
2026-04-22 18:07:00.005 DEBUG [] org.hibernate.SQL - 
    /* <criteria> */ select
        te1_0.id,
        te1_0.created_at,
        te1_0.deadline_at,
        te1_0.extended_date,
        te1_0.extended_price,
        te1_0.guest_id,
        te1_0.guide_approved_at,
        te1_0.match_request_id,
        te1_0.requested_at,
        te1_0.status,
        te1_0.updated_at 
    from
        tour_extension te1_0 
    where
        te1_0.status=? 
        and te1_0.deadline_at<?
2026-04-22 18:07:00.005 TRACE [] org.hibernate.orm.jdbc.bind - binding parameter (1:ENUM) <- [REQUESTED]
2026-04-22 18:07:00.005 TRACE [] org.hibernate.orm.jdbc.bind - binding parameter (2:TIMESTAMP) <- [2026-04-22T18:07:00.003313]
2026-04-22 18:07:23.953 INFO  [] i.l.core.protocol.ConnectionWatchdog - Reconnecting, last destination was localhost/<unresolved>:6379
2026-04-22 18:07:23.953 INFO  [] i.l.core.protocol.ConnectionWatchdog - Reconnecting, last destination was localhost/<unresolved>:6379
2026-04-22 18:07:23.954 WARN  [] i.l.core.protocol.ConnectionWatchdog - Cannot reconnect to [localhost/<unresolved>:6379]: Connection refused: getsockopt: localhost/127.0.0.1:6379
2026-04-22 18:07:23.954 WARN  [] i.l.core.protocol.ConnectionWatchdog - Cannot reconnect to [localhost/<unresolved>:6379]: Connection refused: getsockopt: localhost/127.0.0.1:6379
2026-04-22 18:07:54.055 INFO  [] i.l.core.protocol.ConnectionWatchdog - Reconnecting, last destination was localhost/<unresolved>:6379
2026-04-22 18:07:54.055 INFO  [] i.l.core.protocol.ConnectionWatchdog - Reconnecting, last destination was localhost/<unresolved>:6379
2026-04-22 18:07:54.056 WARN  [] i.l.core.protocol.ConnectionWatchdog - Cannot reconnect to [localhost/<unresolved>:6379]: Connection refused: getsockopt: localhost/127.0.0.1:6379
2026-04-22 18:07:54.056 WARN  [] i.l.core.protocol.ConnectionWatchdog - Cannot reconnect to [localhost/<unresolved>:6379]: Connection refused: getsockopt: localhost/127.0.0.1:6379
2026-04-22 18:08:00.013 DEBUG [] org.hibernate.SQL - 
    /* <criteria> */ select
        te1_0.id,
        te1_0.created_at,
        te1_0.deadline_at,
        te1_0.extended_date,
        te1_0.extended_price,
        te1_0.guest_id,
        te1_0.guide_approved_at,
        te1_0.match_request_id,
        te1_0.requested_at,
        te1_0.status,
        te1_0.updated_at 
    from
        tour_extension te1_0 
    where
        te1_0.status=? 
        and te1_0.deadline_at<?
2026-04-22 18:08:00.014 TRACE [] org.hibernate.orm.jdbc.bind - binding parameter (1:ENUM) <- [REQUESTED]
2026-04-22 18:08:00.014 TRACE [] org.hibernate.orm.jdbc.bind - binding parameter (2:TIMESTAMP) <- [2026-04-22T18:08:00.012756900]
2026-04-22 18:08:24.159 INFO  [] i.l.core.protocol.ConnectionWatchdog - Reconnecting, last destination was localhost/<unresolved>:6379
2026-04-22 18:08:24.159 INFO  [] i.l.core.protocol.ConnectionWatchdog - Reconnecting, last destination was localhost/<unresolved>:6379
2026-04-22 18:08:24.160 WARN  [] i.l.core.protocol.ConnectionWatchdog - Cannot reconnect to [localhost/<unresolved>:6379]: Connection refused: getsockopt: localhost/127.0.0.1:6379
2026-04-22 18:08:24.160 WARN  [] i.l.core.protocol.ConnectionWatchdog - Cannot reconnect to [localhost/<unresolved>:6379]: Connection refused: getsockopt: localhost/127.0.0.1:6379
2026-04-22 18:08:54.257 INFO  [] i.l.core.protocol.ConnectionWatchdog - Reconnecting, last destination was localhost/<unresolved>:6379
2026-04-22 18:08:54.257 INFO  [] i.l.core.protocol.ConnectionWatchdog - Reconnecting, last destination was localhost/<unresolved>:6379
2026-04-22 18:08:54.258 WARN  [] i.l.core.protocol.ConnectionWatchdog - Cannot reconnect to [localhost/<unresolved>:6379]: Connection refused: getsockopt: localhost/127.0.0.1:6379
2026-04-22 18:08:54.258 WARN  [] i.l.core.protocol.ConnectionWatchdog - Cannot reconnect to [localhost/<unresolved>:6379]: Connection refused: getsockopt: localhost/127.0.0.1:6379
2026-04-22 18:09:00.002 DEBUG [] org.hibernate.SQL - 
    /* <criteria> */ select
        te1_0.id,
        te1_0.created_at,
        te1_0.deadline_at,
        te1_0.extended_date,
        te1_0.extended_price,
        te1_0.guest_id,
        te1_0.guide_approved_at,
        te1_0.match_request_id,
        te1_0.requested_at,
        te1_0.status,
        te1_0.updated_at 
    from
        tour_extension te1_0 
    where
        te1_0.status=? 
        and te1_0.deadline_at<?
2026-04-22 18:09:00.002 TRACE [] org.hibernate.orm.jdbc.bind - binding parameter (1:ENUM) <- [REQUESTED]
2026-04-22 18:09:00.004 TRACE [] org.hibernate.orm.jdbc.bind - binding parameter (2:TIMESTAMP) <- [2026-04-22T18:09:00.002928900]
2026-04-22 18:09:24.351 INFO  [] i.l.core.protocol.ConnectionWatchdog - Reconnecting, last destination was localhost/<unresolved>:6379
2026-04-22 18:09:24.351 INFO  [] i.l.core.protocol.ConnectionWatchdog - Reconnecting, last destination was localhost/<unresolved>:6379
2026-04-22 18:09:24.351 WARN  [] i.l.core.protocol.ConnectionWatchdog - Cannot reconnect to [localhost/<unresolved>:6379]: Connection refused: getsockopt: localhost/127.0.0.1:6379
2026-04-22 18:09:24.351 WARN  [] i.l.core.protocol.ConnectionWatchdog - Cannot reconnect to [localhost/<unresolved>:6379]: Connection refused: getsockopt: localhost/127.0.0.1:6379
2026-04-22 18:09:54.457 INFO  [] i.l.core.protocol.ConnectionWatchdog - Reconnecting, last destination was localhost/<unresolved>:6379
2026-04-22 18:09:54.457 INFO  [] i.l.core.protocol.ConnectionWatchdog - Reconnecting, last destination was localhost/<unresolved>:6379
2026-04-22 18:09:54.457 WARN  [] i.l.core.protocol.ConnectionWatchdog - Cannot reconnect to [localhost/<unresolved>:6379]: Connection refused: getsockopt: localhost/127.0.0.1:6379
2026-04-22 18:09:54.457 WARN  [] i.l.core.protocol.ConnectionWatchdog - Cannot reconnect to [localhost/<unresolved>:6379]: Connection refused: getsockopt: localhost/127.0.0.1:6379
2026-04-22 18:10:00.016 DEBUG [] org.hibernate.SQL - 
    /* <criteria> */ select
        te1_0.id,
        te1_0.created_at,
        te1_0.deadline_at,
        te1_0.extended_date,
        te1_0.extended_price,
        te1_0.guest_id,
        te1_0.guide_approved_at,
        te1_0.match_request_id,
        te1_0.requested_at,
        te1_0.status,
        te1_0.updated_at 
    from
        tour_extension te1_0 
    where
        te1_0.status=? 
        and te1_0.deadline_at<?
2026-04-22 18:10:00.017 TRACE [] org.hibernate.orm.jdbc.bind - binding parameter (1:ENUM) <- [REQUESTED]
2026-04-22 18:10:00.017 TRACE [] org.hibernate.orm.jdbc.bind - binding parameter (2:TIMESTAMP) <- [2026-04-22T18:10:00.015766100]
2026-04-22 18:10:24.552 INFO  [] i.l.core.protocol.ConnectionWatchdog - Reconnecting, last destination was localhost/<unresolved>:6379
2026-04-22 18:10:24.552 INFO  [] i.l.core.protocol.ConnectionWatchdog - Reconnecting, last destination was localhost/<unresolved>:6379
2026-04-22 18:10:24.553 WARN  [] i.l.core.protocol.ConnectionWatchdog - Cannot reconnect to [localhost/<unresolved>:6379]: Connection refused: getsockopt: localhost/127.0.0.1:6379
2026-04-22 18:10:24.553 WARN  [] i.l.core.protocol.ConnectionWatchdog - Cannot reconnect to [localhost/<unresolved>:6379]: Connection refused: getsockopt: localhost/127.0.0.1:6379
2026-04-22 18:10:54.655 INFO  [] i.l.core.protocol.ConnectionWatchdog - Reconnecting, last destination was localhost/<unresolved>:6379
2026-04-22 18:10:54.655 INFO  [] i.l.core.protocol.ConnectionWatchdog - Reconnecting, last destination was localhost/<unresolved>:6379
2026-04-22 18:10:54.656 WARN  [] i.l.core.protocol.ConnectionWatchdog - Cannot reconnect to [localhost/<unresolved>:6379]: Connection refused: getsockopt: localhost/127.0.0.1:6379
2026-04-22 18:10:54.656 WARN  [] i.l.core.protocol.ConnectionWatchdog - Cannot reconnect to [localhost/<unresolved>:6379]: Connection refused: getsockopt: localhost/127.0.0.1:6379
2026-04-22 18:11:00.014 DEBUG [] org.hibernate.SQL - 
    /* <criteria> */ select
        te1_0.id,
        te1_0.created_at,
        te1_0.deadline_at,
        te1_0.extended_date,
        te1_0.extended_price,
        te1_0.guest_id,
        te1_0.guide_approved_at,
        te1_0.match_request_id,
        te1_0.requested_at,
        te1_0.status,
        te1_0.updated_at 
    from
        tour_extension te1_0 
    where
        te1_0.status=? 
        and te1_0.deadline_at<?
2026-04-22 18:11:00.014 TRACE [] org.hibernate.orm.jdbc.bind - binding parameter (1:ENUM) <- [REQUESTED]
2026-04-22 18:11:00.014 TRACE [] org.hibernate.orm.jdbc.bind - binding parameter (2:TIMESTAMP) <- [2026-04-22T18:11:00.013830200]
2026-04-22 18:11:12.907 INFO  [] o.s.w.s.c.WebSocketMessageBrokerStats - WebSocketSession[0 current WS(0)-HttpStream(0)-HttpPoll(0), 0 total, 0 closed abnormally (0 connect failure, 0 send limit, 0 transport error)], stompSubProtocol[processed CONNECT(0)-CONNECTED(0)-DISCONNECT(0)], stompBrokerRelay[null], inboundChannel[pool size = 0, active threads = 0, queued tasks = 0, completed tasks = 0], outboundChannel[pool size = 0, active threads = 0, queued tasks = 0, completed tasks = 0], sockJsScheduler[pool size = 12, active threads = 1, queued tasks = 2, completed tasks = 63]
2026-04-22 18:11:24.753 INFO  [] i.l.core.protocol.ConnectionWatchdog - Reconnecting, last destination was localhost/<unresolved>:6379
2026-04-22 18:11:24.753 INFO  [] i.l.core.protocol.ConnectionWatchdog - Reconnecting, last destination was localhost/<unresolved>:6379
2026-04-22 18:11:24.753 WARN  [] i.l.core.protocol.ConnectionWatchdog - Cannot reconnect to [localhost/<unresolved>:6379]: Connection refused: getsockopt: localhost/127.0.0.1:6379
2026-04-22 18:11:24.753 WARN  [] i.l.core.protocol.ConnectionWatchdog - Cannot reconnect to [localhost/<unresolved>:6379]: Connection refused: getsockopt: localhost/127.0.0.1:6379
2026-04-22 18:11:54.862 INFO  [] i.l.core.protocol.ConnectionWatchdog - Reconnecting, last destination was localhost/<unresolved>:6379
2026-04-22 18:11:54.862 INFO  [] i.l.core.protocol.ConnectionWatchdog - Reconnecting, last destination was localhost/<unresolved>:6379
2026-04-22 18:11:54.862 WARN  [] i.l.core.protocol.ConnectionWatchdog - Cannot reconnect to [localhost/<unresolved>:6379]: Connection refused: getsockopt: localhost/127.0.0.1:6379
2026-04-22 18:11:54.862 WARN  [] i.l.core.protocol.ConnectionWatchdog - Cannot reconnect to [localhost/<unresolved>:6379]: Connection refused: getsockopt: localhost/127.0.0.1:6379
2026-04-22 18:12:00.013 DEBUG [] org.hibernate.SQL - 
    /* <criteria> */ select
        te1_0.id,
        te1_0.created_at,
        te1_0.deadline_at,
        te1_0.extended_date,
        te1_0.extended_price,
        te1_0.guest_id,
        te1_0.guide_approved_at,
        te1_0.match_request_id,
        te1_0.requested_at,
        te1_0.status,
        te1_0.updated_at 
    from
        tour_extension te1_0 
    where
        te1_0.status=? 
        and te1_0.deadline_at<?
2026-04-22 18:12:00.014 TRACE [] org.hibernate.orm.jdbc.bind - binding parameter (1:ENUM) <- [REQUESTED]
2026-04-22 18:12:00.014 TRACE [] org.hibernate.orm.jdbc.bind - binding parameter (2:TIMESTAMP) <- [2026-04-22T18:12:00.012360]
2026-04-22 18:12:24.948 INFO  [] i.l.core.protocol.ConnectionWatchdog - Reconnecting, last destination was localhost/<unresolved>:6379
2026-04-22 18:12:24.948 INFO  [] i.l.core.protocol.ConnectionWatchdog - Reconnecting, last destination was localhost/<unresolved>:6379
2026-04-22 18:12:24.948 WARN  [] i.l.core.protocol.ConnectionWatchdog - Cannot reconnect to [localhost/<unresolved>:6379]: Connection refused: getsockopt: localhost/127.0.0.1:6379
2026-04-22 18:12:24.948 WARN  [] i.l.core.protocol.ConnectionWatchdog - Cannot reconnect to [localhost/<unresolved>:6379]: Connection refused: getsockopt: localhost/127.0.0.1:6379
2026-04-22 18:12:55.053 INFO  [] i.l.core.protocol.ConnectionWatchdog - Reconnecting, last destination was localhost/<unresolved>:6379
2026-04-22 18:12:55.053 INFO  [] i.l.core.protocol.ConnectionWatchdog - Reconnecting, last destination was localhost/<unresolved>:6379
2026-04-22 18:12:55.054 WARN  [] i.l.core.protocol.ConnectionWatchdog - Cannot reconnect to [localhost/<unresolved>:6379]: Connection refused: getsockopt: localhost/127.0.0.1:6379
2026-04-22 18:12:55.054 WARN  [] i.l.core.protocol.ConnectionWatchdog - Cannot reconnect to [localhost/<unresolved>:6379]: Connection refused: getsockopt: localhost/127.0.0.1:6379
2026-04-22 18:13:00.009 DEBUG [] org.hibernate.SQL - 
    /* <criteria> */ select
        te1_0.id,
        te1_0.created_at,
        te1_0.deadline_at,
        te1_0.extended_date,
        te1_0.extended_price,
        te1_0.guest_id,
        te1_0.guide_approved_at,
        te1_0.match_request_id,
        te1_0.requested_at,
        te1_0.status,
        te1_0.updated_at 
    from
        tour_extension te1_0 
    where
        te1_0.status=? 
        and te1_0.deadline_at<?
2026-04-22 18:13:00.009 TRACE [] org.hibernate.orm.jdbc.bind - binding parameter (1:ENUM) <- [REQUESTED]
2026-04-22 18:13:00.009 TRACE [] org.hibernate.orm.jdbc.bind - binding parameter (2:TIMESTAMP) <- [2026-04-22T18:13:00.008075700]
2026-04-22 18:13:25.148 INFO  [] i.l.core.protocol.ConnectionWatchdog - Reconnecting, last destination was localhost/<unresolved>:6379
2026-04-22 18:13:25.148 INFO  [] i.l.core.protocol.ConnectionWatchdog - Reconnecting, last destination was localhost/<unresolved>:6379
2026-04-22 18:13:25.149 WARN  [] i.l.core.protocol.ConnectionWatchdog - Cannot reconnect to [localhost/<unresolved>:6379]: Connection refused: getsockopt: localhost/127.0.0.1:6379
2026-04-22 18:13:25.149 WARN  [] i.l.core.protocol.ConnectionWatchdog - Cannot reconnect to [localhost/<unresolved>:6379]: Connection refused: getsockopt: localhost/127.0.0.1:6379
2026-04-22 18:13:55.255 INFO  [] i.l.core.protocol.ConnectionWatchdog - Reconnecting, last destination was localhost/<unresolved>:6379
2026-04-22 18:13:55.255 INFO  [] i.l.core.protocol.ConnectionWatchdog - Reconnecting, last destination was localhost/<unresolved>:6379
2026-04-22 18:13:55.256 WARN  [] i.l.core.protocol.ConnectionWatchdog - Cannot reconnect to [localhost/<unresolved>:6379]: Connection refused: getsockopt: localhost/127.0.0.1:6379
2026-04-22 18:13:55.256 WARN  [] i.l.core.protocol.ConnectionWatchdog - Cannot reconnect to [localhost/<unresolved>:6379]: Connection refused: getsockopt: localhost/127.0.0.1:6379
2026-04-22 18:14:00.004 DEBUG [] org.hibernate.SQL - 
    /* <criteria> */ select
        te1_0.id,
        te1_0.created_at,
        te1_0.deadline_at,
        te1_0.extended_date,
        te1_0.extended_price,
        te1_0.guest_id,
        te1_0.guide_approved_at,
        te1_0.match_request_id,
        te1_0.requested_at,
        te1_0.status,
        te1_0.updated_at 
    from
        tour_extension te1_0 
    where
        te1_0.status=? 
        and te1_0.deadline_at<?
2026-04-22 18:14:00.004 TRACE [] org.hibernate.orm.jdbc.bind - binding parameter (1:ENUM) <- [REQUESTED]
2026-04-22 18:14:00.004 TRACE [] org.hibernate.orm.jdbc.bind - binding parameter (2:TIMESTAMP) <- [2026-04-22T18:14:00.003910100]
2026-04-22 18:14:25.348 INFO  [] i.l.core.protocol.ConnectionWatchdog - Reconnecting, last destination was localhost/<unresolved>:6379
2026-04-22 18:14:25.348 INFO  [] i.l.core.protocol.ConnectionWatchdog - Reconnecting, last destination was localhost/<unresolved>:6379
2026-04-22 18:14:25.349 WARN  [] i.l.core.protocol.ConnectionWatchdog - Cannot reconnect to [localhost/<unresolved>:6379]: Connection refused: getsockopt: localhost/127.0.0.1:6379
2026-04-22 18:14:25.349 WARN  [] i.l.core.protocol.ConnectionWatchdog - Cannot reconnect to [localhost/<unresolved>:6379]: Connection refused: getsockopt: localhost/127.0.0.1:6379
2026-04-22 18:14:55.457 INFO  [] i.l.core.protocol.ConnectionWatchdog - Reconnecting, last destination was localhost/<unresolved>:6379
2026-04-22 18:14:55.457 INFO  [] i.l.core.protocol.ConnectionWatchdog - Reconnecting, last destination was localhost/<unresolved>:6379
2026-04-22 18:14:55.457 WARN  [] i.l.core.protocol.ConnectionWatchdog - Cannot reconnect to [localhost/<unresolved>:6379]: Connection refused: getsockopt: localhost/127.0.0.1:6379
2026-04-22 18:14:55.457 WARN  [] i.l.core.protocol.ConnectionWatchdog - Cannot reconnect to [localhost/<unresolved>:6379]: Connection refused: getsockopt: localhost/127.0.0.1:6379
2026-04-22 18:15:00.007 DEBUG [] org.hibernate.SQL - 
    /* <criteria> */ select
        te1_0.id,
        te1_0.created_at,
        te1_0.deadline_at,
        te1_0.extended_date,
        te1_0.extended_price,
        te1_0.guest_id,
        te1_0.guide_approved_at,
        te1_0.match_request_id,
        te1_0.requested_at,
        te1_0.status,
        te1_0.updated_at 
    from
        tour_extension te1_0 
    where
        te1_0.status=? 
        and te1_0.deadline_at<?
2026-04-22 18:15:00.007 TRACE [] org.hibernate.orm.jdbc.bind - binding parameter (1:ENUM) <- [REQUESTED]
2026-04-22 18:15:00.007 TRACE [] org.hibernate.orm.jdbc.bind - binding parameter (2:TIMESTAMP) <- [2026-04-22T18:15:00.005504200]
2026-04-22 18:15:25.554 INFO  [] i.l.core.protocol.ConnectionWatchdog - Reconnecting, last destination was localhost/<unresolved>:6379
2026-04-22 18:15:25.554 INFO  [] i.l.core.protocol.ConnectionWatchdog - Reconnecting, last destination was localhost/<unresolved>:6379
2026-04-22 18:15:25.554 WARN  [] i.l.core.protocol.ConnectionWatchdog - Cannot reconnect to [localhost/<unresolved>:6379]: Connection refused: getsockopt: localhost/127.0.0.1:6379
2026-04-22 18:15:25.554 WARN  [] i.l.core.protocol.ConnectionWatchdog - Cannot reconnect to [localhost/<unresolved>:6379]: Connection refused: getsockopt: localhost/127.0.0.1:6379
2026-04-22 18:15:55.651 INFO  [] i.l.core.protocol.ConnectionWatchdog - Reconnecting, last destination was localhost/<unresolved>:6379
2026-04-22 18:15:55.651 INFO  [] i.l.core.protocol.ConnectionWatchdog - Reconnecting, last destination was localhost/<unresolved>:6379
2026-04-22 18:15:55.653 WARN  [] i.l.core.protocol.ConnectionWatchdog - Cannot reconnect to [localhost/<unresolved>:6379]: Connection refused: getsockopt: localhost/127.0.0.1:6379
2026-04-22 18:15:55.653 WARN  [] i.l.core.protocol.ConnectionWatchdog - Cannot reconnect to [localhost/<unresolved>:6379]: Connection refused: getsockopt: localhost/127.0.0.1:6379
2026-04-22 18:16:00.011 DEBUG [] org.hibernate.SQL - 
    /* <criteria> */ select
        te1_0.id,
        te1_0.created_at,
        te1_0.deadline_at,
        te1_0.extended_date,
        te1_0.extended_price,
        te1_0.guest_id,
        te1_0.guide_approved_at,
        te1_0.match_request_id,
        te1_0.requested_at,
        te1_0.status,
        te1_0.updated_at 
    from
        tour_extension te1_0 
    where
        te1_0.status=? 
        and te1_0.deadline_at<?
2026-04-22 18:16:00.013 TRACE [] org.hibernate.orm.jdbc.bind - binding parameter (1:ENUM) <- [REQUESTED]
2026-04-22 18:16:00.013 TRACE [] org.hibernate.orm.jdbc.bind - binding parameter (2:TIMESTAMP) <- [2026-04-22T18:16:00.011745100]
2026-04-22 18:16:25.759 INFO  [] i.l.core.protocol.ConnectionWatchdog - Reconnecting, last destination was localhost/<unresolved>:6379
2026-04-22 18:16:25.759 INFO  [] i.l.core.protocol.ConnectionWatchdog - Reconnecting, last destination was localhost/<unresolved>:6379
2026-04-22 18:16:25.760 WARN  [] i.l.core.protocol.ConnectionWatchdog - Cannot reconnect to [localhost/<unresolved>:6379]: Connection refused: getsockopt: localhost/127.0.0.1:6379
2026-04-22 18:16:25.760 WARN  [] i.l.core.protocol.ConnectionWatchdog - Cannot reconnect to [localhost/<unresolved>:6379]: Connection refused: getsockopt: localhost/127.0.0.1:6379
2026-04-22 18:16:55.849 INFO  [] i.l.core.protocol.ConnectionWatchdog - Reconnecting, last destination was localhost/<unresolved>:6379
2026-04-22 18:16:55.849 INFO  [] i.l.core.protocol.ConnectionWatchdog - Reconnecting, last destination was localhost/<unresolved>:6379
2026-04-22 18:16:55.850 WARN  [] i.l.core.protocol.ConnectionWatchdog - Cannot reconnect to [localhost/<unresolved>:6379]: Connection refused: getsockopt: localhost/127.0.0.1:6379
2026-04-22 18:16:55.850 WARN  [] i.l.core.protocol.ConnectionWatchdog - Cannot reconnect to [localhost/<unresolved>:6379]: Connection refused: getsockopt: localhost/127.0.0.1:6379
2026-04-22 18:17:00.002 DEBUG [] org.hibernate.SQL - 
    /* <criteria> */ select
        te1_0.id,
        te1_0.created_at,
        te1_0.deadline_at,
        te1_0.extended_date,
        te1_0.extended_price,
        te1_0.guest_id,
        te1_0.guide_approved_at,
        te1_0.match_request_id,
        te1_0.requested_at,
        te1_0.status,
        te1_0.updated_at 
    from
        tour_extension te1_0 
    where
        te1_0.status=? 
        and te1_0.deadline_at<?
2026-04-22 18:17:00.002 TRACE [] org.hibernate.orm.jdbc.bind - binding parameter (1:ENUM) <- [REQUESTED]
2026-04-22 18:17:00.002 TRACE [] org.hibernate.orm.jdbc.bind - binding parameter (2:TIMESTAMP) <- [2026-04-22T18:17:00.001336300]
2026-04-22 18:17:25.948 INFO  [] i.l.core.protocol.ConnectionWatchdog - Reconnecting, last destination was localhost/<unresolved>:6379
2026-04-22 18:17:25.948 INFO  [] i.l.core.protocol.ConnectionWatchdog - Reconnecting, last destination was localhost/<unresolved>:6379
2026-04-22 18:17:25.949 WARN  [] i.l.core.protocol.ConnectionWatchdog - Cannot reconnect to [localhost/<unresolved>:6379]: Connection refused: getsockopt: localhost/127.0.0.1:6379
2026-04-22 18:17:25.949 WARN  [] i.l.core.protocol.ConnectionWatchdog - Cannot reconnect to [localhost/<unresolved>:6379]: Connection refused: getsockopt: localhost/127.0.0.1:6379
2026-04-22 18:17:56.050 INFO  [] i.l.core.protocol.ConnectionWatchdog - Reconnecting, last destination was localhost/<unresolved>:6379
2026-04-22 18:17:56.050 INFO  [] i.l.core.protocol.ConnectionWatchdog - Reconnecting, last destination was localhost/<unresolved>:6379
2026-04-22 18:17:56.050 WARN  [] i.l.core.protocol.ConnectionWatchdog - Cannot reconnect to [localhost/<unresolved>:6379]: Connection refused: getsockopt: localhost/127.0.0.1:6379
2026-04-22 18:17:56.050 WARN  [] i.l.core.protocol.ConnectionWatchdog - Cannot reconnect to [localhost/<unresolved>:6379]: Connection refused: getsockopt: localhost/127.0.0.1:6379
2026-04-22 18:18:00.018 DEBUG [] org.hibernate.SQL - 
    /* <criteria> */ select
        te1_0.id,
        te1_0.created_at,
        te1_0.deadline_at,
        te1_0.extended_date,
        te1_0.extended_price,
        te1_0.guest_id,
        te1_0.guide_approved_at,
        te1_0.match_request_id,
        te1_0.requested_at,
        te1_0.status,
        te1_0.updated_at 
    from
        tour_extension te1_0 
    where
        te1_0.status=? 
        and te1_0.deadline_at<?
2026-04-22 18:18:00.018 TRACE [] org.hibernate.orm.jdbc.bind - binding parameter (1:ENUM) <- [REQUESTED]
2026-04-22 18:18:00.018 TRACE [] org.hibernate.orm.jdbc.bind - binding parameter (2:TIMESTAMP) <- [2026-04-22T18:18:00.017042700]
2026-04-22 18:18:26.149 INFO  [] i.l.core.protocol.ConnectionWatchdog - Reconnecting, last destination was localhost/<unresolved>:6379
2026-04-22 18:18:26.149 INFO  [] i.l.core.protocol.ConnectionWatchdog - Reconnecting, last destination was localhost/<unresolved>:6379
2026-04-22 18:18:26.150 WARN  [] i.l.core.protocol.ConnectionWatchdog - Cannot reconnect to [localhost/<unresolved>:6379]: Connection refused: getsockopt: localhost/127.0.0.1:6379
2026-04-22 18:18:26.150 WARN  [] i.l.core.protocol.ConnectionWatchdog - Cannot reconnect to [localhost/<unresolved>:6379]: Connection refused: getsockopt: localhost/127.0.0.1:6379
2026-04-22 18:18:56.262 INFO  [] i.l.core.protocol.ConnectionWatchdog - Reconnecting, last destination was localhost/<unresolved>:6379
2026-04-22 18:18:56.262 INFO  [] i.l.core.protocol.ConnectionWatchdog - Reconnecting, last destination was localhost/<unresolved>:6379
2026-04-22 18:18:56.262 WARN  [] i.l.core.protocol.ConnectionWatchdog - Cannot reconnect to [localhost/<unresolved>:6379]: Connection refused: getsockopt: localhost/127.0.0.1:6379
2026-04-22 18:18:56.262 WARN  [] i.l.core.protocol.ConnectionWatchdog - Cannot reconnect to [localhost/<unresolved>:6379]: Connection refused: getsockopt: localhost/127.0.0.1:6379
2026-04-22 18:19:00.014 DEBUG [] org.hibernate.SQL - 
    /* <criteria> */ select
        te1_0.id,
        te1_0.created_at,
        te1_0.deadline_at,
        te1_0.extended_date,
        te1_0.extended_price,
        te1_0.guest_id,
        te1_0.guide_approved_at,
        te1_0.match_request_id,
        te1_0.requested_at,
        te1_0.status,
        te1_0.updated_at 
    from
        tour_extension te1_0 
    where
        te1_0.status=? 
        and te1_0.deadline_at<?
2026-04-22 18:19:00.014 TRACE [] org.hibernate.orm.jdbc.bind - binding parameter (1:ENUM) <- [REQUESTED]
2026-04-22 18:19:00.014 TRACE [] org.hibernate.orm.jdbc.bind - binding parameter (2:TIMESTAMP) <- [2026-04-22T18:19:00.012597300]
2026-04-22 18:19:26.359 INFO  [] i.l.core.protocol.ConnectionWatchdog - Reconnecting, last destination was localhost/<unresolved>:6379
2026-04-22 18:19:26.359 INFO  [] i.l.core.protocol.ConnectionWatchdog - Reconnecting, last destination was localhost/<unresolved>:6379
2026-04-22 18:19:26.360 WARN  [] i.l.core.protocol.ConnectionWatchdog - Cannot reconnect to [localhost/<unresolved>:6379]: Connection refused: getsockopt: localhost/127.0.0.1:6379
2026-04-22 18:19:26.360 WARN  [] i.l.core.protocol.ConnectionWatchdog - Cannot reconnect to [localhost/<unresolved>:6379]: Connection refused: getsockopt: localhost/127.0.0.1:6379
2026-04-22 18:19:56.449 INFO  [] i.l.core.protocol.ConnectionWatchdog - Reconnecting, last destination was localhost/<unresolved>:6379
2026-04-22 18:19:56.449 INFO  [] i.l.core.protocol.ConnectionWatchdog - Reconnecting, last destination was localhost/<unresolved>:6379
2026-04-22 18:19:56.449 WARN  [] i.l.core.protocol.ConnectionWatchdog - Cannot reconnect to [localhost/<unresolved>:6379]: Connection refused: getsockopt: localhost/127.0.0.1:6379
2026-04-22 18:19:56.449 WARN  [] i.l.core.protocol.ConnectionWatchdog - Cannot reconnect to [localhost/<unresolved>:6379]: Connection refused: getsockopt: localhost/127.0.0.1:6379
2026-04-22 18:20:00.007 DEBUG [] org.hibernate.SQL - 
    /* <criteria> */ select
        te1_0.id,
        te1_0.created_at,
        te1_0.deadline_at,
        te1_0.extended_date,
        te1_0.extended_price,
        te1_0.guest_id,
        te1_0.guide_approved_at,
        te1_0.match_request_id,
        te1_0.requested_at,
        te1_0.status,
        te1_0.updated_at 
    from
        tour_extension te1_0 
    where
        te1_0.status=? 
        and te1_0.deadline_at<?
2026-04-22 18:20:00.007 TRACE [] org.hibernate.orm.jdbc.bind - binding parameter (1:ENUM) <- [REQUESTED]
2026-04-22 18:20:00.007 TRACE [] org.hibernate.orm.jdbc.bind - binding parameter (2:TIMESTAMP) <- [2026-04-22T18:20:00.005008]
2026-04-22 18:20:26.552 INFO  [] i.l.core.protocol.ConnectionWatchdog - Reconnecting, last destination was localhost/<unresolved>:6379
2026-04-22 18:20:26.552 INFO  [] i.l.core.protocol.ConnectionWatchdog - Reconnecting, last destination was localhost/<unresolved>:6379
2026-04-22 18:20:26.553 WARN  [] i.l.core.protocol.ConnectionWatchdog - Cannot reconnect to [localhost/<unresolved>:6379]: Connection refused: getsockopt: localhost/127.0.0.1:6379
2026-04-22 18:20:26.553 WARN  [] i.l.core.protocol.ConnectionWatchdog - Cannot reconnect to [localhost/<unresolved>:6379]: Connection refused: getsockopt: localhost/127.0.0.1:6379
2026-04-22 18:20:56.649 INFO  [] i.l.core.protocol.ConnectionWatchdog - Reconnecting, last destination was localhost/<unresolved>:6379
2026-04-22 18:20:56.649 INFO  [] i.l.core.protocol.ConnectionWatchdog - Reconnecting, last destination was localhost/<unresolved>:6379
2026-04-22 18:20:56.650 WARN  [] i.l.core.protocol.ConnectionWatchdog - Cannot reconnect to [localhost/<unresolved>:6379]: Connection refused: getsockopt: localhost/127.0.0.1:6379
2026-04-22 18:20:56.650 WARN  [] i.l.core.protocol.ConnectionWatchdog - Cannot reconnect to [localhost/<unresolved>:6379]: Connection refused: getsockopt: localhost/127.0.0.1:6379
2026-04-22 18:21:00.007 DEBUG [] org.hibernate.SQL - 
    /* <criteria> */ select
        te1_0.id,
        te1_0.created_at,
        te1_0.deadline_at,
        te1_0.extended_date,
        te1_0.extended_price,
        te1_0.guest_id,
        te1_0.guide_approved_at,
        te1_0.match_request_id,
        te1_0.requested_at,
        te1_0.status,
        te1_0.updated_at 
    from
        tour_extension te1_0 
    where
        te1_0.status=? 
        and te1_0.deadline_at<?
2026-04-22 18:21:00.008 TRACE [] org.hibernate.orm.jdbc.bind - binding parameter (1:ENUM) <- [REQUESTED]
2026-04-22 18:21:00.008 TRACE [] org.hibernate.orm.jdbc.bind - binding parameter (2:TIMESTAMP) <- [2026-04-22T18:21:00.006214500]
2026-04-22 18:21:26.754 INFO  [] i.l.core.protocol.ConnectionWatchdog - Reconnecting, last destination was localhost/<unresolved>:6379
2026-04-22 18:21:26.754 INFO  [] i.l.core.protocol.ConnectionWatchdog - Reconnecting, last destination was localhost/<unresolved>:6379
2026-04-22 18:21:26.754 WARN  [] i.l.core.protocol.ConnectionWatchdog - Cannot reconnect to [localhost/<unresolved>:6379]: Connection refused: getsockopt: localhost/127.0.0.1:6379
2026-04-22 18:21:26.754 WARN  [] i.l.core.protocol.ConnectionWatchdog - Cannot reconnect to [localhost/<unresolved>:6379]: Connection refused: getsockopt: localhost/127.0.0.1:6379
2026-04-22 18:21:56.858 INFO  [] i.l.core.protocol.ConnectionWatchdog - Reconnecting, last destination was localhost/<unresolved>:6379
2026-04-22 18:21:56.858 INFO  [] i.l.core.protocol.ConnectionWatchdog - Reconnecting, last destination was localhost/<unresolved>:6379
2026-04-22 18:21:56.858 WARN  [] i.l.core.protocol.ConnectionWatchdog - Cannot reconnect to [localhost/<unresolved>:6379]: Connection refused: getsockopt: localhost/127.0.0.1:6379
2026-04-22 18:21:56.858 WARN  [] i.l.core.protocol.ConnectionWatchdog - Cannot reconnect to [localhost/<unresolved>:6379]: Connection refused: getsockopt: localhost/127.0.0.1:6379
2026-04-22 18:22:00.016 DEBUG [] org.hibernate.SQL - 
    /* <criteria> */ select
        te1_0.id,
        te1_0.created_at,
        te1_0.deadline_at,
        te1_0.extended_date,
        te1_0.extended_price,
        te1_0.guest_id,
        te1_0.guide_approved_at,
        te1_0.match_request_id,
        te1_0.requested_at,
        te1_0.status,
        te1_0.updated_at 
    from
        tour_extension te1_0 
    where
        te1_0.status=? 
        and te1_0.deadline_at<?
2026-04-22 18:22:00.016 TRACE [] org.hibernate.orm.jdbc.bind - binding parameter (1:ENUM) <- [REQUESTED]
2026-04-22 18:22:00.016 TRACE [] org.hibernate.orm.jdbc.bind - binding parameter (2:TIMESTAMP) <- [2026-04-22T18:22:00.015644800]
2026-04-22 18:22:26.952 INFO  [] i.l.core.protocol.ConnectionWatchdog - Reconnecting, last destination was localhost/<unresolved>:6379
2026-04-22 18:22:26.952 INFO  [] i.l.core.protocol.ConnectionWatchdog - Reconnecting, last destination was localhost/<unresolved>:6379
2026-04-22 18:22:26.952 WARN  [] i.l.core.protocol.ConnectionWatchdog - Cannot reconnect to [localhost/<unresolved>:6379]: Connection refused: getsockopt: localhost/127.0.0.1:6379
2026-04-22 18:22:26.952 WARN  [] i.l.core.protocol.ConnectionWatchdog - Cannot reconnect to [localhost/<unresolved>:6379]: Connection refused: getsockopt: localhost/127.0.0.1:6379
2026-04-22 18:22:57.047 INFO  [] i.l.core.protocol.ConnectionWatchdog - Reconnecting, last destination was localhost/<unresolved>:6379
2026-04-22 18:22:57.047 INFO  [] i.l.core.protocol.ConnectionWatchdog - Reconnecting, last destination was localhost/<unresolved>:6379
2026-04-22 18:22:57.047 WARN  [] i.l.core.protocol.ConnectionWatchdog - Cannot reconnect to [localhost/<unresolved>:6379]: Connection refused: getsockopt: localhost/127.0.0.1:6379
2026-04-22 18:22:57.047 WARN  [] i.l.core.protocol.ConnectionWatchdog - Cannot reconnect to [localhost/<unresolved>:6379]: Connection refused: getsockopt: localhost/127.0.0.1:6379
2026-04-22 18:23:00.010 DEBUG [] org.hibernate.SQL - 
    /* <criteria> */ select
        te1_0.id,
        te1_0.created_at,
        te1_0.deadline_at,
        te1_0.extended_date,
        te1_0.extended_price,
        te1_0.guest_id,
        te1_0.guide_approved_at,
        te1_0.match_request_id,
        te1_0.requested_at,
        te1_0.status,
        te1_0.updated_at 
    from
        tour_extension te1_0 
    where
        te1_0.status=? 
        and te1_0.deadline_at<?
2026-04-22 18:23:00.010 TRACE [] org.hibernate.orm.jdbc.bind - binding parameter (1:ENUM) <- [REQUESTED]
2026-04-22 18:23:00.010 TRACE [] org.hibernate.orm.jdbc.bind - binding parameter (2:TIMESTAMP) <- [2026-04-22T18:23:00.009357700]
2026-04-22 18:23:27.147 INFO  [] i.l.core.protocol.ConnectionWatchdog - Reconnecting, last destination was localhost/<unresolved>:6379
2026-04-22 18:23:27.147 INFO  [] i.l.core.protocol.ConnectionWatchdog - Reconnecting, last destination was localhost/<unresolved>:6379
2026-04-22 18:23:27.149 WARN  [] i.l.core.protocol.ConnectionWatchdog - Cannot reconnect to [localhost/<unresolved>:6379]: Connection refused: getsockopt: localhost/127.0.0.1:6379
2026-04-22 18:23:27.149 WARN  [] i.l.core.protocol.ConnectionWatchdog - Cannot reconnect to [localhost/<unresolved>:6379]: Connection refused: getsockopt: localhost/127.0.0.1:6379
2026-04-22 18:23:57.256 INFO  [] i.l.core.protocol.ConnectionWatchdog - Reconnecting, last destination was localhost/<unresolved>:6379
2026-04-22 18:23:57.256 INFO  [] i.l.core.protocol.ConnectionWatchdog - Reconnecting, last destination was localhost/<unresolved>:6379
2026-04-22 18:23:57.257 WARN  [] i.l.core.protocol.ConnectionWatchdog - Cannot reconnect to [localhost/<unresolved>:6379]: Connection refused: getsockopt: localhost/127.0.0.1:6379
2026-04-22 18:23:57.257 WARN  [] i.l.core.protocol.ConnectionWatchdog - Cannot reconnect to [localhost/<unresolved>:6379]: Connection refused: getsockopt: localhost/127.0.0.1:6379
2026-04-22 18:24:00.004 DEBUG [] org.hibernate.SQL - 
    /* <criteria> */ select
        te1_0.id,
        te1_0.created_at,
        te1_0.deadline_at,
        te1_0.extended_date,
        te1_0.extended_price,
        te1_0.guest_id,
        te1_0.guide_approved_at,
        te1_0.match_request_id,
        te1_0.requested_at,
        te1_0.status,
        te1_0.updated_at 
    from
        tour_extension te1_0 
    where
        te1_0.status=? 
        and te1_0.deadline_at<?
2026-04-22 18:24:00.004 TRACE [] org.hibernate.orm.jdbc.bind - binding parameter (1:ENUM) <- [REQUESTED]
2026-04-22 18:24:00.004 TRACE [] org.hibernate.orm.jdbc.bind - binding parameter (2:TIMESTAMP) <- [2026-04-22T18:24:00.003728300]
2026-04-22 18:24:27.358 INFO  [] i.l.core.protocol.ConnectionWatchdog - Reconnecting, last destination was localhost/<unresolved>:6379
2026-04-22 18:24:27.358 INFO  [] i.l.core.protocol.ConnectionWatchdog - Reconnecting, last destination was localhost/<unresolved>:6379
2026-04-22 18:24:27.359 WARN  [] i.l.core.protocol.ConnectionWatchdog - Cannot reconnect to [localhost/<unresolved>:6379]: Connection refused: getsockopt: localhost/127.0.0.1:6379
2026-04-22 18:24:27.359 WARN  [] i.l.core.protocol.ConnectionWatchdog - Cannot reconnect to [localhost/<unresolved>:6379]: Connection refused: getsockopt: localhost/127.0.0.1:6379
2026-04-22 18:24:57.458 INFO  [] i.l.core.protocol.ConnectionWatchdog - Reconnecting, last destination was localhost/<unresolved>:6379
2026-04-22 18:24:57.458 INFO  [] i.l.core.protocol.ConnectionWatchdog - Reconnecting, last destination was localhost/<unresolved>:6379
2026-04-22 18:24:57.458 WARN  [] i.l.core.protocol.ConnectionWatchdog - Cannot reconnect to [localhost/<unresolved>:6379]: Connection refused: getsockopt: localhost/127.0.0.1:6379
2026-04-22 18:24:57.458 WARN  [] i.l.core.protocol.ConnectionWatchdog - Cannot reconnect to [localhost/<unresolved>:6379]: Connection refused: getsockopt: localhost/127.0.0.1:6379
2026-04-22 18:25:00.011 DEBUG [] org.hibernate.SQL - 
    /* <criteria> */ select
        te1_0.id,
        te1_0.created_at,
        te1_0.deadline_at,
        te1_0.extended_date,
        te1_0.extended_price,
        te1_0.guest_id,
        te1_0.guide_approved_at,
        te1_0.match_request_id,
        te1_0.requested_at,
        te1_0.status,
        te1_0.updated_at 
    from
        tour_extension te1_0 
    where
        te1_0.status=? 
        and te1_0.deadline_at<?
2026-04-22 18:25:00.012 TRACE [] org.hibernate.orm.jdbc.bind - binding parameter (1:ENUM) <- [REQUESTED]
2026-04-22 18:25:00.012 TRACE [] org.hibernate.orm.jdbc.bind - binding parameter (2:TIMESTAMP) <- [2026-04-22T18:25:00.010865200]
2026-04-22 18:25:27.561 INFO  [] i.l.core.protocol.ConnectionWatchdog - Reconnecting, last destination was localhost/<unresolved>:6379
2026-04-22 18:25:27.561 INFO  [] i.l.core.protocol.ConnectionWatchdog - Reconnecting, last destination was localhost/<unresolved>:6379
2026-04-22 18:25:27.561 WARN  [] i.l.core.protocol.ConnectionWatchdog - Cannot reconnect to [localhost/<unresolved>:6379]: Connection refused: getsockopt: localhost/127.0.0.1:6379
2026-04-22 18:25:27.561 WARN  [] i.l.core.protocol.ConnectionWatchdog - Cannot reconnect to [localhost/<unresolved>:6379]: Connection refused: getsockopt: localhost/127.0.0.1:6379
2026-04-22 18:25:57.658 INFO  [] i.l.core.protocol.ConnectionWatchdog - Reconnecting, last destination was localhost/<unresolved>:6379
2026-04-22 18:25:57.658 INFO  [] i.l.core.protocol.ConnectionWatchdog - Reconnecting, last destination was localhost/<unresolved>:6379
2026-04-22 18:25:57.658 WARN  [] i.l.core.protocol.ConnectionWatchdog - Cannot reconnect to [localhost/<unresolved>:6379]: Connection refused: getsockopt: localhost/127.0.0.1:6379
2026-04-22 18:25:57.658 WARN  [] i.l.core.protocol.ConnectionWatchdog - Cannot reconnect to [localhost/<unresolved>:6379]: Connection refused: getsockopt: localhost/127.0.0.1:6379
2026-04-22 18:26:00.007 DEBUG [] org.hibernate.SQL - 
    /* <criteria> */ select
        te1_0.id,
        te1_0.created_at,
        te1_0.deadline_at,
        te1_0.extended_date,
        te1_0.extended_price,
        te1_0.guest_id,
        te1_0.guide_approved_at,
        te1_0.match_request_id,
        te1_0.requested_at,
        te1_0.status,
        te1_0.updated_at 
    from
        tour_extension te1_0 
    where
        te1_0.status=? 
        and te1_0.deadline_at<?
2026-04-22 18:26:00.007 TRACE [] org.hibernate.orm.jdbc.bind - binding parameter (1:ENUM) <- [REQUESTED]
2026-04-22 18:26:00.007 TRACE [] org.hibernate.orm.jdbc.bind - binding parameter (2:TIMESTAMP) <- [2026-04-22T18:26:00.006266400]
2026-04-22 18:26:27.751 INFO  [] i.l.core.protocol.ConnectionWatchdog - Reconnecting, last destination was localhost/<unresolved>:6379
2026-04-22 18:26:27.751 INFO  [] i.l.core.protocol.ConnectionWatchdog - Reconnecting, last destination was localhost/<unresolved>:6379
2026-04-22 18:26:27.752 WARN  [] i.l.core.protocol.ConnectionWatchdog - Cannot reconnect to [localhost/<unresolved>:6379]: Connection refused: getsockopt: localhost/127.0.0.1:6379
2026-04-22 18:26:27.752 WARN  [] i.l.core.protocol.ConnectionWatchdog - Cannot reconnect to [localhost/<unresolved>:6379]: Connection refused: getsockopt: localhost/127.0.0.1:6379
2026-04-22 18:26:57.848 INFO  [] i.l.core.protocol.ConnectionWatchdog - Reconnecting, last destination was localhost/<unresolved>:6379
2026-04-22 18:26:57.848 INFO  [] i.l.core.protocol.ConnectionWatchdog - Reconnecting, last destination was localhost/<unresolved>:6379
2026-04-22 18:26:57.849 WARN  [] i.l.core.protocol.ConnectionWatchdog - Cannot reconnect to [localhost/<unresolved>:6379]: Connection refused: getsockopt: localhost/127.0.0.1:6379
2026-04-22 18:26:57.849 WARN  [] i.l.core.protocol.ConnectionWatchdog - Cannot reconnect to [localhost/<unresolved>:6379]: Connection refused: getsockopt: localhost/127.0.0.1:6379
2026-04-22 18:27:00.004 DEBUG [] org.hibernate.SQL - 
    /* <criteria> */ select
        te1_0.id,
        te1_0.created_at,
        te1_0.deadline_at,
        te1_0.extended_date,
        te1_0.extended_price,
        te1_0.guest_id,
        te1_0.guide_approved_at,
        te1_0.match_request_id,
        te1_0.requested_at,
        te1_0.status,
        te1_0.updated_at 
    from
        tour_extension te1_0 
    where
        te1_0.status=? 
        and te1_0.deadline_at<?
2026-04-22 18:27:00.005 TRACE [] org.hibernate.orm.jdbc.bind - binding parameter (1:ENUM) <- [REQUESTED]
2026-04-22 18:27:00.005 TRACE [] org.hibernate.orm.jdbc.bind - binding parameter (2:TIMESTAMP) <- [2026-04-22T18:27:00.003208400]
2026-04-22 18:27:27.960 INFO  [] i.l.core.protocol.ConnectionWatchdog - Reconnecting, last destination was localhost/<unresolved>:6379
2026-04-22 18:27:27.960 INFO  [] i.l.core.protocol.ConnectionWatchdog - Reconnecting, last destination was localhost/<unresolved>:6379
2026-04-22 18:27:27.961 WARN  [] i.l.core.protocol.ConnectionWatchdog - Cannot reconnect to [localhost/<unresolved>:6379]: Connection refused: getsockopt: localhost/127.0.0.1:6379
2026-04-22 18:27:27.961 WARN  [] i.l.core.protocol.ConnectionWatchdog - Cannot reconnect to [localhost/<unresolved>:6379]: Connection refused: getsockopt: localhost/127.0.0.1:6379
2026-04-22 18:27:58.051 INFO  [] i.l.core.protocol.ConnectionWatchdog - Reconnecting, last destination was localhost/<unresolved>:6379
2026-04-22 18:27:58.051 INFO  [] i.l.core.protocol.ConnectionWatchdog - Reconnecting, last destination was localhost/<unresolved>:6379
2026-04-22 18:27:58.052 WARN  [] i.l.core.protocol.ConnectionWatchdog - Cannot reconnect to [localhost/<unresolved>:6379]: Connection refused: getsockopt: localhost/127.0.0.1:6379
2026-04-22 18:27:58.052 WARN  [] i.l.core.protocol.ConnectionWatchdog - Cannot reconnect to [localhost/<unresolved>:6379]: Connection refused: getsockopt: localhost/127.0.0.1:6379
2026-04-22 18:28:00.003 DEBUG [] org.hibernate.SQL - 
    /* <criteria> */ select
        te1_0.id,
        te1_0.created_at,
        te1_0.deadline_at,
        te1_0.extended_date,
        te1_0.extended_price,
        te1_0.guest_id,
        te1_0.guide_approved_at,
        te1_0.match_request_id,
        te1_0.requested_at,
        te1_0.status,
        te1_0.updated_at 
    from
        tour_extension te1_0 
    where
        te1_0.status=? 
        and te1_0.deadline_at<?
2026-04-22 18:28:00.003 TRACE [] org.hibernate.orm.jdbc.bind - binding parameter (1:ENUM) <- [REQUESTED]
2026-04-22 18:28:00.003 TRACE [] org.hibernate.orm.jdbc.bind - binding parameter (2:TIMESTAMP) <- [2026-04-22T18:28:00.001664200]
2026-04-22 18:28:28.160 INFO  [] i.l.core.protocol.ConnectionWatchdog - Reconnecting, last destination was localhost/<unresolved>:6379
2026-04-22 18:28:28.160 INFO  [] i.l.core.protocol.ConnectionWatchdog - Reconnecting, last destination was localhost/<unresolved>:6379
2026-04-22 18:28:28.161 WARN  [] i.l.core.protocol.ConnectionWatchdog - Cannot reconnect to [localhost/<unresolved>:6379]: Connection refused: getsockopt: localhost/127.0.0.1:6379
2026-04-22 18:28:28.161 WARN  [] i.l.core.protocol.ConnectionWatchdog - Cannot reconnect to [localhost/<unresolved>:6379]: Connection refused: getsockopt: localhost/127.0.0.1:6379
2026-04-22 18:28:58.258 INFO  [] i.l.core.protocol.ConnectionWatchdog - Reconnecting, last destination was localhost/<unresolved>:6379
2026-04-22 18:28:58.258 INFO  [] i.l.core.protocol.ConnectionWatchdog - Reconnecting, last destination was localhost/<unresolved>:6379
2026-04-22 18:28:58.259 WARN  [] i.l.core.protocol.ConnectionWatchdog - Cannot reconnect to [localhost/<unresolved>:6379]: Connection refused: getsockopt: localhost/127.0.0.1:6379
2026-04-22 18:28:58.259 WARN  [] i.l.core.protocol.ConnectionWatchdog - Cannot reconnect to [localhost/<unresolved>:6379]: Connection refused: getsockopt: localhost/127.0.0.1:6379
2026-04-22 18:29:00.003 DEBUG [] org.hibernate.SQL - 
    /* <criteria> */ select
        te1_0.id,
        te1_0.created_at,
        te1_0.deadline_at,
        te1_0.extended_date,
        te1_0.extended_price,
        te1_0.guest_id,
        te1_0.guide_approved_at,
        te1_0.match_request_id,
        te1_0.requested_at,
        te1_0.status,
        te1_0.updated_at 
    from
        tour_extension te1_0 
    where
        te1_0.status=? 
        and te1_0.deadline_at<?
2026-04-22 18:29:00.004 TRACE [] org.hibernate.orm.jdbc.bind - binding parameter (1:ENUM) <- [REQUESTED]
2026-04-22 18:29:00.004 TRACE [] org.hibernate.orm.jdbc.bind - binding parameter (2:TIMESTAMP) <- [2026-04-22T18:29:00.002171700]
2026-04-22 18:29:28.348 INFO  [] i.l.core.protocol.ConnectionWatchdog - Reconnecting, last destination was localhost/<unresolved>:6379
2026-04-22 18:29:28.348 INFO  [] i.l.core.protocol.ConnectionWatchdog - Reconnecting, last destination was localhost/<unresolved>:6379
2026-04-22 18:29:28.349 WARN  [] i.l.core.protocol.ConnectionWatchdog - Cannot reconnect to [localhost/<unresolved>:6379]: Connection refused: getsockopt: localhost/127.0.0.1:6379
2026-04-22 18:29:28.349 WARN  [] i.l.core.protocol.ConnectionWatchdog - Cannot reconnect to [localhost/<unresolved>:6379]: Connection refused: getsockopt: localhost/127.0.0.1:6379
2026-04-22 18:29:58.450 INFO  [] i.l.core.protocol.ConnectionWatchdog - Reconnecting, last destination was localhost/<unresolved>:6379
2026-04-22 18:29:58.450 INFO  [] i.l.core.protocol.ConnectionWatchdog - Reconnecting, last destination was localhost/<unresolved>:6379
2026-04-22 18:29:58.451 WARN  [] i.l.core.protocol.ConnectionWatchdog - Cannot reconnect to [localhost/<unresolved>:6379]: Connection refused: getsockopt: localhost/127.0.0.1:6379
2026-04-22 18:29:58.451 WARN  [] i.l.core.protocol.ConnectionWatchdog - Cannot reconnect to [localhost/<unresolved>:6379]: Connection refused: getsockopt: localhost/127.0.0.1:6379
2026-04-22 18:30:00.011 DEBUG [] org.hibernate.SQL - 
    /* <criteria> */ select
        te1_0.id,
        te1_0.created_at,
        te1_0.deadline_at,
        te1_0.extended_date,
        te1_0.extended_price,
        te1_0.guest_id,
        te1_0.guide_approved_at,
        te1_0.match_request_id,
        te1_0.requested_at,
        te1_0.status,
        te1_0.updated_at 
    from
        tour_extension te1_0 
    where
        te1_0.status=? 
        and te1_0.deadline_at<?
2026-04-22 18:30:00.011 TRACE [] org.hibernate.orm.jdbc.bind - binding parameter (1:ENUM) <- [REQUESTED]
2026-04-22 18:30:00.011 TRACE [] org.hibernate.orm.jdbc.bind - binding parameter (2:TIMESTAMP) <- [2026-04-22T18:30:00.010300200]
2026-04-22 18:30:06.140 INFO  [] o.s.b.w.e.tomcat.GracefulShutdown - Commencing graceful shutdown. Waiting for active requests to complete
2026-04-22 18:30:28.552 INFO  [] i.l.core.protocol.ConnectionWatchdog - Reconnecting, last destination was localhost/<unresolved>:6379
2026-04-22 18:30:28.552 WARN  [] i.l.core.protocol.ConnectionWatchdog - Cannot reconnect to [localhost/<unresolved>:6379]: Connection refused: getsockopt: localhost/127.0.0.1:6379
2026-04-22 18:30:36.282 INFO  [] o.s.c.s.DefaultLifecycleProcessor - Shutdown phase 2147482623 ends with 1 bean still running after timeout of 30000ms: [webServerGracefulShutdown]
2026-04-22 18:30:36.294 WARN  [] c.t.m.c.g.e.GlobalExceptionHandler - Response already committed. Ignoring: org.springframework.web.context.request.async.AsyncRequestTimeoutException
2026-04-22 18:30:36.312 INFO  [] o.s.b.w.e.tomcat.GracefulShutdown - Graceful shutdown aborted with one or more requests still active
2026-04-22 18:30:36.406 INFO  [] o.s.m.s.b.SimpleBrokerMessageHandler - Stopping...
2026-04-22 18:30:36.406 INFO  [] o.s.m.s.b.SimpleBrokerMessageHandler - BrokerAvailabilityEvent[available=false, SimpleBrokerMessageHandler [org.springframework.messaging.simp.broker.DefaultSubscriptionRegistry@225be644]]
2026-04-22 18:30:36.406 INFO  [] o.s.m.s.b.SimpleBrokerMessageHandler - Stopped.
2026-04-22 18:30:36.417 INFO  [] o.s.o.j.LocalContainerEntityManagerFactoryBean - Closing JPA EntityManagerFactory for persistence unit 'default'
2026-04-22 18:30:36.418 INFO  [] com.zaxxer.hikari.HikariDataSource - HikariPool-1 - Shutdown initiated...
2026-04-22 18:30:36.422 INFO  [] com.zaxxer.hikari.HikariDataSource - HikariPool-1 - Shutdown completed.
